event_id,event_year,structure_type,material,location,corrosion_environment,age_at_event_years,corrosion_rate_mm_yr,failure_mode,severity,replacement_value_USD,repair_cost_USD,loss_ratio,detected_by,was_predicted,warning_lead_months,insurance_claim_filed,regulatory_action,severity_num,severity_loss_score,repair_impact_score,failure_cost_ratio,prediction_gap,failure_risk_score
FE-00001,2014,Pipeline,FRP Composite,Industrial Michigan,Moderate,22,0.0865,Fatigue crack,Minor,475093.0,27378.0,0.0576,Sensor alert,0,0,1,0,1,0.0576,1576.9728,0.057626612052798086,1.0,0.0865
FE-00002,2022,Pipeline,Stainless Steel 316L,Rural South,Mild,43,0.007,Buckling,Catastrophic,2766322.0,3998388.0,1.4454,Public report,0,0,1,0,4,5.7816,5779270.0152,1.4453805449980155,4.0,0.028
FE-00003,2018,Building,Steel (A514 HY),Industrial Michigan,Moderate,31,0.0673,Fatigue crack,Major,3105402.0,1144422.0,0.3685,Emergency,0,0,1,1,3,1.1055,421719.507,0.3685262004725958,3.0,0.2019
FE-00004,2023,Bridge,Reinforced Concrete,Coastal Carolina,Severe,39,0.0892,Corrosion,Major,3581022.0,1844080.0,0.515,Routine inspection,0,0,1,0,3,1.545,949701.2000000001,0.5149591373635795,3.0,0.2676
FE-00005,2019,Bridge,Reinforced Concrete,Urban West,Mild,68,0.0553,Brittle fracture,Major,1202428.0,801472.0,0.6665,Routine inspection,0,0,1,1,3,1.9994999999999998,534181.088,0.6665446912413883,3.0,0.1659
FE-00006,2008,Bridge,Reinforced Concrete,Coastal Florida,Severe,32,0.144,Overload,Moderate,2305782.0,517342.0,0.2244,Load test,0,0,1,0,2,0.4488,116091.54479999999,0.22436726455493192,2.0,0.288
FE-00007,2008,Building,Steel (A36),Coastal Carolina,Severe,46,0.1022,Fatigue crack,Moderate,307661.0,32429.0,0.1054,Public report,0,0,0,0,2,0.2108,3418.0166,0.1054049749562018,2.0,0.2044
FE-00008,2013,Bridge,Steel (A36),Rural Mountain,Mild,34,0.0235,Buckling,Major,902185.0,645029.0,0.715,Sensor alert,0,0,0,1,3,2.145,461195.735,0.7149631173207269,3.0,0.07050000000000001
FE-00009,2020,Power Plant,Steel (A514 HY),Industrial Ohio,Moderate,65,0.0636,Corrosion,Moderate,262542.0,50094.0,0.1908,Sensor alert,1,17,1,0,2,0.3816,9557.9352,0.19080375711314762,0.1111111111111111,0.1272
FE-00010,2005,Bridge,Reinforced Concrete,Coastal Florida,Severe,61,0.0931,Settlement,Moderate,750375.0,127788.0,0.1703,Sensor alert,0,0,0,0,2,0.3406,21762.2964,0.17029885057471264,2.0,0.1862
FE-00011,2023,Pipeline,Steel (A36),Pacific Northwest,Mild,30,0.0462,Brittle fracture,Minor,909386.0,44208.0,0.0486,Routine inspection,0,0,0,0,1,0.0486,2148.5088,0.048613020213638655,1.0,0.0462
FE-00012,2021,Bridge,Steel (A36),Rural South,Mild,52,0.0332,Fatigue crack,Catastrophic,2373004.0,3018091.0,1.2718,Sensor alert,0,0,1,0,4,5.0872,3838408.1338,1.2718440424036368,4.0,0.1328
FE-00013,2013,Building,Reinforced Concrete,Rural Midwest,Mild,55,0.0347,Corrosion,Catastrophic,2108117.0,2740437.0,1.2999,Load test,0,0,1,1,4,5.1996,3562294.0563000003,1.2999454015123448,4.0,0.1388
FE-00014,2018,Bridge,Steel (A588 Weathering),Desert Southwest,Mild,37,0.0093,Overload,Major,1772703.0,466059.0,0.2629,Routine inspection,1,19,0,0,3,0.7887000000000001,122526.91110000001,0.26290867674957397,0.15,0.027899999999999998
FE-00015,2012,Power Plant,Aluminium Alloy,Urban Northeast,Moderate,19,0.0423,Corrosion,Moderate,215987.0,32655.0,0.1512,Emergency,0,0,0,0,2,0.3024,4937.436,0.1511896549329358,2.0,0.0846
FE-00016,2021,Building,Reinforced Concrete,Urban Northeast,Moderate,54,0.0371,Brittle fracture,Minor,1179328.0,38666.0,0.0328,Routine inspection,0,0,1,0,1,0.0328,1268.2448000000002,0.03278646822597276,1.0,0.0371
FE-00017,2014,Bridge,Prestressed Concrete,Pacific Northwest,Mild,54,0.0341,Fatigue crack,Catastrophic,2565902.0,1461227.0,0.5695,Routine inspection,0,0,0,1,4,2.278,832168.7765,0.569478881110814,4.0,0.1364
FE-00018,2022,Power Plant,Steel (A36),Urban Midwest,Moderate,32,0.063,Settlement,Moderate,658025.0,142987.0,0.2173,Sensor alert,0,0,1,0,2,0.4346,31071.0751,0.21729721515140002,2.0,0.126
FE-00019,2022,Pipeline,Steel (A588 Weathering),Coastal Texas,Severe,57,0.0643,Buckling,Minor,8879237.0,487798.0,0.0549,Routine inspection,0,0,0,0,1,0.0549,26780.1102,0.05493692757609691,1.0,0.0643
FE-00020,2018,Building,Prestressed Concrete,Coastal Texas,Severe,45,0.0923,Corrosion,Moderate,8859573.0,1077631.0,0.1216,Sensor alert,0,0,1,0,2,0.2432,131039.9296,0.12163464311429005,2.0,0.1846
FE-00021,2022,Pipeline,Steel (A588 Weathering),Industrial Ohio,Moderate,38,0.0286,Overload,Minor,7287924.0,320407.0,0.044,Routine inspection,0,0,1,0,1,0.044,14097.908,0.04396409732044407,1.0,0.0286
FE-00022,2020,Bridge,Prestressed Concrete,Coastal Florida,Severe,67,0.1335,Brittle fracture,Minor,10020892.0,638809.0,0.0637,Routine inspection,0,0,1,0,1,0.0637,40692.1333,0.06374771826699659,1.0,0.1335
FE-00023,2018,Pipeline,Steel (A36),Rural Midwest,Mild,42,0.0433,Corrosion,Moderate,650029.0,167870.0,0.2582,Public report,0,0,0,0,2,0.5164,43344.034,0.2582500165377237,2.0,0.0866
FE-00024,2017,Bridge,Reinforced Concrete,Coastal Texas,Severe,73,0.0818,Fatigue crack,Moderate,405805.0,59721.0,0.1472,Routine inspection,1,20,1,0,2,0.2944,8790.931199999999,0.14716674264733062,0.09523809523809523,0.1636
FE-00025,2017,Bridge,Reinforced Concrete,Rural South,Mild,50,0.0463,Corrosion,Minor,2101163.0,56621.0,0.0269,Routine inspection,0,0,1,0,1,0.0269,1523.1049,0.026947457193944497,1.0,0.0463
FE-00026,2009,Bridge,Steel (A36),Rural South,Mild,34,0.0222,Corrosion,Moderate,372395.0,95528.0,0.2565,Routine inspection,1,23,1,0,2,0.513,24502.932,0.25652331529692934,0.08333333333333333,0.0444
FE-00027,2021,Pipeline,Reinforced Concrete,Urban West,Mild,26,0.0249,Buckling,Catastrophic,421868.0,307232.0,0.7283,Emergency,0,0,1,0,4,2.9132,223757.06559999997,0.728265713445912,4.0,0.0996
FE-00028,2010,Bridge,Prestressed Concrete,Pacific Northwest,Mild,79,0.0411,Overload,Moderate,2312369.0,518647.0,0.2243,Routine inspection,0,0,1,0,2,0.4486,116332.5221,0.2242924896502245,2.0,0.0822
FE-00029,2005,Bridge,Steel (A514 HY),Coastal Carolina,Severe,52,0.0832,Corrosion,Minor,1997478.0,60619.0,0.0303,Sensor alert,0,0,1,0,1,0.0303,1836.7557,0.030347768536124052,1.0,0.0832
FE-00030,2022,Pipeline,Steel (A514 HY),Coastal California,Moderate,57,0.0672,Brittle fracture,Moderate,1570922.0,443154.0,0.2821,Routine inspection,1,9,1,0,2,0.5642,125013.7434,0.28209802905554826,0.2,0.1344
FE-00031,2022,Bridge,Reinforced Concrete,Industrial Michigan,Moderate,49,0.0696,Corrosion,Minor,648769.0,23031.0,0.0355,Routine inspection,0,0,1,0,1,0.0355,817.6004999999999,0.03549953835648744,1.0,0.0696
FE-00032,2009,Power Plant,Reinforced Concrete,Rural Midwest,Mild,40,0.0172,Corrosion,Moderate,658775.0,153468.0,0.233,Emergency,0,0,1,0,2,0.466,35758.044,0.23295965997495352,2.0,0.0344
FE-00033,2014,Pipeline,Aluminium Alloy,Coastal Texas,Severe,59,0.0465,Brittle fracture,Moderate,460674.0,100718.0,0.2186,Routine inspection,1,25,1,0,2,0.4372,22016.9548,0.21863183075233245,0.07692307692307693,0.093
FE-00034,2019,Bridge,Prestressed Concrete,Coastal California,Moderate,64,0.0546,Fatigue crack,Minor,837966.0,60962.0,0.0727,Public report,0,0,0,0,1,0.0727,4431.9374,0.07274996837580522,1.0,0.0546
FE-00035,2014,Bridge,Prestressed Concrete,Industrial Ohio,Moderate,29,0.0649,Fatigue crack,Minor,9279060.0,339236.0,0.0366,Sensor alert,0,0,0,0,1,0.0366,12416.0376,0.036559306653906755,1.0,0.0649
FE-00036,2017,Pipeline,Composite Steel-Concrete,Coastal Florida,Severe,54,0.0766,Corrosion,Major,2340747.0,666625.0,0.2848,Emergency,0,0,0,1,3,0.8544,189854.8,0.2847915644023041,3.0,0.2298
FE-00037,2022,Building,Steel (A36),Coastal Texas,Severe,23,0.1309,Brittle fracture,Minor,2221342.0,164455.0,0.074,Sensor alert,0,0,1,0,1,0.074,12169.67,0.07403407489706673,1.0,0.1309
FE-00038,2016,Bridge,Steel (A36),Desert Southwest,Mild,28,0.0241,Overload,Minor,1939438.0,84838.0,0.0437,Public report,0,0,0,0,1,0.0437,3707.4206000000004,0.043743599950088634,1.0,0.0241
FE-00039,2017,Building,Cast Iron,Rural Mountain,Mild,17,0.0184,Fatigue crack,Catastrophic,670753.0,912338.0,1.3602,Routine inspection,0,0,1,1,4,5.4408,1240962.1476,1.360169838972021,4.0,0.0736
FE-00040,2008,Pipeline,Prestressed Concrete,Coastal California,Moderate,53,0.0562,Overload,Moderate,2493762.0,365263.0,0.1465,Routine inspection,1,25,1,0,2,0.293,53511.0295,0.14647067362482868,0.07692307692307693,0.1124
FE-00041,2009,Building,Prestressed Concrete,Urban Midwest,Moderate,40,0.0293,Brittle fracture,Minor,1806931.0,100797.0,0.0558,Routine inspection,0,0,1,0,1,0.0558,5624.4726,0.05578353572991996,1.0,0.0293
FE-00042,2021,Bridge,Steel (A36),Urban West,Mild,62,0.0562,Overload,Minor,1972727.0,146031.0,0.074,Sensor alert,1,42,0,0,1,0.074,10806.294,0.07402494110943886,0.023255813953488372,0.0562
FE-00043,2023,Bridge,Steel (A514 HY),Industrial Ohio,Moderate,27,0.0824,Corrosion,Major,571322.0,177157.0,0.3101,Emergency,1,29,0,1,3,0.9302999999999999,54936.3857,0.3100825804012448,0.1,0.2472
FE-00044,2019,Bridge,Prestressed Concrete,Coastal Carolina,Severe,55,0.1105,Corrosion,Major,849312.0,357250.0,0.4206,Emergency,0,0,0,0,3,1.2618,150259.34999999998,0.4206345842281753,3.0,0.3315
FE-00045,2008,Power Plant,Prestressed Concrete,Rural Mountain,Mild,31,0.0142,Creep,Moderate,2806274.0,562710.0,0.2005,Routine inspection,1,52,1,0,2,0.401,112823.35500000001,0.20051855235803773,0.03773584905660377,0.0284
FE-00046,2019,Building,Prestressed Concrete,Urban West,Mild,62,0.0308,Overload,Major,365029.0,198032.0,0.5425,Routine inspection,0,0,1,0,3,1.6275,107432.36,0.5425103210977757,3.0,0.09240000000000001
FE-00047,2021,Building,Prestressed Concrete,Rural Mountain,Mild,40,0.0131,Fatigue crack,Major,2485214.0,673364.0,0.2709,Routine inspection,1,13,0,0,3,0.8127,182414.30759999997,0.27094809541552556,0.21428571428571427,0.0393
FE-00048,2020,Bridge,Reinforced Concrete,Pacific Northwest,Mild,75,0.0477,Creep,Major,191938.0,137824.0,0.7181,Public report,0,0,1,1,3,2.1543,98971.4144,0.7180652085569298,3.0,0.1431
FE-00049,2007,Building,Composite Steel-Concrete,Coastal Texas,Severe,25,0.1235,Brittle fracture,Minor,362304.0,24711.0,0.0682,Routine inspection,0,0,1,0,1,0.0682,1685.2902,0.06820515368309486,1.0,0.1235
FE-00050,2016,Pipeline,Steel (A588 Weathering),Urban West,Mild,66,0.0266,Corrosion,Catastrophic,597449.0,451275.0,0.7553,Public report,1,1,1,1,4,3.0212,340848.0075,0.7553364387587894,2.0,0.1064
FE-00051,2020,Bridge,Timber,Industrial New Jersey,Moderate,41,0.0577,Brittle fracture,Minor,402730.0,21426.0,0.0532,Load test,0,0,1,0,1,0.0532,1139.8632,0.053201897052615896,1.0,0.0577
FE-00052,2023,Power Plant,Steel (A36),Industrial Ohio,Moderate,79,0.0875,Fatigue crack,Moderate,3632202.0,375377.0,0.1033,Sensor alert,0,0,1,0,2,0.2066,38776.4441,0.1033469504174052,2.0,0.175
FE-00053,2011,Bridge,Reinforced Concrete,Coastal California,Moderate,48,0.0535,Erosion,Catastrophic,1938203.0,1843015.0,0.9509,Emergency,1,11,1,1,4,3.8036,1752522.9634999998,0.9508885292201075,0.3333333333333333,0.214
FE-00054,2006,Building,Steel (A36),Urban Midwest,Moderate,58,0.0571,Fatigue crack,Catastrophic,713534.0,779041.0,1.0918,Public report,0,0,0,1,4,4.3672,850556.9638,1.091806417073328,4.0,0.2284
FE-00055,2008,Bridge,Steel (A36),Rural South,Mild,57,0.0434,Corrosion,Minor,3507712.0,102572.0,0.0292,Sensor alert,0,0,0,0,1,0.0292,2995.1024,0.02924185337906875,1.0,0.0434
FE-00056,2014,Bridge,Prestressed Concrete,Urban Midwest,Moderate,49,0.0276,Overload,Major,1197257.0,478102.0,0.3993,Emergency,0,0,1,1,3,1.1979,190906.1286,0.39933113775906093,3.0,0.0828
FE-00057,2016,Bridge,Timber,Pacific Northwest,Mild,49,0.0265,Fatigue crack,Moderate,9322112.0,1756948.0,0.1885,Routine inspection,0,0,1,0,2,0.377,331184.698,0.18847102459185214,2.0,0.053
FE-00058,2010,Bridge,Steel (A36),Urban West,Mild,20,0.0562,Overload,Moderate,761754.0,132284.0,0.1737,Routine inspection,0,0,1,0,2,0.3474,22977.730799999998,0.17365711240111636,2.0,0.1124
FE-00059,2008,Bridge,Reinforced Concrete,Industrial Ohio,Moderate,48,0.0571,Brittle fracture,Major,641318.0,431065.0,0.6722,Public report,0,0,1,0,3,2.0166,289761.893,0.6721548436189223,3.0,0.1713
FE-00060,2017,Bridge,Steel (A588 Weathering),Industrial Ohio,Moderate,26,0.0339,Buckling,Moderate,522000.0,132636.0,0.2541,Load test,0,0,1,0,2,0.5082,33702.8076,0.2540919540229885,2.0,0.0678
FE-00061,2018,Pipeline,Reinforced Concrete,Urban Northeast,Moderate,21,0.074,Fatigue crack,Major,568269.0,350362.0,0.6165,Routine inspection,1,7,0,1,3,1.8495000000000001,215998.173,0.6165425177160816,0.375,0.22199999999999998
FE-00062,2023,Bridge,Reinforced Concrete,Desert Southwest,Mild,48,0.0296,Fatigue crack,Moderate,968838.0,152712.0,0.1576,Routine inspection,1,6,1,0,2,0.3152,24067.4112,0.15762387519894966,0.2857142857142857,0.0592
FE-00063,2009,Bridge,Reinforced Concrete,Urban Midwest,Moderate,51,0.0467,Settlement,Moderate,3682651.0,812604.0,0.2207,Sensor alert,0,0,1,0,2,0.4414,179341.7028,0.22065734711217544,2.0,0.0934
FE-00064,2009,Bridge,Reinforced Concrete,Rural Mountain,Mild,49,0.0209,Corrosion,Moderate,538766.0,93065.0,0.1727,Routine inspection,1,71,1,0,2,0.3454,16072.325499999999,0.17273732937861705,0.027777777777777776,0.0418
FE-00065,2005,Bridge,Prestressed Concrete,Rural Mountain,Mild,55,0.0102,Fatigue crack,Minor,707842.0,32707.0,0.0462,Routine inspection,0,0,0,0,1,0.0462,1511.0634,0.0462066393347668,1.0,0.0102
FE-00066,2022,Bridge,Steel (A36),Pacific Northwest,Mild,32,0.0266,Fatigue crack,Moderate,3726461.0,471032.0,0.1264,Sensor alert,1,46,1,0,2,0.2528,59538.444800000005,0.12640196690640262,0.0425531914893617,0.0532
FE-00067,2008,Bridge,Steel (A36),Industrial Michigan,Moderate,44,0.0613,Fatigue crack,Minor,3026580.0,103216.0,0.0341,Public report,0,0,1,0,1,0.0341,3519.6656,0.03410317916592325,1.0,0.0613
FE-00068,2015,Power Plant,Steel (A36),Industrial New Jersey,Moderate,44,0.0514,Buckling,Moderate,4196800.0,505914.0,0.1205,Emergency,1,7,1,0,2,0.241,60962.636999999995,0.12054756004574914,0.25,0.1028
FE-00069,2021,Power Plant,Steel (A588 Weathering),Coastal Carolina,Severe,26,0.0574,Fatigue crack,Catastrophic,3004848.0,4137287.0,1.3769,Emergency,0,0,1,0,4,5.5076,5696630.4703,1.376870643706437,4.0,0.2296
FE-00070,2017,Pipeline,Prestressed Concrete,Rural Mountain,Mild,42,0.0277,Brittle fracture,Moderate,1483799.0,275957.0,0.186,Sensor alert,0,0,1,0,2,0.372,51328.002,0.18598004177115635,2.0,0.0554
FE-00071,2007,Bridge,Steel (A588 Weathering),Coastal Carolina,Severe,43,0.025,Erosion,Minor,1468365.0,70261.0,0.0478,Routine inspection,1,1,1,0,1,0.0478,3358.4758,0.047849819356903765,0.5,0.025
FE-00072,2017,Power Plant,Steel (A36),Desert Southwest,Mild,38,0.0211,Fatigue crack,Moderate,6580933.0,957669.0,0.1455,Load test,0,0,0,0,2,0.291,139340.8395,0.14552176720231005,2.0,0.0422
FE-00073,2019,Bridge,Steel (A36),Coastal Carolina,Severe,36,0.0802,Fatigue crack,Moderate,1274104.0,230573.0,0.181,Sensor alert,1,29,1,0,2,0.362,41733.712999999996,0.1809687435248614,0.06666666666666667,0.1604
FE-00074,2021,Pipeline,Steel (A36),Urban Northeast,Moderate,40,0.0434,Fatigue crack,Major,85761.0,43799.0,0.5107,Routine inspection,0,0,0,0,3,1.5321000000000002,22368.1493,0.5107099963853033,3.0,0.1302
FE-00075,2014,Bridge,Prestressed Concrete,Rural Mountain,Mild,58,0.0275,Fatigue crack,Catastrophic,154010.0,204060.0,1.325,Sensor alert,1,8,1,1,4,5.3,270379.5,1.32497889747419,0.4444444444444444,0.11
FE-00076,2021,Building,Reinforced Concrete,Rural Midwest,Mild,35,0.0172,Overload,Minor,3716249.0,192871.0,0.0519,Sensor alert,0,0,1,0,1,0.0519,10010.0049,0.05189937488042378,1.0,0.0172
FE-00077,2021,Power Plant,Steel (A36),Coastal Texas,Severe,47,0.0599,Fatigue crack,Minor,173083.0,10651.0,0.0615,Routine inspection,0,0,1,0,1,0.0615,655.0365,0.061536950480405354,1.0,0.0599
FE-00078,2020,Building,Prestressed Concrete,Urban Midwest,Moderate,33,0.0287,Buckling,Minor,8838142.0,284183.0,0.0322,Emergency,1,10,1,0,1,0.0322,9150.6926,0.032154156382642414,0.09090909090909091,0.0287
FE-00079,2007,Bridge,Steel (A588 Weathering),Desert Southwest,Mild,83,0.007,Brittle fracture,Catastrophic,2074135.0,1974786.0,0.9521,Routine inspection,1,4,1,1,4,3.8084,1880193.7506,0.9521009963189474,0.8,0.028
FE-00080,2009,Building,Steel (A36),Urban West,Mild,66,0.06,Corrosion,Major,321927.0,187887.0,0.5836,Emergency,0,0,0,1,3,1.7508,109650.8532,0.5836323141581787,3.0,0.18
FE-00081,2022,Bridge,Cast Iron,Industrial Michigan,Moderate,47,0.0877,Brittle fracture,Major,3980978.0,2078875.0,0.5222,Sensor alert,0,0,1,0,3,1.5666,1085588.525,0.5222020820009555,3.0,0.2631
FE-00082,2011,Pipeline,Composite Steel-Concrete,Pacific Northwest,Mild,47,0.0588,Buckling,Major,1286254.0,383794.0,0.2984,Emergency,0,0,1,1,3,0.8952,114524.1296,0.29838119065130214,3.0,0.1764
FE-00083,2016,Bridge,Prestressed Concrete,Industrial Michigan,Moderate,30,0.0683,Brittle fracture,Minor,1636135.0,103662.0,0.0634,Routine inspection,0,0,1,0,1,0.0634,6572.1708,0.06335785249994652,1.0,0.0683
FE-00084,2009,Pipeline,Prestressed Concrete,Coastal Florida,Severe,41,0.062,Fatigue crack,Moderate,396246.0,102349.0,0.2583,Routine inspection,1,11,1,0,2,0.5166,26436.746699999996,0.2582966137197599,0.16666666666666666,0.124
FE-00085,2017,Bridge,Timber,Industrial Michigan,Moderate,65,0.088,Corrosion,Minor,3096040.0,144151.0,0.0466,Routine inspection,1,21,1,0,1,0.0466,6717.4366,0.04655979896900557,0.045454545454545456,0.088
FE-00086,2013,Pipeline,Prestressed Concrete,Urban Northeast,Moderate,39,0.0709,Erosion,Catastrophic,1143229.0,964004.0,0.8432,Routine inspection,1,0,1,1,4,3.3728,812848.1728,0.8432291343204205,4.0,0.2836
FE-00087,2021,Pipeline,Composite Steel-Concrete,Rural South,Mild,21,0.0518,Overload,Moderate,488691.0,75811.0,0.1551,Sensor alert,0,0,1,0,2,0.3102,11758.2861,0.15513074724109918,2.0,0.1036
FE-00088,2011,Bridge,Steel (A588 Weathering),Coastal Carolina,Severe,61,0.0214,Fatigue crack,Catastrophic,624557.0,513362.0,0.822,Public report,0,0,0,1,4,3.288,421983.56399999995,0.8219618065284674,4.0,0.0856
FE-00089,2017,Power Plant,Prestressed Concrete,Industrial Michigan,Moderate,14,0.0822,Corrosion,Moderate,1573711.0,250987.0,0.1595,Routine inspection,0,0,0,0,2,0.319,40032.4265,0.1594873518708327,2.0,0.1644
FE-00090,2015,Bridge,Cast Iron,Urban West,Mild,49,0.0467,Corrosion,Major,3583624.0,1700274.0,0.4745,Routine inspection,1,5,1,1,3,1.4235,806780.0129999999,0.47445658361479887,0.5,0.1401
FE-00091,2009,Power Plant,Steel (A514 HY),Coastal California,Moderate,40,0.0416,Corrosion,Major,992707.0,670659.0,0.6756,Sensor alert,1,8,1,1,3,2.0267999999999997,453097.2204,0.6755860490557637,0.3333333333333333,0.1248
FE-00092,2005,Bridge,Steel (A36),Coastal Carolina,Severe,81,0.0459,Corrosion,Major,1411241.0,391485.0,0.2774,Routine inspection,1,5,1,1,3,0.8321999999999999,108597.939,0.2774047806150757,0.5,0.13770000000000002
FE-00093,2022,Pipeline,Prestressed Concrete,Urban Midwest,Moderate,35,0.0402,Erosion,Minor,294821.0,15112.0,0.0513,Routine inspection,0,0,1,0,1,0.0513,775.2456,0.05125822109008517,1.0,0.0402
FE-00094,2012,Pipeline,Reinforced Concrete,Urban Midwest,Moderate,68,0.0555,Fatigue crack,Moderate,6785639.0,1495433.0,0.2204,Routine inspection,0,0,1,0,2,0.4408,329593.4332,0.2203820450807949,2.0,0.111
FE-00095,2010,Bridge,Reinforced Concrete,Desert Southwest,Mild,59,0.0249,Corrosion,Catastrophic,2961612.0,2578245.0,0.8706,Routine inspection,1,9,1,1,4,3.4824,2244620.097,0.8705546168775653,0.4,0.0996
FE-00096,2009,Power Plant,Timber,Coastal Florida,Severe,52,0.1347,Settlement,Minor,298300.0,15922.0,0.0534,Emergency,0,0,0,0,1,0.0534,850.2348000000001,0.05337579617834395,1.0,0.1347
FE-00097,2019,Building,FRP Composite,Urban West,Mild,48,0.0315,Settlement,Minor,456901.0,13169.0,0.0288,Emergency,0,0,1,0,1,0.0288,379.2672,0.028822436370242132,1.0,0.0315
FE-00098,2009,Bridge,Stainless Steel 316L,Rural South,Mild,72,0.0048,Corrosion,Catastrophic,8363491.0,10219820.0,1.222,Load test,0,0,0,1,4,4.888,12488620.04,1.221956238130704,4.0,0.0192
FE-00099,2013,Bridge,Prestressed Concrete,Coastal Carolina,Severe,17,0.0441,Corrosion,Major,4092383.0,1511098.0,0.3692,Sensor alert,0,0,0,0,3,1.1076,557897.3816,0.3692464757086519,3.0,0.1323
FE-00100,2023,Bridge,Steel (A514 HY),Desert Southwest,Mild,51,0.0273,Overload,Major,2357151.0,1220860.0,0.5179,Routine inspection,1,28,0,0,3,1.5537,632283.3940000001,0.5179388168174207,0.10344827586206896,0.0819
FE-00101,2013,Bridge,Steel (A36),Coastal Florida,Severe,38,0.107,Corrosion,Moderate,655154.0,85425.0,0.1304,Emergency,0,0,0,0,2,0.2608,11139.419999999998,0.13038919093831375,2.0,0.214
FE-00102,2022,Bridge,Composite Steel-Concrete,Coastal California,Moderate,30,0.0493,Settlement,Minor,1883122.0,64701.0,0.0344,Emergency,1,17,1,0,1,0.0344,2225.7144,0.03435836870898434,0.05555555555555555,0.0493
FE-00103,2007,Bridge,Steel (A36),Coastal Carolina,Severe,41,0.1035,Corrosion,Moderate,305850.0,47463.0,0.1552,Routine inspection,0,0,0,0,2,0.3104,7366.2576,0.15518391368317802,2.0,0.207
FE-00104,2022,Bridge,Reinforced Concrete,Coastal Texas,Severe,62,0.0548,Fatigue crack,Major,1304024.0,503738.0,0.3863,Emergency,0,0,1,0,3,1.1589,194593.9894,0.38629503751464694,3.0,0.1644
FE-00105,2006,Bridge,Steel (A514 HY),Coastal Texas,Severe,52,0.0624,Fatigue crack,Major,221375.0,144075.0,0.6508,Public report,0,0,1,1,3,1.9524000000000001,93764.01000000001,0.6508187464709204,3.0,0.18719999999999998
FE-00106,2023,Building,Steel (A36),Urban West,Mild,57,0.0312,Creep,Minor,3865205.0,232964.0,0.0603,Load test,0,0,1,0,1,0.0603,14047.7292,0.06027209423562269,1.0,0.0312
FE-00107,2020,Pipeline,Steel (A514 HY),Urban West,Mild,80,0.0456,Fatigue crack,Minor,856935.0,39492.0,0.0461,Routine inspection,1,0,0,0,1,0.0461,1820.5812,0.04608517565509636,1.0,0.0456
FE-00108,2010,Pipeline,Reinforced Concrete,Urban West,Mild,56,0.0243,Corrosion,Moderate,393095.0,105990.0,0.2696,Sensor alert,0,0,1,0,2,0.5392,28574.904000000002,0.26962947887915134,2.0,0.0486
FE-00109,2023,Bridge,Prestressed Concrete,Urban Midwest,Moderate,23,0.0731,Fatigue crack,Moderate,751082.0,136436.0,0.1817,Sensor alert,0,0,1,0,2,0.3634,24790.4212,0.18165260251210918,2.0,0.1462
FE-00110,2016,Bridge,Steel (A514 HY),Urban Midwest,Moderate,54,0.0251,Fatigue crack,Minor,1151304.0,44001.0,0.0382,Sensor alert,0,0,1,0,1,0.0382,1680.8382,0.03821840278501595,1.0,0.0251
FE-00111,2019,Bridge,Cast Iron,Urban Northeast,Moderate,18,0.05,Brittle fracture,Catastrophic,2580160.0,1682470.0,0.6521,Public report,0,0,1,1,4,2.6084,1097138.687,0.6520797159866055,4.0,0.2
FE-00112,2007,Building,Composite Steel-Concrete,Coastal California,Moderate,55,0.0434,Brittle fracture,Minor,310107.0,14415.0,0.0465,Routine inspection,0,0,1,0,1,0.0465,670.2975,0.04648395553792723,1.0,0.0434
FE-00113,2015,Bridge,Prestressed Concrete,Urban West,Mild,29,0.0212,Fatigue crack,Minor,2761275.0,93096.0,0.0337,Routine inspection,1,11,0,0,1,0.0337,3137.3352,0.033714859983159956,0.08333333333333333,0.0212
FE-00114,2018,Bridge,Steel (A36),Pacific Northwest,Mild,22,0.0588,Corrosion,Major,2393289.0,1629279.0,0.6808,Public report,0,0,1,1,3,2.0423999999999998,1109213.1432,0.6807698527006141,3.0,0.1764
FE-00115,2020,Bridge,Reinforced Concrete,Rural South,Mild,43,0.0316,Overload,Moderate,8415730.0,1110372.0,0.1319,Load test,0,0,0,0,2,0.2638,146458.0668,0.13194006937009622,2.0,0.0632
FE-00116,2014,Building,Prestressed Concrete,Coastal Florida,Severe,59,0.0549,Buckling,Minor,2810990.0,159114.0,0.0566,Public report,0,0,0,0,1,0.0566,9005.8524,0.05660425686324035,1.0,0.0549
FE-00117,2016,Bridge,Prestressed Concrete,Urban Northeast,Moderate,28,0.0803,Overload,Moderate,1663864.0,379007.0,0.2278,Emergency,1,14,1,0,2,0.4556,86337.7946,0.2277872470346134,0.13333333333333333,0.1606
FE-00118,2011,Power Plant,Composite Steel-Concrete,Rural Midwest,Mild,57,0.0229,Brittle fracture,Major,2791208.0,1097434.0,0.3932,Emergency,0,0,1,1,3,1.1796,431511.0488,0.3931752846796083,3.0,0.0687
FE-00119,2005,Bridge,Reinforced Concrete,Coastal Carolina,Severe,40,0.0926,Fatigue crack,Moderate,1274821.0,316598.0,0.2483,Routine inspection,0,0,1,0,2,0.4966,78611.2834,0.2483470228369316,2.0,0.1852
FE-00120,2013,Bridge,Steel (A514 HY),Urban Midwest,Moderate,51,0.0657,Settlement,Major,289827.0,134878.0,0.4654,Public report,0,0,0,1,3,1.3961999999999999,62772.2212,0.4653741714885087,3.0,0.1971
FE-00121,2016,Bridge,Reinforced Concrete,Rural Mountain,Mild,64,0.0203,Erosion,Catastrophic,4812514.0,3698080.0,0.7684,Sensor alert,1,13,1,0,4,3.0736,2841604.672,0.7684299723595609,0.2857142857142857,0.0812
FE-00122,2017,Bridge,Prestressed Concrete,Rural Mountain,Mild,32,0.0199,Corrosion,Catastrophic,1895055.0,2067166.0,1.0908,Routine inspection,0,0,1,1,4,4.3632,2254864.6728,1.090821110732934,4.0,0.0796
FE-00123,2016,Bridge,Reinforced Concrete,Urban West,Mild,40,0.0523,Corrosion,Major,1839153.0,1085059.0,0.59,Sensor alert,1,32,0,0,3,1.77,640184.8099999999,0.5899775603226051,0.09090909090909091,0.15689999999999998
FE-00124,2018,Bridge,Reinforced Concrete,Coastal California,Moderate,29,0.0717,Settlement,Minor,2958480.0,142973.0,0.0483,Emergency,0,0,1,0,1,0.0483,6905.5959,0.04832650550282577,1.0,0.0717
FE-00125,2017,Bridge,Prestressed Concrete,Urban Midwest,Moderate,21,0.0573,Fatigue crack,Moderate,3701997.0,794693.0,0.2147,Routine inspection,0,0,1,0,2,0.4294,170620.5871,0.21466603025340106,2.0,0.1146
FE-00126,2020,Bridge,Prestressed Concrete,Coastal California,Moderate,35,0.0676,Brittle fracture,Major,1089264.0,344497.0,0.3163,Public report,1,9,0,1,3,0.9489000000000001,108964.4011,0.31626584556177384,0.3,0.20279999999999998
FE-00127,2013,Pipeline,Aluminium Alloy,Pacific Northwest,Mild,57,0.0241,Corrosion,Major,2041326.0,1445167.0,0.708,Emergency,0,0,0,1,3,2.1239999999999997,1023178.2359999999,0.7079550253119786,3.0,0.0723
FE-00128,2008,Bridge,Timber,Rural Mountain,Mild,26,0.0297,Creep,Minor,5306266.0,272848.0,0.0514,Routine inspection,1,44,1,0,1,0.0514,14024.387200000001,0.05141996273839269,0.022222222222222223,0.0297
FE-00129,2019,Building,Timber,Pacific Northwest,Mild,43,0.054,Corrosion,Moderate,813447.0,199857.0,0.2457,Load test,1,52,1,0,2,0.4914,49104.8649,0.2456914832804104,0.03773584905660377,0.108
FE-00130,2016,Bridge,Steel (A588 Weathering),Industrial Ohio,Moderate,34,0.043,Overload,Minor,2016777.0,149581.0,0.0742,Routine inspection,0,0,0,0,1,0.0742,11098.9102,0.07416833888922772,1.0,0.043
FE-00131,2021,Bridge,Prestressed Concrete,Urban Northeast,Moderate,51,0.0896,Brittle fracture,Minor,947439.0,50082.0,0.0529,Routine inspection,0,0,0,0,1,0.0529,2649.3378000000002,0.052860395233888406,1.0,0.0896
FE-00132,2009,Bridge,Timber,Industrial Ohio,Moderate,53,0.0543,Overload,Minor,707458.0,28405.0,0.0402,Routine inspection,0,0,1,0,1,0.0402,1141.881,0.04015079340399006,1.0,0.0543
FE-00133,2022,Building,Steel (A36),Urban West,Mild,43,0.0278,Fatigue crack,Moderate,699392.0,155110.0,0.2218,Routine inspection,0,0,0,0,2,0.4436,34403.398,0.2217783446193265,2.0,0.0556
FE-00134,2020,Bridge,Steel (A514 HY),Coastal Carolina,Severe,46,0.0942,Overload,Catastrophic,5156026.0,4876062.0,0.9457,Load test,0,0,1,1,4,3.7828,4611291.8334,0.9457015926607042,4.0,0.3768
FE-00135,2006,Pipeline,Steel (A514 HY),Rural Midwest,Mild,64,0.0254,Overload,Minor,757040.0,23628.0,0.0312,Public report,1,0,1,0,1,0.0312,737.1936,0.031211032442143082,1.0,0.0254
FE-00136,2020,Power Plant,Steel (A36),Urban Northeast,Moderate,56,0.0688,Fatigue crack,Minor,2128402.0,140606.0,0.0661,Emergency,1,6,1,0,1,0.0661,9294.056600000002,0.06606176840653223,0.14285714285714285,0.0688
FE-00137,2022,Building,Prestressed Concrete,Urban West,Mild,55,0.0216,Overload,Moderate,2230869.0,616758.0,0.2765,Routine inspection,0,0,1,0,2,0.553,170533.58700000003,0.2764653594630613,2.0,0.0432
FE-00138,2011,Building,Reinforced Concrete,Pacific Northwest,Mild,17,0.0398,Brittle fracture,Minor,247908.0,11943.0,0.0482,Public report,0,0,1,0,1,0.0482,575.6526,0.04817512948351808,1.0,0.0398
FE-00139,2006,Bridge,Reinforced Concrete,Industrial Michigan,Moderate,55,0.0566,Erosion,Moderate,499147.0,58678.0,0.1176,Load test,1,6,1,0,2,0.2352,6900.5328,0.11755655147681945,0.2857142857142857,0.1132
FE-00140,2022,Bridge,Steel (A36),Urban Midwest,Moderate,46,0.033,Fatigue crack,Major,2559940.0,951656.0,0.3717,Routine inspection,0,0,1,0,3,1.1151,353730.5352,0.37174933787510644,3.0,0.099
FE-00141,2019,Pipeline,Steel (A514 HY),Pacific Northwest,Mild,50,0.045,Fatigue crack,Major,199399.0,103589.0,0.5195,Public report,1,6,1,0,3,1.5585,53814.485499999995,0.519506115878214,0.42857142857142855,0.135
FE-00142,2007,Bridge,Steel (A36),Industrial Ohio,Moderate,46,0.0575,Overload,Major,764985.0,529569.0,0.6923,Routine inspection,0,0,0,1,3,2.0769,366620.6187,0.6922606325614228,3.0,0.17250000000000001
FE-00143,2011,Building,Steel (A36),Coastal California,Moderate,40,0.0782,Fatigue crack,Major,868915.0,270777.0,0.3116,Routine inspection,0,0,0,0,3,0.9348,84374.11319999999,0.3116265687667954,3.0,0.23460000000000003
FE-00144,2013,Bridge,Reinforced Concrete,Desert Southwest,Mild,25,0.0288,Settlement,Catastrophic,2202287.0,3134390.0,1.4232,Public report,0,0,1,1,4,5.6928,4460863.848,1.423243201272132,4.0,0.1152
FE-00145,2009,Bridge,Reinforced Concrete,Desert Southwest,Mild,56,0.0254,Buckling,Moderate,1568170.0,263659.0,0.1681,Routine inspection,0,0,1,0,2,0.3362,44321.0779,0.1681316438906496,2.0,0.0508
FE-00146,2009,Building,Prestressed Concrete,Coastal Florida,Severe,59,0.0733,Corrosion,Moderate,2120953.0,219307.0,0.1034,Routine inspection,0,0,0,0,2,0.2068,22676.343800000002,0.10340021678933951,2.0,0.1466
FE-00147,2013,Bridge,Reinforced Concrete,Industrial Ohio,Moderate,35,0.0335,Brittle fracture,Moderate,9967574.0,2641748.0,0.265,Sensor alert,1,6,0,0,2,0.53,700063.2200000001,0.26503419989658467,0.2857142857142857,0.067
FE-00148,2005,Bridge,Reinforced Concrete,Coastal California,Moderate,26,0.0679,Corrosion,Moderate,686485.0,174084.0,0.2536,Load test,1,0,0,0,2,0.5072,44147.7024,0.2535874782406025,2.0,0.1358
FE-00149,2021,Bridge,Steel (A588 Weathering),Urban Midwest,Moderate,35,0.0141,Erosion,Minor,803644.0,39139.0,0.0487,Routine inspection,0,0,1,0,1,0.0487,1906.0693,0.04870191278725406,1.0,0.0141
FE-00150,2009,Pipeline,Reinforced Concrete,Coastal California,Moderate,29,0.0784,Overload,Minor,8394887.0,625290.0,0.0745,Routine inspection,0,0,1,0,1,0.0745,46584.104999999996,0.07448462379541261,1.0,0.0784
FE-00151,2020,Bridge,Stainless Steel 316L,Industrial Michigan,Moderate,46,0.0119,Creep,Moderate,1081495.0,290696.0,0.2688,Routine inspection,0,0,1,0,2,0.5376,78139.0848,0.2687908866892588,2.0,0.0238
FE-00152,2009,Pipeline,Steel (A36),Rural Mountain,Mild,31,0.0202,Fatigue crack,Moderate,1274834.0,180066.0,0.1412,Load test,1,8,1,0,2,0.2824,25425.319199999998,0.1412466250507909,0.2222222222222222,0.0404
FE-00153,2023,Bridge,Reinforced Concrete,Coastal Texas,Severe,52,0.058,Creep,Major,3185580.0,2159663.0,0.6779,Routine inspection,0,0,1,1,3,2.0336999999999996,1464035.5477,0.6779496983280909,3.0,0.17400000000000002
FE-00154,2008,Power Plant,Prestressed Concrete,Industrial New Jersey,Moderate,44,0.0986,Buckling,Major,602742.0,326106.0,0.541,Emergency,1,13,1,1,3,1.6230000000000002,176423.34600000002,0.5410374588132235,0.21428571428571427,0.29579999999999995
FE-00155,2020,Building,Steel (A588 Weathering),Coastal Texas,Severe,29,0.0299,Fatigue crack,Catastrophic,597903.0,721870.0,1.2073,Emergency,1,22,1,1,4,4.8292,871513.6510000001,1.2073363070598409,0.17391304347826086,0.1196
FE-00156,2011,Building,Composite Steel-Concrete,Pacific Northwest,Mild,50,0.0425,Overload,Moderate,464103.0,77627.0,0.1673,Emergency,0,0,1,0,2,0.3346,12986.9971,0.16726243958776393,2.0,0.085
FE-00157,2019,Building,Steel (A36),Rural South,Mild,36,0.0339,Corrosion,Catastrophic,2517034.0,2649553.0,1.0526,Public report,1,17,1,1,4,4.2104,2788919.4878,1.0526488716481381,0.2222222222222222,0.1356
FE-00158,2019,Bridge,Reinforced Concrete,Industrial Michigan,Moderate,40,0.0788,Corrosion,Major,2741859.0,1602729.0,0.5845,Routine inspection,0,0,1,1,3,1.7535,936795.1005000001,0.5845409993730531,3.0,0.2364
FE-00159,2006,Bridge,Composite Steel-Concrete,Coastal Texas,Severe,81,0.0953,Corrosion,Moderate,2232506.0,368757.0,0.1652,Routine inspection,0,0,1,0,2,0.3304,60918.65640000001,0.16517626380399425,2.0,0.1906
FE-00160,2021,Power Plant,Reinforced Concrete,Industrial Michigan,Moderate,17,0.0516,Corrosion,Catastrophic,514461.0,412407.0,0.8016,Public report,0,0,0,1,4,3.2064,330585.4512,0.8016292780210745,4.0,0.2064
FE-00161,2012,Bridge,Timber,Coastal Florida,Severe,38,0.092,Erosion,Minor,328401.0,9499.0,0.0289,Emergency,0,0,0,0,1,0.0289,274.5211,0.02892500327343705,1.0,0.092
FE-00162,2009,Pipeline,Steel (A588 Weathering),Coastal California,Moderate,76,0.0461,Brittle fracture,Moderate,2114876.0,279210.0,0.132,Sensor alert,1,30,0,0,2,0.264,36855.72,0.13202192468967447,0.06451612903225806,0.0922
FE-00163,2019,Building,Timber,Industrial Michigan,Moderate,58,0.0595,Corrosion,Minor,177941.0,11467.0,0.0644,Sensor alert,1,26,1,0,1,0.0644,738.4748,0.06444270853822334,0.037037037037037035,0.0595
FE-00164,2021,Bridge,Cast Iron,Coastal Florida,Severe,30,0.0547,Fatigue crack,Moderate,1567151.0,437554.0,0.2792,Public report,0,0,1,0,2,0.5584,122165.0768,0.27920347177776744,2.0,0.1094
FE-00165,2013,Bridge,Steel (A36),Industrial Michigan,Moderate,46,0.0555,Fatigue crack,Catastrophic,490118.0,342420.0,0.6986,Sensor alert,0,0,0,0,4,2.7944,239214.612,0.6986480806662885,4.0,0.222
FE-00166,2005,Power Plant,Steel (A588 Weathering),Urban Northeast,Moderate,58,0.0238,Fatigue crack,Moderate,471923.0,52209.0,0.1106,Public report,1,5,1,0,2,0.2212,5774.3154,0.11063033588106534,0.3333333333333333,0.0476
FE-00167,2023,Bridge,Stainless Steel 316L,Rural South,Mild,22,0.0058,Corrosion,Moderate,1238422.0,286806.0,0.2316,Routine inspection,1,33,1,0,2,0.4632,66424.2696,0.2315898780867911,0.058823529411764705,0.0116
FE-00168,2015,Bridge,Steel (A588 Weathering),Rural South,Mild,56,0.022,Fatigue crack,Minor,8889336.0,514610.0,0.0579,Routine inspection,0,0,1,0,1,0.0579,29795.919,0.057890713097131216,1.0,0.022
FE-00169,2020,Power Plant,Reinforced Concrete,Coastal California,Moderate,63,0.0811,Corrosion,Moderate,2093006.0,373994.0,0.1787,Routine inspection,0,0,1,0,2,0.3574,66832.7278,0.17868749540135098,2.0,0.1622
FE-00170,2005,Pipeline,Prestressed Concrete,Desert Southwest,Mild,50,0.0237,Corrosion,Catastrophic,311513.0,234682.0,0.7534,Routine inspection,0,0,0,1,4,3.0136,176809.41879999998,0.7533618179658634,4.0,0.0948
FE-00171,2011,Power Plant,Steel (A588 Weathering),Urban Midwest,Moderate,35,0.0347,Settlement,Minor,481986.0,34360.0,0.0713,Sensor alert,0,0,0,0,1,0.0713,2449.868,0.07128837767072073,1.0,0.0347
FE-00172,2021,Bridge,Composite Steel-Concrete,Desert Southwest,Mild,62,0.0274,Creep,Major,1058886.0,562984.0,0.5317,Routine inspection,0,0,1,1,3,1.5951,299338.5928,0.5316757422423188,3.0,0.0822
FE-00173,2012,Bridge,Steel (A36),Urban West,Mild,51,0.0465,Corrosion,Minor,1102198.0,31481.0,0.0286,Load test,0,0,1,0,1,0.0286,900.3566,0.028562018802429326,1.0,0.0465
FE-00174,2010,Building,Prestressed Concrete,Rural Mountain,Mild,56,0.0107,Brittle fracture,Moderate,3350450.0,792695.0,0.2366,Routine inspection,0,0,1,0,2,0.4732,187551.63700000002,0.23659359190556492,2.0,0.0214
FE-00175,2023,Building,Composite Steel-Concrete,Rural Mountain,Mild,51,0.0219,Fatigue crack,Major,6305178.0,2666317.0,0.4229,Sensor alert,0,0,0,1,3,1.2687,1127585.4593,0.4228773557225506,3.0,0.0657
FE-00176,2023,Pipeline,Prestressed Concrete,Coastal Carolina,Severe,61,0.0982,Settlement,Minor,10858690.0,710343.0,0.0654,Sensor alert,0,0,1,0,1,0.0654,46456.4322,0.06541700702386752,1.0,0.0982
FE-00177,2019,Building,Reinforced Concrete,Desert Southwest,Mild,46,0.0173,Settlement,Major,1938942.0,1336843.0,0.6895,Routine inspection,1,38,0,1,3,2.0685000000000002,921753.2485,0.6894703400101705,0.07692307692307693,0.0519
FE-00178,2017,Bridge,Reinforced Concrete,Industrial Ohio,Moderate,56,0.0828,Buckling,Minor,557089.0,17255.0,0.031,Routine inspection,1,7,0,0,1,0.031,534.905,0.03097350692618235,0.125,0.0828
FE-00179,2017,Bridge,Prestressed Concrete,Coastal Carolina,Severe,35,0.0966,Overload,Moderate,3164045.0,831256.0,0.2627,Routine inspection,0,0,1,0,2,0.5254,218370.95119999998,0.26271939874432887,2.0,0.1932
FE-00180,2016,Bridge,Steel (A588 Weathering),Coastal Carolina,Severe,55,0.0472,Corrosion,Major,216129.0,76398.0,0.3535,Routine inspection,0,0,0,1,3,1.0605,27006.693,0.3534833363407965,3.0,0.1416
FE-00181,2016,Building,Steel (A36),Coastal Carolina,Severe,46,0.1091,Buckling,Major,1394193.0,627885.0,0.4504,Routine inspection,1,14,1,0,3,1.3512,282799.40400000004,0.4503573034723313,0.2,0.32730000000000004
FE-00182,2023,Bridge,Reinforced Concrete,Industrial Ohio,Moderate,39,0.0814,Creep,Catastrophic,1962765.0,1604157.0,0.8173,Sensor alert,0,0,1,1,4,3.2692,1311077.5161000001,0.8172944799810471,4.0,0.3256
FE-00183,2010,Power Plant,Prestressed Concrete,Industrial Ohio,Moderate,40,0.0352,Corrosion,Moderate,1771066.0,390792.0,0.2207,Routine inspection,0,0,1,0,2,0.4414,86247.7944,0.22065354989593838,2.0,0.0704
FE-00184,2020,Pipeline,Prestressed Concrete,Industrial Ohio,Moderate,38,0.0788,Buckling,Major,353342.0,164299.0,0.465,Sensor alert,0,0,0,1,3,1.395,76399.035,0.46498576450011603,3.0,0.2364
FE-00185,2015,Bridge,Reinforced Concrete,Coastal Florida,Severe,37,0.0944,Corrosion,Moderate,531622.0,135702.0,0.2553,Routine inspection,1,7,0,0,2,0.5106,34644.7206,0.25526031654069997,0.25,0.1888
FE-00186,2014,Bridge,Steel (A36),Coastal California,Moderate,57,0.0884,Settlement,Catastrophic,964866.0,809903.0,0.8394,Sensor alert,1,11,0,1,4,3.3576,679832.5782,0.8393942785837619,0.3333333333333333,0.3536
FE-00187,2011,Bridge,Steel (A514 HY),Coastal Carolina,Severe,42,0.0706,Creep,Catastrophic,8474126.0,7181412.0,0.8475,Emergency,1,31,0,1,4,3.39,6086246.67,0.8474516428006853,0.125,0.2824
FE-00188,2020,Power Plant,Prestressed Concrete,Industrial Ohio,Moderate,53,0.044,Fatigue crack,Major,247717.0,177963.0,0.7184,Public report,0,0,1,0,3,2.1552000000000002,127848.6192,0.7184125433458342,3.0,0.132
FE-00189,2010,Bridge,Reinforced Concrete,Pacific Northwest,Mild,28,0.0285,Overload,Moderate,1386387.0,294204.0,0.2122,Emergency,0,0,1,0,2,0.4244,62430.0888,0.2122091450655553,2.0,0.057
FE-00190,2010,Bridge,Prestressed Concrete,Urban Northeast,Moderate,99,0.0634,Corrosion,Moderate,459637.0,123348.0,0.2684,Load test,0,0,1,0,2,0.5368,33106.603200000005,0.26835959681226706,2.0,0.1268
FE-00191,2020,Building,Prestressed Concrete,Desert Southwest,Mild,73,0.0253,Brittle fracture,Moderate,1737210.0,496410.0,0.2858,Load test,0,0,1,0,2,0.5716,141873.978,0.2857512908629354,2.0,0.0506
FE-00192,2019,Building,Steel (A36),Coastal California,Moderate,67,0.0359,Overload,Moderate,812498.0,238312.0,0.2933,Routine inspection,1,24,0,0,2,0.5866,69896.9096,0.293307798911505,0.08,0.0718
FE-00193,2022,Bridge,Reinforced Concrete,Industrial Michigan,Moderate,45,0.0752,Buckling,Major,1226191.0,762302.0,0.6217,Emergency,1,0,0,1,3,1.8651,473923.1534,0.6216829188927336,3.0,0.22560000000000002
FE-00194,2016,Bridge,Prestressed Concrete,Desert Southwest,Mild,49,0.0125,Brittle fracture,Moderate,4326440.0,798403.0,0.1845,Routine inspection,1,0,1,0,2,0.369,147305.3535,0.18454040735570124,2.0,0.025
FE-00195,2014,Bridge,Prestressed Concrete,Urban West,Mild,68,0.0355,Overload,Catastrophic,1082055.0,611751.0,0.5654,Routine inspection,1,12,1,1,4,2.2616,345884.01540000003,0.5653603559892981,0.3076923076923077,0.142
FE-00196,2016,Bridge,Composite Steel-Concrete,Rural Midwest,Mild,28,0.0329,Buckling,Minor,1462200.0,66990.0,0.0458,Sensor alert,1,8,1,0,1,0.0458,3068.142,0.045814526056627,0.1111111111111111,0.0329
FE-00197,2018,Pipeline,Composite Steel-Concrete,Coastal Texas,Severe,62,0.0736,Brittle fracture,Moderate,2885899.0,388519.0,0.1346,Public report,0,0,1,0,2,0.2692,52294.6574,0.13462667958927182,2.0,0.1472
FE-00198,2020,Power Plant,Steel (A36),Coastal Florida,Severe,38,0.0641,Overload,Minor,2618223.0,138267.0,0.0528,Routine inspection,1,9,1,0,1,0.0528,7300.4976,0.05280948185085839,0.1,0.0641
FE-00199,2006,Bridge,Steel (A36),Rural Midwest,Mild,37,0.0267,Creep,Minor,916261.0,62861.0,0.0686,Routine inspection,0,0,0,0,1,0.0686,4312.2645999999995,0.06860599763604475,1.0,0.0267
FE-00200,2007,Bridge,Steel (A36),Rural South,Mild,71,0.0377,Erosion,Moderate,1530807.0,378346.0,0.2472,Emergency,1,2,1,0,2,0.4944,93527.1312,0.24715460538134462,0.6666666666666666,0.0754
FE-00201,2022,Bridge,Steel (A36),Industrial Michigan,Moderate,44,0.0779,Settlement,Major,757173.0,337640.0,0.4459,Routine inspection,0,0,1,1,3,1.3377000000000001,150553.676,0.4459218699029152,3.0,0.2337
FE-00202,2007,Building,Steel (A36),Rural South,Mild,38,0.0379,Fatigue crack,Minor,3621929.0,219874.0,0.0607,Public report,1,1,1,0,1,0.0607,13346.351799999999,0.06070632527584058,0.5,0.0379
FE-00203,2021,Bridge,Steel (A36),Coastal Carolina,Severe,44,0.0402,Overload,Moderate,1062749.0,263243.0,0.2477,Emergency,1,0,0,0,2,0.4954,65205.2911,0.24770006840749792,2.0,0.0804
FE-00204,2009,Bridge,Steel (A588 Weathering),Coastal Texas,Severe,65,0.0365,Overload,Catastrophic,163852.0,118307.0,0.722,Emergency,0,0,1,0,4,2.888,85417.654,0.7220357395698557,4.0,0.146
FE-00205,2011,Pipeline,Composite Steel-Concrete,Coastal Carolina,Severe,30,0.084,Settlement,Minor,1949428.0,128356.0,0.0658,Load test,0,0,1,0,1,0.0658,8445.8248,0.06584290366199726,1.0,0.084
FE-00206,2019,Bridge,Reinforced Concrete,Industrial New Jersey,Moderate,46,0.0554,Fatigue crack,Minor,1409489.0,45894.0,0.0326,Routine inspection,1,0,0,0,1,0.0326,1496.1444,0.03256073655062225,1.0,0.0554
FE-00207,2010,Power Plant,Steel (A588 Weathering),Urban Northeast,Moderate,59,0.0213,Erosion,Major,1070537.0,545761.0,0.5098,Routine inspection,0,0,1,1,3,1.5294,278228.95780000003,0.5098011558685034,3.0,0.0639
FE-00208,2011,Bridge,Prestressed Concrete,Industrial New Jersey,Moderate,55,0.1038,Buckling,Catastrophic,1768488.0,1309575.0,0.7405,Sensor alert,0,0,0,1,4,2.962,969740.2875000001,0.7405054487222984,4.0,0.4152
FE-00209,2021,Building,Steel (A514 HY),Coastal Texas,Severe,13,0.1053,Fatigue crack,Minor,1099550.0,75454.0,0.0686,Sensor alert,0,0,1,0,1,0.0686,5176.144399999999,0.06862261834386794,1.0,0.1053
FE-00210,2014,Pipeline,Reinforced Concrete,Coastal California,Moderate,40,0.0948,Creep,Minor,890425.0,64520.0,0.0725,Routine inspection,0,0,0,0,1,0.0725,4677.7,0.0724597804419238,1.0,0.0948
FE-00211,2005,Bridge,Steel (A36),Urban West,Mild,68,0.0341,Buckling,Major,218006.0,134853.0,0.6186,Routine inspection,0,0,1,1,3,1.8558000000000001,83420.06580000001,0.618574718127024,3.0,0.1023
FE-00212,2023,Pipeline,Prestressed Concrete,Rural Mountain,Mild,34,0.0241,Erosion,Minor,448991.0,25553.0,0.0569,Emergency,0,0,1,0,1,0.0569,1453.9657,0.05691205391644821,1.0,0.0241
FE-00213,2008,Pipeline,Steel (A514 HY),Rural Mountain,Mild,44,0.0192,Fatigue crack,Moderate,3664998.0,773346.0,0.211,Emergency,0,0,1,0,2,0.422,163176.006,0.21100857353810287,2.0,0.0384
FE-00214,2008,Power Plant,Steel (A36),Coastal Texas,Severe,31,0.0882,Fatigue crack,Minor,2752566.0,77853.0,0.0283,Sensor alert,0,0,1,0,1,0.0283,2203.2399,0.028283790470419238,1.0,0.0882
FE-00215,2005,Pipeline,Prestressed Concrete,Urban Midwest,Moderate,53,0.0686,Fatigue crack,Major,724207.0,204983.0,0.283,Routine inspection,0,0,0,0,3,0.849,58010.18899999999,0.28304476482552643,3.0,0.20579999999999998
FE-00216,2022,Bridge,Prestressed Concrete,Desert Southwest,Mild,40,0.0271,Creep,Minor,553156.0,31106.0,0.0562,Public report,0,0,0,0,1,0.0562,1748.1572,0.05623368453022294,1.0,0.0271
FE-00217,2020,Pipeline,Steel (A588 Weathering),Industrial Ohio,Moderate,48,0.0362,Fatigue crack,Minor,1608317.0,54703.0,0.034,Sensor alert,0,0,1,0,1,0.034,1859.902,0.034012573391937036,1.0,0.0362
FE-00218,2018,Pipeline,Composite Steel-Concrete,Desert Southwest,Mild,38,0.0113,Corrosion,Minor,2695100.0,102995.0,0.0382,Routine inspection,0,0,1,0,1,0.0382,3934.4089999999997,0.038215650625208715,1.0,0.0113
FE-00219,2009,Bridge,Composite Steel-Concrete,Urban Midwest,Moderate,40,0.0691,Brittle fracture,Minor,697314.0,17910.0,0.0257,Public report,0,0,1,0,1,0.0257,460.28700000000003,0.025684268493103537,1.0,0.0691
FE-00220,2009,Bridge,Stainless Steel 316L,Coastal Texas,Severe,48,0.0133,Creep,Minor,4753046.0,228256.0,0.048,Emergency,0,0,0,0,1,0.048,10956.288,0.04802309929253788,1.0,0.0133
FE-00221,2014,Bridge,Composite Steel-Concrete,Industrial Michigan,Moderate,33,0.0729,Buckling,Minor,1073190.0,36764.0,0.0343,Sensor alert,1,2,1,0,1,0.0343,1261.0051999999998,0.03425674857201427,0.3333333333333333,0.0729
FE-00222,2019,Pipeline,Steel (A36),Coastal Carolina,Severe,65,0.0666,Corrosion,Major,855164.0,349008.0,0.4081,Routine inspection,0,0,1,0,3,1.2243,142430.1648,0.4081182089049586,3.0,0.19980000000000003
FE-00223,2005,Bridge,Prestressed Concrete,Rural Midwest,Mild,43,0.0306,Erosion,Catastrophic,2640081.0,2352320.0,0.891,Load test,0,0,0,1,4,3.564,2095917.12,0.891002965439318,4.0,0.1224
FE-00224,2020,Bridge,Steel (A36),Rural Mountain,Mild,61,0.0158,Creep,Moderate,1695792.0,182230.0,0.1075,Routine inspection,0,0,1,0,2,0.215,19589.725,0.10746011303273043,2.0,0.0316
FE-00225,2009,Bridge,Prestressed Concrete,Coastal Carolina,Severe,32,0.051,Buckling,Minor,4956467.0,138755.0,0.028,Routine inspection,0,0,1,0,1,0.028,3885.14,0.027994738994529773,1.0,0.051
FE-00226,2022,Building,Steel (A588 Weathering),Industrial New Jersey,Moderate,48,0.0457,Fatigue crack,Moderate,157173.0,24561.0,0.1563,Emergency,0,0,1,0,2,0.3126,3838.8842999999997,0.15626729781832757,2.0,0.0914
FE-00227,2018,Bridge,Reinforced Concrete,Industrial New Jersey,Moderate,36,0.0755,Settlement,Major,1377529.0,848329.0,0.6158,Routine inspection,1,0,1,1,3,1.8474,522400.99820000003,0.6158338590330947,3.0,0.22649999999999998
FE-00228,2013,Bridge,Steel (A588 Weathering),Urban Northeast,Moderate,45,0.0163,Corrosion,Minor,1218244.0,50015.0,0.0411,Sensor alert,0,0,1,0,1,0.0411,2055.6165,0.041054993909266126,1.0,0.0163
FE-00229,2013,Bridge,Composite Steel-Concrete,Rural South,Mild,60,0.0313,Overload,Catastrophic,787522.0,473682.0,0.6015,Emergency,0,0,1,1,4,2.406,284919.723,0.6014841490142497,4.0,0.1252
FE-00230,2018,Bridge,Steel (A36),Coastal Florida,Severe,52,0.0925,Creep,Catastrophic,1085097.0,1474103.0,1.3585,Sensor alert,0,0,1,0,4,5.434,2002568.9255000001,1.3584988254506278,4.0,0.37
FE-00231,2011,Bridge,Steel (A36),Urban Midwest,Moderate,31,0.043,Corrosion,Minor,740612.0,32074.0,0.0433,Sensor alert,0,0,1,0,1,0.0433,1388.8042,0.04330742683078319,1.0,0.043
FE-00232,2012,Pipeline,Steel (A36),Rural South,Mild,22,0.0572,Erosion,Moderate,761504.0,91387.0,0.12,Routine inspection,1,15,1,0,2,0.24,10966.439999999999,0.1200085620036139,0.125,0.1144
FE-00233,2006,Bridge,Reinforced Concrete,Coastal Carolina,Severe,50,0.05,Corrosion,Minor,260009.0,18056.0,0.0694,Load test,0,0,0,0,1,0.0694,1253.0864000000001,0.06944375002403763,1.0,0.05
FE-00234,2019,Bridge,Timber,Desert Southwest,Mild,71,0.0235,Erosion,Moderate,1021232.0,170176.0,0.1666,Public report,0,0,1,0,2,0.3332,28351.3216,0.16663794319018596,2.0,0.047
FE-00235,2014,Building,Reinforced Concrete,Pacific Northwest,Mild,54,0.0222,Brittle fracture,Major,1176946.0,403083.0,0.3425,Sensor alert,1,19,1,1,3,1.0275,138055.92750000002,0.3424821529619881,0.15,0.0666
FE-00236,2007,Power Plant,Steel (A36),Coastal Texas,Severe,75,0.1167,Corrosion,Minor,273654.0,7890.0,0.0288,Public report,1,1,1,0,1,0.0288,227.232,0.028832028766252276,0.5,0.1167
FE-00237,2014,Bridge,Reinforced Concrete,Industrial New Jersey,Moderate,43,0.0977,Corrosion,Major,1172095.0,813511.0,0.6941,Routine inspection,1,13,1,0,3,2.0823,564657.9851,0.694065754055772,0.21428571428571427,0.29309999999999997
FE-00238,2010,Building,Timber,Rural South,Mild,27,0.0388,Erosion,Moderate,1525270.0,446589.0,0.2928,Sensor alert,1,0,0,0,2,0.5856,130761.2592,0.2927934070689124,2.0,0.0776
FE-00239,2010,Building,Steel (A588 Weathering),Coastal Carolina,Severe,16,0.056,Creep,Major,258278.0,83219.0,0.3222,Public report,1,2,1,1,3,0.9665999999999999,26813.161799999998,0.322207079193737,1.0,0.168
FE-00240,2010,Bridge,Timber,Urban Midwest,Moderate,52,0.0404,Corrosion,Minor,730950.0,40633.0,0.0556,Routine inspection,0,0,1,0,1,0.0556,2259.1947999999998,0.05558930159381627,1.0,0.0404
FE-00241,2021,Building,Prestressed Concrete,Urban Northeast,Moderate,46,0.0415,Fatigue crack,Minor,1260868.0,66103.0,0.0524,Routine inspection,0,0,1,0,1,0.0524,3463.7972,0.05242658232265392,1.0,0.0415
FE-00242,2023,Building,Steel (A36),Rural Mountain,Mild,17,0.0174,Erosion,Moderate,858455.0,149763.0,0.1745,Routine inspection,0,0,0,0,2,0.349,26133.6435,0.17445643627214005,2.0,0.0348
FE-00243,2015,Building,Steel (A36),Urban Midwest,Moderate,43,0.0418,Fatigue crack,Moderate,441560.0,50373.0,0.1141,Routine inspection,0,0,0,0,2,0.2282,5747.5593,0.11407962677778784,2.0,0.0836
FE-00244,2014,Bridge,Steel (A588 Weathering),Industrial Michigan,Moderate,31,0.0369,Buckling,Minor,796763.0,32247.0,0.0405,Routine inspection,0,0,0,0,1,0.0405,1306.0035,0.04047251190128056,1.0,0.0369
FE-00245,2023,Pipeline,Prestressed Concrete,Desert Southwest,Mild,40,0.0177,Buckling,Moderate,208607.0,61617.0,0.2954,Public report,0,0,1,0,2,0.5908,18201.661799999998,0.29537359724266204,2.0,0.0354
FE-00246,2015,Pipeline,Steel (A588 Weathering),Industrial New Jersey,Moderate,61,0.0512,Corrosion,Catastrophic,245735.0,199825.0,0.8132,Emergency,1,1,1,1,4,3.2528,162497.69,0.8131727267178057,2.0,0.2048
FE-00247,2016,Building,Steel (A588 Weathering),Industrial New Jersey,Moderate,47,0.0184,Overload,Moderate,3293559.0,542376.0,0.1647,Routine inspection,0,0,1,0,2,0.3294,89329.32720000001,0.16467778473074263,2.0,0.0368
FE-00248,2023,Pipeline,Composite Steel-Concrete,Industrial New Jersey,Moderate,65,0.086,Fatigue crack,Minor,88284.0,2788.0,0.0316,Routine inspection,0,0,1,0,1,0.0316,88.1008,0.031579901227855554,1.0,0.086
FE-00249,2016,Pipeline,Reinforced Concrete,Coastal California,Moderate,50,0.0879,Corrosion,Catastrophic,791724.0,816220.0,1.0309,Routine inspection,1,15,1,0,4,4.1236,841441.198,1.0309400750766682,0.25,0.3516
FE-00250,2015,Bridge,Prestressed Concrete,Coastal Texas,Severe,35,0.0632,Fatigue crack,Minor,948437.0,52735.0,0.0556,Sensor alert,0,0,1,0,1,0.0556,2932.066,0.05560200624817463,1.0,0.0632
FE-00251,2017,Bridge,Steel (A588 Weathering),Pacific Northwest,Mild,62,0.0135,Fatigue crack,Minor,196610.0,9921.0,0.0505,Routine inspection,0,0,1,0,1,0.0505,501.01050000000004,0.0504603021209501,1.0,0.0135
FE-00252,2011,Bridge,Prestressed Concrete,Pacific Northwest,Mild,42,0.0322,Fatigue crack,Major,500407.0,226988.0,0.4536,Load test,0,0,1,0,3,1.3608,102961.7568,0.45360676409402745,3.0,0.09659999999999999
FE-00253,2019,Pipeline,Prestressed Concrete,Industrial Michigan,Moderate,31,0.063,Brittle fracture,Major,1895794.0,615912.0,0.3249,Routine inspection,0,0,1,1,3,0.9747000000000001,200109.80880000003,0.3248833997786679,3.0,0.189
FE-00254,2005,Building,Stainless Steel 316L,Desert Southwest,Mild,34,0.0018,Overload,Moderate,884716.0,163035.0,0.1843,Routine inspection,0,0,1,0,2,0.3686,30047.350499999997,0.18427947499536573,2.0,0.0036
FE-00255,2014,Pipeline,Steel (A36),Coastal Texas,Severe,49,0.0629,Buckling,Moderate,438073.0,75864.0,0.1732,Public report,0,0,1,0,2,0.3464,13139.6448,0.1731766166826077,2.0,0.1258
FE-00256,2008,Bridge,Timber,Rural South,Mild,48,0.0245,Fatigue crack,Minor,4912239.0,175870.0,0.0358,Routine inspection,0,0,1,0,1,0.0358,6296.146,0.03580241107975406,1.0,0.0245
FE-00257,2020,Bridge,Steel (A588 Weathering),Pacific Northwest,Mild,30,0.0114,Fatigue crack,Minor,1125600.0,49241.0,0.0437,Emergency,0,0,1,0,1,0.0437,2151.8317,0.04374644633972992,1.0,0.0114
FE-00258,2017,Bridge,Steel (A36),Urban Northeast,Moderate,41,0.0351,Brittle fracture,Moderate,2054720.0,447148.0,0.2176,Routine inspection,1,75,1,0,2,0.4352,97299.40479999999,0.21761991901572963,0.02631578947368421,0.0702
FE-00259,2007,Bridge,Prestressed Concrete,Coastal Florida,Severe,23,0.0527,Creep,Minor,1225878.0,87953.0,0.0717,Sensor alert,1,16,1,0,1,0.0717,6306.2301,0.07174694382312106,0.058823529411764705,0.0527
FE-00260,2005,Power Plant,Prestressed Concrete,Urban Midwest,Moderate,49,0.0343,Corrosion,Moderate,1662265.0,179280.0,0.1079,Public report,1,16,1,0,2,0.2158,19344.311999999998,0.10785283934871998,0.11764705882352941,0.0686
FE-00261,2023,Bridge,Steel (A36),Desert Southwest,Mild,53,0.022,Fatigue crack,Major,1127677.0,347279.0,0.308,Sensor alert,1,11,1,0,3,0.9239999999999999,106961.932,0.30795963737843374,0.25,0.066
FE-00262,2022,Pipeline,Prestressed Concrete,Coastal Florida,Severe,55,0.0752,Buckling,Minor,134102.0,5373.0,0.0401,Routine inspection,0,0,0,0,1,0.0401,215.45729999999998,0.04006651653219191,1.0,0.0752
FE-00263,2021,Bridge,Steel (A588 Weathering),Coastal California,Moderate,71,0.0298,Corrosion,Moderate,5536469.0,606254.0,0.1095,Routine inspection,0,0,1,0,2,0.219,66384.813,0.10950192261529867,2.0,0.0596
FE-00264,2020,Pipeline,Steel (A588 Weathering),Industrial Michigan,Moderate,32,0.0292,Overload,Moderate,2126862.0,561114.0,0.2638,Public report,1,0,0,0,2,0.5276,148021.8732,0.26382247649353835,2.0,0.0584
FE-00265,2015,Pipeline,Prestressed Concrete,Coastal California,Moderate,45,0.0754,Overload,Minor,424427.0,16144.0,0.038,Emergency,0,0,1,0,1,0.038,613.472,0.038037165401824106,1.0,0.0754
FE-00266,2010,Building,Reinforced Concrete,Industrial New Jersey,Moderate,56,0.0695,Brittle fracture,Moderate,420881.0,65994.0,0.1568,Public report,1,20,0,0,2,0.3136,10347.859199999999,0.1567996654636346,0.09523809523809523,0.139
FE-00267,2011,Power Plant,Reinforced Concrete,Pacific Northwest,Mild,53,0.0569,Corrosion,Moderate,384013.0,70782.0,0.1843,Sensor alert,0,0,0,0,2,0.3686,13045.122599999999,0.18432188493618706,2.0,0.1138
FE-00268,2023,Bridge,Composite Steel-Concrete,Coastal Texas,Severe,46,0.0468,Buckling,Catastrophic,2421415.0,1811479.0,0.7481,Sensor alert,0,0,0,1,4,2.9924,1355167.4398999999,0.7481076147624426,4.0,0.1872
FE-00269,2017,Bridge,FRP Composite,Coastal Texas,Severe,36,0.0462,Creep,Major,1999983.0,1001843.0,0.5009,Routine inspection,0,0,1,0,3,1.5027,501823.1587,0.5009257578689419,3.0,0.1386
FE-00270,2019,Building,Prestressed Concrete,Coastal Carolina,Severe,41,0.1141,Overload,Moderate,521720.0,149588.0,0.2867,Public report,1,29,1,0,2,0.5734,42886.8796,0.2867208464310358,0.06666666666666667,0.2282
FE-00271,2019,Bridge,Steel (A588 Weathering),Coastal Texas,Severe,25,0.0657,Buckling,Major,162209.0,83677.0,0.5159,Routine inspection,1,11,0,1,3,1.5477,43168.9643,0.5158591693432547,0.25,0.1971
FE-00272,2012,Bridge,Steel (A36),Rural Midwest,Mild,42,0.0214,Fatigue crack,Moderate,237399.0,31046.0,0.1308,Emergency,0,0,1,0,2,0.2616,4060.8168,0.13077561405060678,2.0,0.0428
FE-00273,2018,Pipeline,Steel (A36),Rural Mountain,Mild,46,0.0276,Creep,Moderate,867058.0,223500.0,0.2578,Routine inspection,0,0,1,0,2,0.5156,57618.299999999996,0.2577682231177153,2.0,0.0552
FE-00274,2011,Building,Reinforced Concrete,Urban Northeast,Moderate,57,0.0773,Brittle fracture,Major,239165.0,168865.0,0.7061,Routine inspection,1,15,1,1,3,2.1182999999999996,119235.5765,0.7060606694123304,0.1875,0.2319
FE-00275,2017,Bridge,Steel (A36),Coastal Florida,Severe,68,0.0513,Creep,Moderate,591557.0,174961.0,0.2958,Routine inspection,0,0,1,0,2,0.5916,51753.4638,0.29576355279372907,2.0,0.1026
FE-00276,2016,Building,Steel (A36),Desert Southwest,Mild,26,0.0119,Corrosion,Moderate,895641.0,92161.0,0.1029,Sensor alert,0,0,1,0,2,0.2058,9483.3669,0.10289948762953013,2.0,0.0238
FE-00277,2020,Bridge,Reinforced Concrete,Urban Northeast,Moderate,46,0.0537,Fatigue crack,Minor,1813348.0,71851.0,0.0396,Routine inspection,1,2,1,0,1,0.0396,2845.2996000000003,0.03962339275197039,0.3333333333333333,0.0537
FE-00278,2011,Bridge,Steel (A588 Weathering),Desert Southwest,Mild,52,0.0112,Fatigue crack,Minor,1151714.0,78599.0,0.0682,Public report,0,0,1,0,1,0.0682,5360.4518,0.0682452414401492,1.0,0.0112
FE-00279,2021,Bridge,Composite Steel-Concrete,Rural Midwest,Mild,48,0.0188,Corrosion,Minor,1317041.0,58290.0,0.0443,Sensor alert,1,3,1,0,1,0.0443,2582.247,0.04425830327225956,0.25,0.0188
FE-00280,2017,Bridge,Composite Steel-Concrete,Rural South,Mild,48,0.0523,Corrosion,Catastrophic,433966.0,350202.0,0.807,Sensor alert,1,8,0,1,4,3.228,282613.014,0.8069802703437596,0.4444444444444444,0.2092
FE-00281,2015,Bridge,Steel (A588 Weathering),Urban Northeast,Moderate,70,0.029,Fatigue crack,Major,1416347.0,356445.0,0.2517,Public report,0,0,1,1,3,0.7550999999999999,89717.20649999999,0.25166502276631364,3.0,0.08700000000000001
FE-00282,2011,Bridge,Steel (A36),Coastal California,Moderate,70,0.0792,Corrosion,Major,589360.0,326926.0,0.5547,Routine inspection,0,0,1,0,3,1.6641,181345.8522,0.5547135876204696,3.0,0.23760000000000003
FE-00283,2011,Bridge,Steel (A588 Weathering),Industrial Michigan,Moderate,80,0.0447,Brittle fracture,Major,831623.0,356895.0,0.4292,Emergency,0,0,1,1,3,1.2876,153179.334,0.4291547973059908,3.0,0.1341
FE-00284,2009,Bridge,Prestressed Concrete,Industrial Michigan,Moderate,38,0.0672,Erosion,Moderate,2068748.0,416932.0,0.2015,Emergency,0,0,1,0,2,0.403,84011.79800000001,0.2015383217288911,2.0,0.1344
FE-00285,2007,Power Plant,Reinforced Concrete,Pacific Northwest,Mild,28,0.0232,Erosion,Minor,1564644.0,97693.0,0.0624,Load test,0,0,1,0,1,0.0624,6096.0432,0.062437845286212074,1.0,0.0232
FE-00286,2009,Bridge,Prestressed Concrete,Coastal Carolina,Severe,42,0.0404,Corrosion,Catastrophic,630118.0,701187.0,1.1128,Routine inspection,1,1,0,0,4,4.4512,780280.8936,1.1127868113591421,2.0,0.1616
FE-00287,2014,Bridge,Stainless Steel 316L,Urban Midwest,Moderate,32,0.0066,Fatigue crack,Moderate,933609.0,165188.0,0.1769,Routine inspection,0,0,0,0,2,0.3538,29221.7572,0.17693488387536968,2.0,0.0132
FE-00288,2022,Bridge,Steel (A588 Weathering),Coastal Texas,Severe,70,0.0634,Corrosion,Major,469319.0,318407.0,0.6784,Load test,0,0,1,0,3,2.0352,216007.3088,0.6784447252295347,3.0,0.19019999999999998
FE-00289,2009,Pipeline,Prestressed Concrete,Urban Northeast,Moderate,51,0.07,Fatigue crack,Moderate,404150.0,105435.0,0.2609,Sensor alert,1,3,1,0,2,0.5218,27507.991500000004,0.2608808610664357,0.5,0.14
FE-00290,2022,Building,Steel (A36),Industrial Michigan,Moderate,68,0.0833,Corrosion,Minor,1286187.0,49535.0,0.0385,Public report,0,0,1,0,1,0.0385,1907.0975,0.03851306225300054,1.0,0.0833
FE-00291,2007,Bridge,Prestressed Concrete,Coastal Texas,Severe,41,0.102,Corrosion,Minor,1586299.0,60325.0,0.038,Routine inspection,0,0,0,0,1,0.038,2292.35,0.03802877011206588,1.0,0.102
FE-00292,2020,Building,Steel (A588 Weathering),Coastal Texas,Severe,33,0.0622,Corrosion,Minor,310284.0,12774.0,0.0412,Public report,0,0,1,0,1,0.0412,526.2888,0.04116873573887148,1.0,0.0622
FE-00293,2023,Power Plant,Stainless Steel 316L,Coastal Texas,Severe,64,0.0084,Corrosion,Major,6184962.0,2084645.0,0.3371,Routine inspection,1,6,1,1,3,1.0113,702733.8295,0.33705057525009857,0.42857142857142855,0.0252
FE-00294,2012,Power Plant,Stainless Steel 316L,Urban West,Mild,43,0.0069,Fatigue crack,Minor,1261408.0,58401.0,0.0463,Sensor alert,0,0,1,0,1,0.0463,2703.9663,0.04629826352774043,1.0,0.0069
FE-00295,2013,Bridge,Timber,Urban Northeast,Moderate,25,0.0803,Overload,Catastrophic,3746445.0,2035589.0,0.5433,Public report,0,0,1,1,4,2.1732,1105935.5037,0.5433388185333029,4.0,0.3212
FE-00296,2015,Bridge,Steel (A36),Desert Southwest,Mild,57,0.0133,Erosion,Minor,1645716.0,88642.0,0.0539,Public report,1,1,0,0,1,0.0539,4777.803800000001,0.05386227028235734,0.5,0.0133
FE-00297,2019,Bridge,Steel (A36),Industrial New Jersey,Moderate,53,0.0459,Fatigue crack,Moderate,1210205.0,180208.0,0.1489,Routine inspection,0,0,1,0,2,0.2978,26832.9712,0.14890700335893506,2.0,0.0918
FE-00298,2022,Bridge,Prestressed Concrete,Coastal Carolina,Severe,52,0.0882,Corrosion,Moderate,600045.0,138384.0,0.2306,Load test,1,32,1,0,2,0.4612,31911.3504,0.2306227032972527,0.06060606060606061,0.1764
FE-00299,2006,Bridge,Prestressed Concrete,Urban West,Mild,56,0.0297,Brittle fracture,Moderate,1002980.0,147041.0,0.1466,Routine inspection,1,28,1,0,2,0.2932,21556.210600000002,0.1466041197232248,0.06896551724137931,0.0594
FE-00300,2009,Bridge,Reinforced Concrete,Coastal Florida,Severe,31,0.0808,Buckling,Major,2100932.0,678003.0,0.3227,Routine inspection,1,9,0,1,3,0.9681,218791.5681,0.3227153472839673,0.3,0.2424
FE-00301,2023,Building,Aluminium Alloy,Industrial New Jersey,Moderate,41,0.0865,Fatigue crack,Minor,202567.0,9970.0,0.0492,Routine inspection,1,8,1,0,1,0.0492,490.524,0.04921828333341561,0.1111111111111111,0.0865
FE-00302,2016,Pipeline,Reinforced Concrete,Industrial Michigan,Moderate,54,0.0504,Fatigue crack,Minor,1653258.0,55446.0,0.0335,Routine inspection,1,15,1,0,1,0.0335,1857.441,0.03353741521287058,0.0625,0.0504
FE-00303,2005,Bridge,Prestressed Concrete,Industrial Ohio,Moderate,49,0.0464,Corrosion,Major,187703.0,98499.0,0.5248,Sensor alert,0,0,0,1,3,1.5744000000000002,51692.275200000004,0.5247598599915825,3.0,0.1392
FE-00304,2022,Bridge,Steel (A36),Rural Midwest,Mild,41,0.0413,Brittle fracture,Minor,2130519.0,139754.0,0.0656,Routine inspection,0,0,1,0,1,0.0656,9167.8624,0.06559622326766389,1.0,0.0413
FE-00305,2011,Building,Composite Steel-Concrete,Coastal Florida,Severe,41,0.115,Buckling,Moderate,1313929.0,305766.0,0.2327,Emergency,0,0,1,0,2,0.4654,71151.7482,0.23271120433448078,2.0,0.23
FE-00306,2022,Bridge,Steel (A514 HY),Rural Midwest,Mild,55,0.0169,Erosion,Catastrophic,886710.0,1020290.0,1.1506,Routine inspection,0,0,0,1,4,4.6024,1173945.674,1.1506467729020762,4.0,0.0676
FE-00307,2023,Building,Prestressed Concrete,Rural South,Mild,47,0.0552,Corrosion,Catastrophic,610487.0,657762.0,1.0774,Load test,1,4,1,1,4,4.3096,708672.7788,1.077438176406705,0.8,0.2208
FE-00308,2007,Pipeline,Steel (A588 Weathering),Industrial New Jersey,Moderate,40,0.0507,Fatigue crack,Moderate,5630901.0,569175.0,0.1011,Routine inspection,0,0,0,0,2,0.2022,57543.5925,0.10108062635091614,2.0,0.1014
FE-00309,2009,Power Plant,Reinforced Concrete,Coastal Florida,Severe,50,0.05,Buckling,Moderate,2451280.0,436037.0,0.1779,Emergency,1,1,1,0,2,0.3558,77570.9823,0.177881351783558,1.0,0.1
FE-00310,2009,Bridge,Reinforced Concrete,Urban West,Mild,31,0.0208,Fatigue crack,Catastrophic,4323240.0,5553242.0,1.2845,Routine inspection,0,0,1,0,4,5.138,7133139.348999999,1.2845093032077795,4.0,0.0832
FE-00311,2006,Bridge,Steel (A36),Rural Mountain,Mild,20,0.0169,Corrosion,Moderate,7306421.0,789354.0,0.108,Public report,0,0,1,0,2,0.216,85250.232,0.10803565795072581,2.0,0.0338
FE-00312,2023,Pipeline,Prestressed Concrete,Coastal Florida,Severe,22,0.147,Overload,Minor,2708482.0,77207.0,0.0285,Public report,0,0,1,0,1,0.0285,2200.3995,0.028505635259898347,1.0,0.147
FE-00313,2010,Bridge,Reinforced Concrete,Coastal Florida,Severe,35,0.1432,Overload,Moderate,359223.0,71077.0,0.1979,Emergency,1,17,0,0,2,0.3958,14066.138299999999,0.197863165777247,0.1111111111111111,0.2864
FE-00314,2013,Bridge,Steel (A514 HY),Industrial Michigan,Moderate,50,0.0522,Buckling,Major,1844149.0,800232.0,0.4339,Public report,0,0,1,1,3,1.3017,347220.6648,0.4339302301495161,3.0,0.15660000000000002
FE-00315,2018,Building,Composite Steel-Concrete,Coastal California,Moderate,47,0.0701,Overload,Minor,893672.0,39429.0,0.0441,Sensor alert,0,0,1,0,1,0.0441,1738.8189,0.044120214127778425,1.0,0.0701
FE-00316,2012,Building,Reinforced Concrete,Rural South,Mild,24,0.056,Brittle fracture,Moderate,1845935.0,286972.0,0.1555,Public report,0,0,1,0,2,0.311,44624.146,0.15546159534328133,2.0,0.112
FE-00317,2016,Bridge,Steel (A36),Urban West,Mild,45,0.0409,Corrosion,Major,408855.0,158123.0,0.3867,Public report,0,0,1,1,3,1.1601,61146.164099999995,0.3867459123650194,3.0,0.1227
FE-00318,2010,Pipeline,Steel (A36),Industrial Ohio,Moderate,74,0.0668,Erosion,Major,404642.0,252017.0,0.6228,Routine inspection,1,5,0,1,3,1.8684,156956.1876,0.6228147350003213,0.5,0.2004
FE-00319,2013,Building,Stainless Steel 316L,Desert Southwest,Mild,54,0.0019,Erosion,Major,1828472.0,1269724.0,0.6944,Emergency,1,8,0,1,3,2.0832,881696.3456,0.6944180714826369,0.3333333333333333,0.0057
FE-00320,2020,Bridge,Reinforced Concrete,Urban West,Mild,21,0.0259,Fatigue crack,Major,2069903.0,1339396.0,0.6471,Routine inspection,0,0,0,0,3,1.9413,866723.1516,0.6470815299074401,3.0,0.07769999999999999
FE-00321,2009,Bridge,Steel (A36),Urban Northeast,Moderate,43,0.066,Corrosion,Moderate,2548966.0,509966.0,0.2001,Sensor alert,1,11,0,0,2,0.4002,102044.1966,0.20006779219495277,0.16666666666666666,0.132
FE-00322,2022,Building,Steel (A36),Rural Midwest,Mild,28,0.0209,Overload,Major,155148.0,77686.0,0.5007,Public report,0,0,1,0,3,1.5021,38897.3802,0.5007218913553511,3.0,0.06269999999999999
FE-00323,2006,Building,Prestressed Concrete,Coastal Carolina,Severe,63,0.0754,Brittle fracture,Catastrophic,6553196.0,4737381.0,0.7229,Load test,0,0,1,1,4,2.8916,3424652.7249,0.7229115381258244,4.0,0.3016
FE-00324,2009,Power Plant,Reinforced Concrete,Coastal Florida,Severe,33,0.0781,Fatigue crack,Moderate,745416.0,205515.0,0.2757,Routine inspection,0,0,0,0,2,0.5514,56660.4855,0.2757051096300589,2.0,0.1562
FE-00325,2021,Power Plant,Cast Iron,Industrial New Jersey,Moderate,31,0.0992,Brittle fracture,Moderate,2744563.0,415654.0,0.1514,Sensor alert,1,0,1,0,2,0.3028,62930.015600000006,0.15144633225763082,2.0,0.1984
FE-00326,2007,Bridge,Steel (A36),Rural Mountain,Mild,55,0.0113,Creep,Major,3017192.0,966173.0,0.3202,Sensor alert,0,0,0,1,3,0.9605999999999999,309368.5946,0.3202225778140735,3.0,0.0339
FE-00327,2023,Pipeline,Steel (A588 Weathering),Industrial New Jersey,Moderate,61,0.0401,Buckling,Moderate,2499356.0,701406.0,0.2806,Public report,0,0,1,0,2,0.5612,196814.52360000001,0.28063469149652953,2.0,0.0802
FE-00328,2020,Bridge,Steel (A514 HY),Industrial Ohio,Moderate,65,0.0459,Corrosion,Minor,2986358.0,98402.0,0.033,Routine inspection,0,0,1,0,1,0.033,3247.266,0.032950503589991555,1.0,0.0459
FE-00329,2020,Pipeline,Prestressed Concrete,Coastal California,Moderate,39,0.0634,Fatigue crack,Major,325290.0,174761.0,0.5372,Routine inspection,0,0,1,1,3,1.6116000000000001,93881.6092,0.5372467644255895,3.0,0.19019999999999998
FE-00330,2012,Bridge,Steel (A36),Coastal Carolina,Severe,49,0.1121,Corrosion,Minor,926837.0,33848.0,0.0365,Load test,0,0,0,0,1,0.0365,1235.452,0.036519905873416796,1.0,0.1121
FE-00331,2006,Bridge,Steel (A36),Desert Southwest,Mild,52,0.0237,Settlement,Minor,434341.0,22199.0,0.0511,Routine inspection,0,0,1,0,1,0.0511,1134.3689,0.051109612032941856,1.0,0.0237
FE-00332,2016,Building,Prestressed Concrete,Rural Mountain,Mild,26,0.0149,Overload,Major,368406.0,179789.0,0.488,Routine inspection,0,0,1,0,3,1.464,87737.03199999999,0.4880186533335505,3.0,0.044700000000000004
FE-00333,2012,Pipeline,Reinforced Concrete,Rural South,Mild,56,0.0303,Brittle fracture,Minor,364093.0,20733.0,0.0569,Sensor alert,0,0,1,0,1,0.0569,1179.7077,0.05694424226777225,1.0,0.0303
FE-00334,2015,Building,Prestressed Concrete,Rural Mountain,Mild,25,0.0188,Corrosion,Major,3623013.0,1330541.0,0.3672,Sensor alert,1,4,1,1,3,1.1016000000000001,488574.65520000004,0.3672470951663712,0.6,0.056400000000000006
FE-00335,2006,Pipeline,Aluminium Alloy,Urban Midwest,Moderate,15,0.0313,Fatigue crack,Moderate,590619.0,142875.0,0.2419,Public report,0,0,1,0,2,0.4838,34561.4625,0.24190721937492699,2.0,0.0626
FE-00336,2013,Pipeline,Prestressed Concrete,Coastal Texas,Severe,50,0.0595,Brittle fracture,Minor,921744.0,53555.0,0.0581,Routine inspection,1,11,1,0,1,0.0581,3111.5454999999997,0.058101815688520894,0.08333333333333333,0.0595
FE-00337,2011,Bridge,Steel (A36),Industrial Ohio,Moderate,29,0.0769,Brittle fracture,Minor,1993588.0,122088.0,0.0612,Routine inspection,0,0,1,0,1,0.0612,7471.785599999999,0.06124033651887953,1.0,0.0769
FE-00338,2013,Pipeline,Reinforced Concrete,Pacific Northwest,Mild,45,0.0222,Creep,Moderate,1087611.0,136087.0,0.1251,Routine inspection,0,0,0,0,2,0.2502,17024.483699999997,0.12512469991568675,2.0,0.0444
FE-00339,2014,Building,Prestressed Concrete,Urban Northeast,Moderate,62,0.0876,Fatigue crack,Moderate,236134.0,23867.0,0.1011,Routine inspection,0,0,0,0,2,0.2022,2412.9537,0.10107396647666156,2.0,0.1752
FE-00340,2012,Bridge,Steel (A36),Industrial New Jersey,Moderate,37,0.0832,Buckling,Moderate,2289170.0,391673.0,0.1711,Routine inspection,0,0,0,0,2,0.3422,67015.2503,0.17109825832070139,2.0,0.1664
FE-00341,2018,Pipeline,Reinforced Concrete,Rural Midwest,Mild,27,0.0445,Fatigue crack,Moderate,12669189.0,3570613.0,0.2818,Load test,0,0,1,0,2,0.5636,1006198.7434,0.28183437787533205,2.0,0.089
FE-00342,2007,Bridge,Reinforced Concrete,Pacific Northwest,Mild,58,0.0454,Creep,Minor,1903977.0,112612.0,0.0591,Sensor alert,1,5,1,0,1,0.0591,6655.3692,0.05914567245297606,0.16666666666666666,0.0454
FE-00343,2021,Power Plant,Reinforced Concrete,Urban West,Mild,38,0.0572,Corrosion,Moderate,1159470.0,225666.0,0.1946,Routine inspection,1,16,1,0,2,0.3892,43914.6036,0.19462858029961966,0.11764705882352941,0.1144
FE-00344,2005,Bridge,FRP Composite,Urban West,Mild,47,0.0206,Settlement,Major,4092590.0,1556934.0,0.3804,Load test,1,11,0,0,3,1.1412,592257.6936,0.38042755321202465,0.25,0.0618
FE-00345,2014,Pipeline,Steel (A588 Weathering),Coastal Carolina,Severe,47,0.0533,Overload,Minor,426633.0,25483.0,0.0597,Sensor alert,0,0,1,0,1,0.0597,1521.3351,0.05973049435932054,1.0,0.0533
FE-00346,2014,Pipeline,Steel (A36),Urban Midwest,Moderate,70,0.0668,Buckling,Moderate,511830.0,123682.0,0.2416,Routine inspection,1,0,0,0,2,0.4832,29881.571200000002,0.2416466404860989,2.0,0.1336
FE-00347,2017,Power Plant,Prestressed Concrete,Urban Northeast,Moderate,42,0.0573,Erosion,Major,5383239.0,2474493.0,0.4597,Sensor alert,1,12,1,1,3,1.3791,1137524.4321,0.45966619724667623,0.23076923076923078,0.1719
FE-00348,2016,Bridge,Composite Steel-Concrete,Coastal California,Moderate,49,0.049,Settlement,Moderate,896813.0,178497.0,0.199,Routine inspection,0,0,1,0,2,0.398,35520.903,0.19903480435720713,2.0,0.098
FE-00349,2018,Building,Prestressed Concrete,Urban Northeast,Moderate,41,0.032,Creep,Minor,1816765.0,130462.0,0.0718,Sensor alert,0,0,1,0,1,0.0718,9367.1716,0.0718100579876869,1.0,0.032
FE-00350,2013,Bridge,Steel (A588 Weathering),Urban West,Mild,59,0.0211,Fatigue crack,Moderate,1462917.0,240650.0,0.1645,Sensor alert,1,9,0,0,2,0.329,39586.925,0.1645001049273472,0.2,0.0422
FE-00351,2020,Pipeline,Reinforced Concrete,Industrial Michigan,Moderate,41,0.0596,Settlement,Minor,53038.0,2956.0,0.0557,Public report,0,0,1,0,1,0.0557,164.6492,0.05573362494815038,1.0,0.0596
FE-00352,2023,Pipeline,FRP Composite,Desert Southwest,Mild,44,0.0126,Corrosion,Catastrophic,1130111.0,1133116.0,1.0027,Routine inspection,0,0,1,0,4,4.0108,1136175.4131999998,1.0026590308385637,4.0,0.0504
FE-00353,2021,Bridge,Composite Steel-Concrete,Urban Midwest,Moderate,55,0.0289,Creep,Major,676729.0,248546.0,0.3673,Routine inspection,1,8,1,0,3,1.1019,91290.9458,0.3672755268357053,0.3333333333333333,0.0867
FE-00354,2005,Building,Prestressed Concrete,Desert Southwest,Mild,31,0.0167,Fatigue crack,Minor,517935.0,35926.0,0.0694,Routine inspection,0,0,1,0,1,0.0694,2493.2644,0.06936391632154613,1.0,0.0167
FE-00355,2006,Bridge,Reinforced Concrete,Industrial New Jersey,Moderate,18,0.0974,Buckling,Moderate,46511.0,13564.0,0.2916,Public report,0,0,1,0,2,0.5832,3955.2624000000005,0.2916299370041496,2.0,0.1948
FE-00356,2023,Pipeline,Timber,Coastal California,Moderate,38,0.0794,Erosion,Minor,4295183.0,112566.0,0.0262,Emergency,0,0,1,0,1,0.0262,2949.2292,0.026207498027441437,1.0,0.0794
FE-00357,2015,Pipeline,Composite Steel-Concrete,Coastal Carolina,Severe,59,0.0987,Fatigue crack,Minor,1866905.0,109667.0,0.0587,Emergency,0,0,0,0,1,0.0587,6437.4529,0.05874267839016983,1.0,0.0987
FE-00358,2021,Bridge,Stainless Steel 316L,Desert Southwest,Mild,46,0.0016,Settlement,Major,626482.0,166139.0,0.2652,Routine inspection,1,5,0,0,3,0.7956,44060.0628,0.2651935729997031,0.5,0.0048000000000000004
FE-00359,2016,Bridge,Reinforced Concrete,Rural Mountain,Mild,51,0.0227,Settlement,Catastrophic,1173023.0,1097641.0,0.9357,Routine inspection,1,18,1,0,4,3.7428,1027062.6836999999,0.9357369804343137,0.21052631578947367,0.0908
FE-00360,2010,Pipeline,Prestressed Concrete,Coastal Florida,Severe,65,0.0862,Corrosion,Moderate,648370.0,139912.0,0.2158,Routine inspection,0,0,1,0,2,0.4316,30193.009599999998,0.21579036661165693,2.0,0.1724
FE-00361,2013,Bridge,Prestressed Concrete,Coastal California,Moderate,28,0.0474,Creep,Minor,1599675.0,45362.0,0.0284,Routine inspection,1,1,1,0,1,0.0284,1288.2808,0.028357010017659837,0.5,0.0474
FE-00362,2015,Bridge,Steel (A588 Weathering),Rural South,Mild,77,0.0236,Settlement,Minor,3461888.0,102340.0,0.0296,Sensor alert,0,0,0,0,1,0.0296,3029.264,0.029561903793536938,1.0,0.0236
FE-00363,2020,Pipeline,Steel (A36),Industrial Michigan,Moderate,27,0.0353,Settlement,Minor,1688658.0,83576.0,0.0495,Sensor alert,1,0,1,0,1,0.0495,4137.012000000001,0.04949255562701269,1.0,0.0353
FE-00364,2019,Bridge,Reinforced Concrete,Coastal California,Moderate,65,0.056,Corrosion,Major,2792760.0,1004609.0,0.3597,Routine inspection,0,0,1,1,3,1.0791,361357.85730000003,0.3597190592818574,3.0,0.168
FE-00365,2009,Bridge,Steel (A36),Industrial New Jersey,Moderate,34,0.0626,Corrosion,Moderate,4048881.0,1031050.0,0.2547,Load test,0,0,0,0,2,0.5094,262608.435,0.2546506059328491,2.0,0.1252
FE-00366,2008,Bridge,Aluminium Alloy,Pacific Northwest,Mild,35,0.0298,Erosion,Major,2197197.0,1225378.0,0.5577,Load test,0,0,1,1,3,1.6730999999999998,683393.3106,0.557700561215039,3.0,0.08940000000000001
FE-00367,2017,Bridge,Steel (A588 Weathering),Rural Midwest,Mild,65,0.017,Fatigue crack,Moderate,457990.0,75887.0,0.1657,Routine inspection,0,0,1,0,2,0.3314,12574.4759,0.16569575754929147,2.0,0.034
FE-00368,2011,Bridge,Steel (A36),Urban West,Mild,25,0.0307,Fatigue crack,Minor,1641767.0,86800.0,0.0529,Routine inspection,0,0,1,0,1,0.0529,4591.72,0.0528698652122987,1.0,0.0307
FE-00369,2013,Power Plant,Reinforced Concrete,Rural South,Mild,46,0.0315,Corrosion,Minor,1724965.0,84774.0,0.0491,Routine inspection,0,0,1,0,1,0.0491,4162.4034,0.049145344978014045,1.0,0.0315
FE-00370,2016,Bridge,Prestressed Concrete,Industrial Ohio,Moderate,47,0.081,Fatigue crack,Major,5579125.0,1644252.0,0.2947,Sensor alert,1,1,1,0,3,0.8841000000000001,484561.06440000003,0.29471503147895056,1.5,0.243
FE-00371,2015,Bridge,Steel (A36),Rural South,Mild,52,0.0517,Brittle fracture,Catastrophic,1347845.0,1973921.0,1.4645,Public report,1,14,1,1,4,5.858,2890807.3044999996,1.4645014819953333,0.26666666666666666,0.2068
FE-00372,2005,Power Plant,Reinforced Concrete,Coastal California,Moderate,32,0.0596,Fatigue crack,Major,957323.0,703379.0,0.7347,Routine inspection,0,0,1,1,3,2.2041,516772.5513,0.734735298326688,3.0,0.17880000000000001
FE-00373,2011,Bridge,Steel (A36),Coastal California,Moderate,41,0.0488,Corrosion,Moderate,2481576.0,709613.0,0.286,Sensor alert,1,46,1,0,2,0.572,202949.31799999997,0.2859525559563761,0.0425531914893617,0.0976
FE-00374,2009,Building,Steel (A36),Rural South,Mild,61,0.0389,Fatigue crack,Major,435483.0,283892.0,0.6519,Emergency,0,0,1,0,3,1.9557000000000002,185069.1948,0.6519014519510521,3.0,0.1167
FE-00375,2017,Bridge,Composite Steel-Concrete,Pacific Northwest,Mild,24,0.0556,Erosion,Catastrophic,1206663.0,1026493.0,0.8507,Routine inspection,0,0,0,0,4,3.4028,873237.5951,0.8506873915915214,4.0,0.2224
FE-00376,2011,Power Plant,Prestressed Concrete,Urban West,Mild,42,0.0302,Brittle fracture,Major,952033.0,327575.0,0.3441,Emergency,0,0,1,1,3,1.0323,112718.55750000001,0.34407945943050294,3.0,0.0906
FE-00377,2017,Pipeline,Reinforced Concrete,Urban West,Mild,30,0.0355,Corrosion,Moderate,6842363.0,1493691.0,0.2183,Sensor alert,0,0,1,0,2,0.4366,326072.7453,0.21830046140492693,2.0,0.071
FE-00378,2023,Pipeline,Steel (A36),Industrial Michigan,Moderate,37,0.0455,Overload,Moderate,227623.0,55170.0,0.2424,Emergency,0,0,1,0,2,0.4848,13373.208,0.24237445249381653,2.0,0.091
FE-00379,2021,Power Plant,Prestressed Concrete,Coastal Carolina,Severe,71,0.0647,Buckling,Moderate,603094.0,100298.0,0.1663,Emergency,0,0,1,0,2,0.3326,16679.5574,0.1663057500157521,2.0,0.1294
FE-00380,2013,Bridge,Reinforced Concrete,Coastal Florida,Severe,38,0.0982,Overload,Major,7415044.0,5250625.0,0.7081,Routine inspection,1,0,1,0,3,2.1243,3717967.5624999995,0.708104361889154,3.0,0.2946
FE-00381,2005,Pipeline,Steel (A36),Coastal Texas,Severe,24,0.1037,Corrosion,Catastrophic,163947.0,182486.0,1.1131,Emergency,0,0,0,1,4,4.4524,203125.1666,1.1130792268233027,4.0,0.4148
FE-00382,2011,Pipeline,Steel (A588 Weathering),Rural Mountain,Mild,16,0.0068,Fatigue crack,Minor,986043.0,51402.0,0.0521,Public report,0,0,1,0,1,0.0521,2678.0442,0.0521295724425811,1.0,0.0068
FE-00383,2008,Bridge,Steel (A36),Industrial New Jersey,Moderate,44,0.0792,Erosion,Major,269570.0,80856.0,0.2999,Sensor alert,1,12,1,1,3,0.8996999999999999,24248.7144,0.29994435582594503,0.23076923076923078,0.23760000000000003
FE-00384,2017,Pipeline,Steel (A36),Industrial New Jersey,Moderate,32,0.0851,Fatigue crack,Minor,153509.0,9957.0,0.0649,Sensor alert,0,0,1,0,1,0.0649,646.2093,0.06486264648978236,1.0,0.0851
FE-00385,2018,Building,Reinforced Concrete,Coastal Carolina,Severe,48,0.0457,Erosion,Major,3600580.0,2212492.0,0.6145,Emergency,0,0,1,0,3,1.8435000000000001,1359576.334,0.6144821112154153,3.0,0.1371
FE-00386,2019,Bridge,Steel (A36),Coastal Carolina,Severe,49,0.0908,Brittle fracture,Minor,636215.0,38948.0,0.0612,Public report,0,0,0,0,1,0.0612,2383.6176,0.06121829884551606,1.0,0.0908
FE-00387,2011,Power Plant,Steel (A588 Weathering),Industrial Michigan,Moderate,63,0.0265,Fatigue crack,Minor,1314978.0,82823.0,0.063,Public report,0,0,1,0,1,0.063,5217.849,0.0629843236921074,1.0,0.0265
FE-00388,2018,Building,Composite Steel-Concrete,Industrial Michigan,Moderate,58,0.0548,Overload,Minor,4149091.0,171532.0,0.0413,Routine inspection,1,7,1,0,1,0.0413,7084.271600000001,0.041342067455257064,0.125,0.0548
FE-00389,2015,Bridge,Prestressed Concrete,Coastal Texas,Severe,34,0.0931,Erosion,Minor,1226200.0,31710.0,0.0259,Public report,1,2,1,0,1,0.0259,821.289,0.02586038166693851,0.3333333333333333,0.0931
FE-00390,2006,Power Plant,Steel (A514 HY),Urban Midwest,Moderate,29,0.0329,Brittle fracture,Moderate,187168.0,39497.0,0.211,Routine inspection,0,0,1,0,2,0.422,8333.867,0.211024320396649,2.0,0.0658
FE-00391,2022,Bridge,Steel (A36),Industrial Ohio,Moderate,56,0.0306,Corrosion,Minor,746276.0,22007.0,0.0295,Sensor alert,0,0,0,0,1,0.0295,649.2065,0.0294890898273561,1.0,0.0306
FE-00392,2010,Bridge,Prestressed Concrete,Rural Midwest,Mild,36,0.0259,Corrosion,Minor,2555977.0,77094.0,0.0302,Sensor alert,0,0,0,0,1,0.0302,2328.2388,0.030162243243972854,1.0,0.0259
FE-00393,2010,Bridge,Prestressed Concrete,Desert Southwest,Mild,45,0.0235,Corrosion,Minor,676385.0,26806.0,0.0396,Sensor alert,0,0,0,0,1,0.0396,1061.5176000000001,0.03963127508741324,1.0,0.0235
FE-00394,2016,Bridge,Prestressed Concrete,Rural Mountain,Mild,35,0.0162,Fatigue crack,Minor,247102.0,12932.0,0.0523,Routine inspection,0,0,0,0,1,0.0523,676.3436,0.05233466341834546,1.0,0.0162
FE-00395,2007,Pipeline,Steel (A36),Pacific Northwest,Mild,53,0.0433,Corrosion,Minor,1523209.0,49343.0,0.0324,Routine inspection,1,2,1,0,1,0.0324,1598.7132,0.032394110066313944,0.3333333333333333,0.0433
FE-00396,2011,Bridge,Prestressed Concrete,Coastal Carolina,Severe,55,0.1161,Settlement,Moderate,1727208.0,327648.0,0.1897,Public report,1,10,0,0,2,0.3794,62154.825600000004,0.18969805605346896,0.18181818181818182,0.2322
FE-00397,2006,Building,Steel (A588 Weathering),Coastal California,Moderate,36,0.0244,Fatigue crack,Minor,694580.0,39861.0,0.0574,Emergency,0,0,1,0,1,0.0574,2288.0214,0.057388637737913556,1.0,0.0244
FE-00398,2012,Bridge,Reinforced Concrete,Desert Southwest,Mild,18,0.0163,Corrosion,Moderate,371136.0,89015.0,0.2398,Routine inspection,1,1,1,0,2,0.4796,21345.797000000002,0.23984469305052594,1.0,0.0326
FE-00399,2013,Building,Steel (A36),Coastal California,Moderate,51,0.0423,Overload,Minor,4167604.0,213478.0,0.0512,Sensor alert,1,7,1,0,1,0.0512,10930.0736,0.0512231968296412,0.125,0.0423
FE-00400,2018,Bridge,Prestressed Concrete,Urban West,Mild,52,0.0417,Overload,Moderate,4948248.0,1385273.0,0.28,Sensor alert,0,0,1,0,2,0.56,387876.44000000006,0.27995221743130094,2.0,0.0834
FE-00401,2008,Pipeline,Reinforced Concrete,Rural Midwest,Mild,43,0.0191,Fatigue crack,Moderate,614378.0,64127.0,0.1044,Routine inspection,0,0,1,0,2,0.2088,6694.858800000001,0.10437710985744933,2.0,0.0382
FE-00402,2019,Power Plant,Steel (A36),Coastal California,Moderate,34,0.0825,Brittle fracture,Catastrophic,952651.0,682763.0,0.7167,Routine inspection,1,1,0,0,4,2.8668,489336.2421,0.7166979303018629,2.0,0.33
FE-00403,2015,Bridge,Reinforced Concrete,Coastal Texas,Severe,31,0.0724,Fatigue crack,Major,262809.0,170496.0,0.6487,Sensor alert,1,2,1,0,3,1.9461000000000002,110600.75520000001,0.64874490599637,1.0,0.2172
FE-00404,2006,Bridge,Prestressed Concrete,Rural Mountain,Mild,65,0.0127,Corrosion,Moderate,799325.0,154311.0,0.1931,Emergency,1,20,1,0,2,0.3862,29797.4541,0.1930516373189879,0.09523809523809523,0.0254
FE-00405,2015,Bridge,Reinforced Concrete,Coastal California,Moderate,56,0.1016,Corrosion,Minor,433834.0,15455.0,0.0356,Sensor alert,1,22,0,0,1,0.0356,550.198,0.03562422493396092,0.043478260869565216,0.1016
FE-00406,2012,Bridge,Steel (A36),Rural Midwest,Mild,32,0.0277,Fatigue crack,Major,6251441.0,3036621.0,0.4857,Routine inspection,0,0,0,0,3,1.4571,1474886.8197,0.4857473660872749,3.0,0.0831
FE-00407,2006,Bridge,Reinforced Concrete,Urban Midwest,Moderate,32,0.061,Fatigue crack,Moderate,658668.0,106572.0,0.1618,Sensor alert,0,0,1,0,2,0.3236,17243.3496,0.1617992676128186,2.0,0.122
FE-00408,2017,Bridge,Steel (A588 Weathering),Coastal Florida,Severe,28,0.0318,Overload,Minor,349640.0,23577.0,0.0674,Emergency,0,0,1,0,1,0.0674,1589.0898,0.0674322159935934,1.0,0.0318
FE-00409,2008,Building,Aluminium Alloy,Coastal Florida,Severe,34,0.1404,Overload,Major,751130.0,233517.0,0.3109,Routine inspection,0,0,1,0,3,0.9327000000000001,72600.4353,0.3108875960219935,3.0,0.4212
FE-00410,2010,Bridge,Steel (A36),Urban Midwest,Moderate,25,0.0719,Corrosion,Moderate,335040.0,91501.0,0.2731,Load test,0,0,1,0,2,0.5462,24988.9231,0.2731047039159503,2.0,0.1438
FE-00411,2010,Pipeline,Steel (A36),Urban West,Mild,36,0.0445,Fatigue crack,Minor,1249936.0,36041.0,0.0288,Sensor alert,0,0,1,0,1,0.0288,1037.9808,0.028834276314947324,1.0,0.0445
FE-00412,2005,Bridge,Steel (A588 Weathering),Rural South,Mild,45,0.0227,Creep,Major,730534.0,506563.0,0.6934,Routine inspection,0,0,1,0,3,2.0802,351250.7842,0.6934146802202225,3.0,0.06810000000000001
FE-00413,2007,Pipeline,Reinforced Concrete,Urban Northeast,Moderate,28,0.0389,Fatigue crack,Moderate,954174.0,146161.0,0.1532,Routine inspection,1,7,1,0,2,0.3064,22391.8652,0.15318065677748502,0.25,0.0778
FE-00414,2013,Pipeline,Prestressed Concrete,Pacific Northwest,Mild,36,0.0554,Fatigue crack,Moderate,927084.0,221957.0,0.2394,Sensor alert,0,0,0,0,2,0.4788,53136.5058,0.2394141199718688,2.0,0.1108
FE-00415,2023,Bridge,Aluminium Alloy,Rural South,Mild,41,0.0449,Buckling,Catastrophic,776778.0,628410.0,0.809,Emergency,0,0,0,1,4,3.236,508383.69000000006,0.8089956203702988,4.0,0.1796
FE-00416,2011,Bridge,Timber,Rural South,Mild,48,0.0565,Corrosion,Moderate,2023195.0,545977.0,0.2699,Routine inspection,0,0,1,0,2,0.5398,147359.1923,0.26985881242292514,2.0,0.113
FE-00417,2015,Power Plant,Composite Steel-Concrete,Industrial Michigan,Moderate,47,0.0764,Fatigue crack,Minor,2310518.0,113757.0,0.0492,Sensor alert,1,24,1,0,1,0.0492,5596.8444,0.049234414101080363,0.04,0.0764
FE-00418,2018,Building,Prestressed Concrete,Industrial Ohio,Moderate,55,0.0521,Brittle fracture,Minor,607516.0,39673.0,0.0653,Public report,1,4,1,0,1,0.0653,2590.6468999999997,0.0653036298632464,0.2,0.0521
FE-00419,2010,Bridge,Reinforced Concrete,Coastal California,Moderate,74,0.1014,Fatigue crack,Major,1719422.0,710064.0,0.413,Load test,1,2,1,1,3,1.2389999999999999,293256.432,0.4129666829899815,1.0,0.3042
FE-00420,2006,Bridge,Steel (A588 Weathering),Rural Midwest,Mild,34,0.0079,Corrosion,Moderate,551871.0,122137.0,0.2213,Routine inspection,1,14,1,0,2,0.4426,27028.9181,0.22131440137278457,0.13333333333333333,0.0158
FE-00421,2007,Bridge,Timber,Rural Mountain,Mild,32,0.0246,Corrosion,Minor,947007.0,68836.0,0.0727,Load test,0,0,1,0,1,0.0727,5004.3772,0.07268795267616818,1.0,0.0246
FE-00422,2006,Bridge,Timber,Urban Midwest,Moderate,14,0.0301,Fatigue crack,Major,1355753.0,378967.0,0.2795,Load test,0,0,0,1,3,0.8385,105921.2765,0.27952510523672086,3.0,0.09029999999999999
FE-00423,2022,Bridge,Steel (A588 Weathering),Urban West,Mild,57,0.0293,Fatigue crack,Minor,563436.0,15881.0,0.0282,Routine inspection,1,6,1,0,1,0.0282,447.8442,0.02818598740584556,0.14285714285714285,0.0293
FE-00424,2012,Bridge,Steel (A36),Coastal California,Moderate,61,0.0532,Settlement,Catastrophic,937498.0,1312579.0,1.4001,Emergency,1,9,1,1,4,5.6004,1837741.8579,1.4000872535194742,0.4,0.2128
FE-00425,2007,Pipeline,Reinforced Concrete,Rural South,Mild,60,0.0254,Corrosion,Catastrophic,1756390.0,2306812.0,1.3134,Routine inspection,1,21,1,1,4,5.2536,3029766.8808,1.313382563098173,0.18181818181818182,0.1016
FE-00426,2015,Bridge,Reinforced Concrete,Rural Mountain,Mild,29,0.0126,Fatigue crack,Minor,1794368.0,47254.0,0.0263,Routine inspection,0,0,0,0,1,0.0263,1242.7802,0.026334620323144417,1.0,0.0126
FE-00427,2009,Bridge,Steel (A36),Industrial New Jersey,Moderate,89,0.0966,Fatigue crack,Minor,629229.0,22832.0,0.0363,Emergency,0,0,1,0,1,0.0363,828.8016,0.03628567659786818,1.0,0.0966
FE-00428,2010,Bridge,Composite Steel-Concrete,Coastal Carolina,Severe,45,0.0465,Brittle fracture,Minor,821658.0,31700.0,0.0386,Load test,1,19,1,0,1,0.0386,1223.6200000000001,0.038580528638435946,0.05,0.0465
FE-00429,2020,Bridge,Steel (A514 HY),Coastal California,Moderate,61,0.0842,Fatigue crack,Minor,210074.0,8934.0,0.0425,Emergency,0,0,0,0,1,0.0425,379.69500000000005,0.042527871131125224,1.0,0.0842
FE-00430,2016,Bridge,Reinforced Concrete,Pacific Northwest,Mild,51,0.0521,Corrosion,Moderate,474502.0,55867.0,0.1177,Sensor alert,0,0,1,0,2,0.2354,6575.5459,0.11773817602454784,2.0,0.1042
FE-00431,2013,Bridge,Composite Steel-Concrete,Pacific Northwest,Mild,40,0.0393,Fatigue crack,Major,1760858.0,546119.0,0.3101,Sensor alert,1,4,0,1,3,0.9302999999999999,169351.5019,0.31014369131412073,0.6,0.1179
FE-00432,2014,Building,Prestressed Concrete,Coastal Carolina,Severe,27,0.1064,Corrosion,Catastrophic,3640244.0,2363131.0,0.6492,Emergency,1,8,1,0,4,2.5968,1534144.6452,0.6491682975097274,0.4444444444444444,0.4256
FE-00433,2016,Pipeline,Reinforced Concrete,Coastal Texas,Severe,57,0.0679,Fatigue crack,Major,102388.0,39165.0,0.3825,Routine inspection,0,0,0,1,3,1.1475,14980.612500000001,0.38251552916357384,3.0,0.2037
FE-00434,2012,Pipeline,Prestressed Concrete,Urban West,Mild,42,0.0517,Overload,Major,1066389.0,752601.0,0.7057,Sensor alert,0,0,1,0,3,2.1170999999999998,531110.5257,0.7057471523055846,3.0,0.15510000000000002
FE-00435,2006,Pipeline,Prestressed Concrete,Coastal Carolina,Severe,76,0.1034,Fatigue crack,Minor,5581631.0,224913.0,0.0403,Sensor alert,1,20,1,0,1,0.0403,9063.993900000001,0.04029521120260368,0.047619047619047616,0.1034
FE-00436,2017,Bridge,Prestressed Concrete,Urban Midwest,Moderate,52,0.0749,Erosion,Moderate,1107864.0,198041.0,0.1788,Sensor alert,1,14,0,0,2,0.3576,35409.7308,0.17875930619642844,0.13333333333333333,0.1498
FE-00437,2019,Building,Steel (A588 Weathering),Coastal Carolina,Severe,89,0.0463,Fatigue crack,Catastrophic,1008644.0,1124878.0,1.1152,Emergency,1,8,1,1,4,4.4608,1254463.9456,1.115237883733012,0.4444444444444444,0.1852
FE-00438,2005,Bridge,Steel (A36),Urban Northeast,Moderate,77,0.0676,Fatigue crack,Moderate,179354.0,35009.0,0.1952,Sensor alert,1,13,0,0,2,0.3904,6833.7568,0.19519497753047046,0.14285714285714285,0.1352
FE-00439,2008,Bridge,Steel (A588 Weathering),Urban Midwest,Moderate,48,0.0171,Corrosion,Moderate,590278.0,73580.0,0.1247,Emergency,0,0,1,0,2,0.2494,9175.426000000001,0.12465312954235123,2.0,0.0342
FE-00440,2017,Pipeline,Steel (A588 Weathering),Industrial Ohio,Moderate,45,0.0431,Fatigue crack,Moderate,403191.0,45925.0,0.1139,Sensor alert,1,11,0,0,2,0.2278,5230.8575,0.11390383217879367,0.16666666666666666,0.0862
FE-00441,2021,Pipeline,Prestressed Concrete,Industrial Michigan,Moderate,50,0.0585,Corrosion,Minor,1841594.0,56012.0,0.0304,Routine inspection,0,0,1,0,1,0.0304,1702.7648,0.03041495573943008,1.0,0.0585
FE-00442,2012,Bridge,Steel (A36),Rural Mountain,Mild,27,0.0242,Creep,Minor,2067134.0,63032.0,0.0305,Load test,0,0,1,0,1,0.0305,1922.4759999999999,0.030492459608327277,1.0,0.0242
FE-00443,2017,Bridge,Steel (A588 Weathering),Urban Northeast,Moderate,59,0.0415,Fatigue crack,Moderate,616442.0,69965.0,0.1135,Routine inspection,0,0,0,0,2,0.227,7941.0275,0.11349810687785712,2.0,0.083
FE-00444,2012,Pipeline,Steel (A36),Industrial New Jersey,Moderate,64,0.0506,Fatigue crack,Major,2380821.0,1050860.0,0.4414,Emergency,0,0,0,1,3,1.3242,463849.604,0.441385555654961,3.0,0.1518
FE-00445,2021,Building,Reinforced Concrete,Coastal California,Moderate,18,0.0825,Settlement,Major,407458.0,184503.0,0.4528,Routine inspection,1,8,1,0,3,1.3584,83542.9584,0.4528147686387309,0.3333333333333333,0.2475
FE-00446,2019,Bridge,Steel (A36),Industrial Michigan,Moderate,46,0.0694,Corrosion,Minor,28248505.0,1182183.0,0.0418,Routine inspection,0,0,1,0,1,0.0418,49415.24939999999,0.041849400525797734,1.0,0.0694
FE-00447,2014,Bridge,Composite Steel-Concrete,Coastal Florida,Severe,55,0.0977,Settlement,Moderate,1552508.0,245070.0,0.1579,Public report,0,0,1,0,2,0.3158,38696.553,0.15785425904407577,2.0,0.1954
FE-00448,2005,Pipeline,Steel (A36),Coastal Texas,Severe,54,0.1181,Brittle fracture,Minor,332689.0,14315.0,0.043,Emergency,0,0,1,0,1,0.043,615.545,0.04302817345929682,1.0,0.1181
FE-00449,2014,Pipeline,Prestressed Concrete,Coastal Florida,Severe,31,0.1353,Fatigue crack,Minor,887374.0,31645.0,0.0357,Emergency,0,0,1,0,1,0.0357,1129.7265,0.03566140094255635,1.0,0.1353
FE-00450,2014,Power Plant,Steel (A36),Urban West,Mild,25,0.0282,Fatigue crack,Major,422677.0,133400.0,0.3156,Public report,1,4,1,0,3,0.9468,42101.04,0.3156074260014148,0.6,0.0846
FE-00451,2005,Bridge,Composite Steel-Concrete,Pacific Northwest,Mild,31,0.0289,Corrosion,Minor,4787289.0,177315.0,0.037,Load test,0,0,0,0,1,0.037,6560.655,0.03703870812896401,1.0,0.0289
FE-00452,2014,Pipeline,Prestressed Concrete,Coastal Carolina,Severe,39,0.0558,Erosion,Minor,335520.0,24693.0,0.0736,Routine inspection,0,0,1,0,1,0.0736,1817.4048,0.07359620886981402,1.0,0.0558
FE-00453,2008,Power Plant,Stainless Steel 316L,Industrial Michigan,Moderate,28,0.0113,Corrosion,Major,1727504.0,1019285.0,0.59,Public report,1,12,1,1,3,1.77,601378.15,0.5900333660587761,0.23076923076923078,0.0339
FE-00454,2008,Bridge,Reinforced Concrete,Coastal California,Moderate,31,0.1029,Creep,Minor,2809540.0,163202.0,0.0581,Routine inspection,0,0,0,0,1,0.0581,9482.0362,0.05808851271026574,1.0,0.1029
FE-00455,2019,Bridge,Steel (A36),Rural Mountain,Mild,35,0.0191,Corrosion,Moderate,1612626.0,419950.0,0.2604,Public report,0,0,0,0,2,0.5208,109354.98000000001,0.26041375991705457,2.0,0.0382
FE-00456,2009,Bridge,Steel (A36),Rural Midwest,Mild,23,0.0196,Overload,Major,1348867.0,634675.0,0.4705,Emergency,0,0,1,0,3,1.4115,298614.58749999997,0.4705245216911675,3.0,0.0588
FE-00457,2018,Bridge,Steel (A514 HY),Rural Mountain,Mild,58,0.0174,Corrosion,Minor,2325368.0,65651.0,0.0282,Emergency,1,11,0,0,1,0.0282,1851.3582,0.028232520616091734,0.08333333333333333,0.0174
FE-00458,2006,Bridge,Steel (A36),Coastal Florida,Severe,36,0.116,Overload,Minor,15749872.0,781421.0,0.0496,Sensor alert,0,0,0,0,1,0.0496,38758.4816,0.04961443496175715,1.0,0.116
FE-00459,2019,Bridge,Prestressed Concrete,Industrial New Jersey,Moderate,51,0.084,Settlement,Minor,820133.0,41049.0,0.0501,Routine inspection,0,0,1,0,1,0.0501,2056.5549,0.05005163796603722,1.0,0.084
FE-00460,2009,Bridge,Composite Steel-Concrete,Urban Northeast,Moderate,59,0.0771,Buckling,Catastrophic,1551217.0,861462.0,0.5553,Sensor alert,0,0,1,0,4,2.2212,478369.8486,0.5553458993809377,4.0,0.3084
FE-00461,2014,Building,Steel (A36),Coastal California,Moderate,54,0.0825,Fatigue crack,Moderate,5233382.0,657233.0,0.1256,Load test,0,0,1,0,2,0.2512,82548.46479999999,0.1255847557086412,2.0,0.165
FE-00462,2019,Power Plant,Steel (A36),Urban West,Mild,26,0.0298,Fatigue crack,Minor,528591.0,23192.0,0.0439,Emergency,0,0,1,0,1,0.0439,1018.1288000000001,0.043875132191051304,1.0,0.0298
FE-00463,2017,Bridge,Steel (A36),Industrial New Jersey,Moderate,28,0.0989,Overload,Moderate,806643.0,220082.0,0.2728,Public report,0,0,0,0,2,0.5456,60038.3696,0.2728369303396918,2.0,0.1978
FE-00464,2018,Pipeline,Reinforced Concrete,Rural Midwest,Mild,33,0.0162,Settlement,Moderate,1329813.0,311144.0,0.234,Routine inspection,1,16,1,0,2,0.468,72807.69600000001,0.2339757544857811,0.11764705882352941,0.0324
FE-00465,2008,Pipeline,Steel (A36),Rural South,Mild,39,0.0257,Fatigue crack,Minor,7479471.0,242956.0,0.0325,Load test,1,3,1,0,1,0.0325,7896.070000000001,0.03248304592664374,0.25,0.0257
FE-00466,2014,Building,Prestressed Concrete,Coastal Carolina,Severe,28,0.0637,Overload,Minor,499894.0,17116.0,0.0342,Public report,1,1,1,0,1,0.0342,585.3672,0.03423925872284925,0.5,0.0637
FE-00467,2010,Bridge,Aluminium Alloy,Industrial New Jersey,Moderate,74,0.1022,Erosion,Moderate,1961845.0,231561.0,0.118,Sensor alert,0,0,1,0,2,0.236,27324.198,0.11803226044871026,2.0,0.2044
FE-00468,2023,Bridge,Steel (A36),Urban Midwest,Moderate,53,0.0469,Fatigue crack,Minor,4594589.0,230788.0,0.0502,Public report,0,0,1,0,1,0.0502,11585.5576,0.050230390574652055,1.0,0.0469
FE-00469,2017,Power Plant,Steel (A588 Weathering),Urban Northeast,Moderate,24,0.0258,Fatigue crack,Minor,587858.0,42091.0,0.0716,Routine inspection,0,0,1,0,1,0.0716,3013.7156,0.07160062464064451,1.0,0.0258
FE-00470,2021,Bridge,Prestressed Concrete,Coastal Carolina,Severe,50,0.0642,Fatigue crack,Moderate,752623.0,140622.0,0.1868,Emergency,0,0,1,0,2,0.3736,26268.189599999998,0.18684254932416364,2.0,0.1284
FE-00471,2016,Pipeline,Prestressed Concrete,Coastal California,Moderate,32,0.0679,Settlement,Major,1282243.0,533985.0,0.4164,Routine inspection,1,0,1,1,3,1.2492,222351.354,0.4164460246614721,3.0,0.2037
FE-00472,2022,Pipeline,Steel (A36),Coastal California,Moderate,47,0.054,Fatigue crack,Moderate,538087.0,140611.0,0.2613,Routine inspection,1,9,0,0,2,0.5226,36741.654299999995,0.2613164785620169,0.2,0.108
FE-00473,2021,Building,Steel (A514 HY),Urban Northeast,Moderate,26,0.0819,Fatigue crack,Moderate,772981.0,196622.0,0.2544,Public report,0,0,0,0,2,0.5088,50020.6368,0.2543684773623155,2.0,0.1638
FE-00474,2009,Pipeline,Reinforced Concrete,Urban Midwest,Moderate,27,0.0542,Erosion,Major,569952.0,397888.0,0.6981,Routine inspection,0,0,0,0,3,2.0943,277765.6128,0.6981079108416147,3.0,0.1626
FE-00475,2006,Power Plant,Composite Steel-Concrete,Rural Midwest,Mild,16,0.0407,Corrosion,Moderate,2136150.0,476820.0,0.2232,Routine inspection,1,1,1,0,2,0.4464,106426.224,0.2232146618917211,1.0,0.0814
FE-00476,2009,Pipeline,Reinforced Concrete,Coastal Texas,Severe,69,0.1156,Corrosion,Moderate,1351815.0,362740.0,0.2683,Public report,0,0,1,0,2,0.5366,97323.14199999999,0.2683355340782578,2.0,0.2312
FE-00477,2010,Building,Reinforced Concrete,Pacific Northwest,Mild,47,0.0339,Fatigue crack,Major,165084.0,57870.0,0.3505,Sensor alert,0,0,0,1,3,1.0514999999999999,20283.434999999998,0.35054881151413825,3.0,0.1017
FE-00478,2013,Power Plant,Reinforced Concrete,Coastal California,Moderate,32,0.0406,Corrosion,Minor,1695253.0,77547.0,0.0457,Public report,0,0,1,0,1,0.0457,3543.8979,0.04574361466990473,1.0,0.0406
FE-00479,2006,Bridge,Prestressed Concrete,Coastal Carolina,Severe,26,0.1106,Fatigue crack,Major,2158249.0,1200890.0,0.5564,Emergency,0,0,1,1,3,1.6692,668175.196,0.5564186523427093,3.0,0.3318
FE-00480,2017,Bridge,Stainless Steel 316L,Rural South,Mild,26,0.0068,Brittle fracture,Catastrophic,1455625.0,1927185.0,1.324,Emergency,0,0,0,0,4,5.296,2551592.94,1.3239570631172177,4.0,0.0272
FE-00481,2018,Bridge,Composite Steel-Concrete,Rural South,Mild,23,0.0427,Creep,Moderate,752308.0,103525.0,0.1376,Routine inspection,1,16,1,0,2,0.2752,14245.04,0.1376098619182569,0.11764705882352941,0.0854
FE-00482,2013,Power Plant,Steel (A588 Weathering),Urban Northeast,Moderate,56,0.0186,Overload,Moderate,1719920.0,194375.0,0.113,Sensor alert,1,2,1,0,2,0.226,21964.375,0.11301397739429742,0.6666666666666666,0.0372
FE-00483,2014,Building,Composite Steel-Concrete,Rural Mountain,Mild,32,0.0104,Corrosion,Minor,7861789.0,544450.0,0.0693,Routine inspection,0,0,1,0,1,0.0693,37730.385,0.06925268536207217,1.0,0.0104
FE-00484,2009,Building,Prestressed Concrete,Industrial New Jersey,Moderate,48,0.0889,Erosion,Moderate,6262608.0,1799641.0,0.2874,Sensor alert,0,0,0,0,2,0.5748,517216.8234,0.2873628686323653,2.0,0.1778
FE-00485,2018,Bridge,Steel (A36),Industrial Michigan,Moderate,45,0.0554,Creep,Minor,970618.0,30517.0,0.0314,Routine inspection,1,24,1,0,1,0.0314,958.2338,0.031440793391426906,0.04,0.0554
FE-00486,2008,Power Plant,Timber,Industrial Michigan,Moderate,54,0.0575,Corrosion,Major,1010345.0,387819.0,0.3838,Sensor alert,1,3,1,1,3,1.1514,148844.93219999998,0.38384809149349974,0.75,0.17250000000000001
FE-00487,2016,Bridge,Prestressed Concrete,Coastal Carolina,Severe,69,0.0416,Corrosion,Major,262978.0,114306.0,0.4347,Sensor alert,1,6,1,0,3,1.3041,49688.818199999994,0.4346599335305615,0.42857142857142855,0.1248
FE-00488,2022,Bridge,Prestressed Concrete,Industrial Michigan,Moderate,58,0.0365,Brittle fracture,Major,3451900.0,1053181.0,0.3051,Emergency,0,0,0,1,3,0.9153,321325.5231,0.30510182797879426,3.0,0.10949999999999999
FE-00489,2005,Bridge,Steel (A514 HY),Industrial Michigan,Moderate,51,0.052,Creep,Catastrophic,503628.0,527881.0,1.0482,Load test,0,0,0,1,4,4.1928,553324.8642,1.0481565758853757,4.0,0.208
FE-00490,2018,Bridge,Steel (A36),Rural South,Mild,27,0.0501,Corrosion,Major,714307.0,495084.0,0.6931,Emergency,0,0,1,0,3,2.0793,343142.72040000005,0.6930969457110178,3.0,0.1503
FE-00491,2009,Pipeline,Reinforced Concrete,Coastal Texas,Severe,39,0.1009,Fatigue crack,Minor,200460.0,9273.0,0.0463,Sensor alert,0,0,1,0,1,0.0463,429.3399,0.04625860520802155,1.0,0.1009
FE-00492,2023,Pipeline,Steel (A36),Coastal California,Moderate,44,0.0359,Buckling,Moderate,303628.0,69220.0,0.228,Sensor alert,0,0,1,0,2,0.456,15782.16,0.22797633946803325,2.0,0.0718
FE-00493,2007,Building,Stainless Steel 316L,Coastal California,Moderate,22,0.0099,Corrosion,Catastrophic,4263835.0,4759849.0,1.1163,Routine inspection,1,11,0,1,4,4.4652,5313419.438700001,1.1163304865221098,0.3333333333333333,0.0396
FE-00494,2006,Bridge,Cast Iron,Desert Southwest,Mild,76,0.0197,Fatigue crack,Minor,1511121.0,62039.0,0.0411,Routine inspection,0,0,1,0,1,0.0411,2549.8028999999997,0.04105495191979994,1.0,0.0197
FE-00495,2023,Bridge,Composite Steel-Concrete,Industrial Michigan,Moderate,54,0.0745,Corrosion,Minor,1314062.0,78568.0,0.0598,Public report,1,14,1,0,1,0.0598,4698.3664,0.059790177328010397,0.06666666666666667,0.0745
FE-00496,2023,Building,Prestressed Concrete,Coastal Texas,Severe,56,0.0541,Erosion,Major,3924113.0,2486463.0,0.6336,Emergency,1,31,1,0,3,1.9008000000000003,1575422.9568,0.6336369518410913,0.09375,0.1623
FE-00497,2007,Bridge,Cast Iron,Urban West,Mild,24,0.0297,Brittle fracture,Moderate,985904.0,172175.0,0.1746,Routine inspection,1,16,1,0,2,0.3492,30061.755,0.17463667862185364,0.11764705882352941,0.0594
FE-00498,2020,Bridge,Prestressed Concrete,Coastal California,Moderate,55,0.0761,Fatigue crack,Moderate,466768.0,58880.0,0.1261,Sensor alert,1,59,1,0,2,0.2522,7424.767999999999,0.12614403729475884,0.03333333333333333,0.1522
FE-00499,2005,Bridge,Prestressed Concrete,Industrial New Jersey,Moderate,32,0.1,Creep,Major,2544887.0,1148033.0,0.4511,Public report,1,6,1,0,3,1.3533,517877.6863,0.45111354649538465,0.42857142857142855,0.30000000000000004
FE-00500,2009,Bridge,Stainless Steel 316L,Coastal California,Moderate,78,0.0126,Buckling,Major,996079.0,469087.0,0.4709,Load test,0,0,1,1,3,1.4127,220893.06829999998,0.47093353037259095,3.0,0.0378
FE-00501,2019,Pipeline,Steel (A514 HY),Coastal Texas,Severe,68,0.0961,Brittle fracture,Moderate,862436.0,165454.0,0.1918,Routine inspection,1,6,0,0,2,0.3836,31734.0772,0.19184496008979218,0.2857142857142857,0.1922
FE-00502,2021,Pipeline,Steel (A36),Industrial Michigan,Moderate,13,0.0753,Corrosion,Moderate,1032575.0,126884.0,0.1229,Routine inspection,0,0,1,0,2,0.2458,15594.043599999999,0.12288114664794325,2.0,0.1506
FE-00503,2023,Building,Prestressed Concrete,Urban West,Mild,28,0.045,Creep,Major,665240.0,483611.0,0.727,Routine inspection,0,0,1,1,3,2.181,351585.197,0.7269722205519812,3.0,0.135
FE-00504,2008,Bridge,Steel (A36),Urban Northeast,Moderate,47,0.0372,Fatigue crack,Minor,1026521.0,30519.0,0.0297,Load test,0,0,0,0,1,0.0297,906.4143,0.029730516959711493,1.0,0.0372
FE-00505,2009,Power Plant,Steel (A36),Rural South,Mild,33,0.0516,Fatigue crack,Major,513393.0,130728.0,0.2546,Emergency,1,25,1,0,3,0.7638,33283.3488,0.25463533784060166,0.11538461538461539,0.1548
FE-00506,2021,Pipeline,Composite Steel-Concrete,Coastal California,Moderate,29,0.086,Fatigue crack,Major,441492.0,145618.0,0.3298,Load test,0,0,1,1,3,0.9894,48024.816399999996,0.3298315711269966,3.0,0.258
FE-00507,2017,Bridge,Steel (A514 HY),Rural South,Mild,41,0.0401,Buckling,Major,321135.0,232642.0,0.7244,Emergency,0,0,0,1,3,2.1732,168525.8648,0.7244367633549753,3.0,0.12029999999999999
FE-00508,2014,Building,Steel (A36),Urban West,Mild,75,0.0402,Creep,Moderate,839221.0,238331.0,0.284,Routine inspection,0,0,1,0,2,0.568,67686.004,0.2839907485632509,2.0,0.0804
FE-00509,2008,Building,Steel (A588 Weathering),Rural South,Mild,29,0.0224,Erosion,Major,701753.0,511511.0,0.7289,Routine inspection,0,0,1,1,3,2.1867,372840.3679,0.7289046145866138,3.0,0.0672
FE-00510,2011,Bridge,Composite Steel-Concrete,Industrial Michigan,Moderate,68,0.0806,Overload,Minor,4251838.0,226892.0,0.0534,Public report,0,0,0,0,1,0.0534,12116.0328,0.053363274894292774,1.0,0.0806
FE-00511,2020,Bridge,Reinforced Concrete,Coastal Florida,Severe,30,0.1019,Corrosion,Moderate,2913681.0,295145.0,0.1013,Routine inspection,0,0,1,0,2,0.2026,29898.1885,0.10129626407283433,2.0,0.2038
FE-00512,2017,Pipeline,Composite Steel-Concrete,Industrial New Jersey,Moderate,52,0.1019,Corrosion,Moderate,13894162.0,4039301.0,0.2907,Emergency,1,12,1,0,2,0.5814,1174224.8007,0.2907192963490709,0.15384615384615385,0.2038
FE-00513,2006,Bridge,Steel (A514 HY),Rural South,Mild,61,0.0333,Fatigue crack,Minor,1254178.0,68993.0,0.055,Public report,0,0,1,0,1,0.055,3794.6150000000002,0.05501053279518537,1.0,0.0333
FE-00514,2016,Power Plant,Prestressed Concrete,Rural Midwest,Mild,48,0.0347,Creep,Minor,1065798.0,47857.0,0.0449,Routine inspection,0,0,0,0,1,0.0449,2148.7793,0.04490250497749104,1.0,0.0347
FE-00515,2007,Building,Reinforced Concrete,Rural Mountain,Mild,39,0.0105,Fatigue crack,Major,425569.0,112350.0,0.264,Sensor alert,0,0,1,0,3,0.792,29660.4,0.2639994924442335,3.0,0.0315
FE-00516,2017,Pipeline,Prestressed Concrete,Desert Southwest,Mild,68,0.0271,Corrosion,Moderate,1039027.0,196986.0,0.1896,Load test,0,0,1,0,2,0.3792,37348.5456,0.18958698859606152,2.0,0.0542
FE-00517,2018,Pipeline,Timber,Pacific Northwest,Mild,37,0.0221,Fatigue crack,Major,513885.0,377990.0,0.7356,Routine inspection,0,0,0,1,3,2.2068000000000003,278049.444,0.7355536744602391,3.0,0.0663
FE-00518,2010,Power Plant,Steel (A36),Coastal Carolina,Severe,40,0.0525,Erosion,Major,3183457.0,1213461.0,0.3812,Routine inspection,0,0,0,1,3,1.1436,462571.3332,0.3811771291397999,3.0,0.1575
FE-00519,2020,Building,Reinforced Concrete,Rural South,Mild,31,0.0435,Fatigue crack,Minor,382187.0,15863.0,0.0415,Public report,0,0,1,0,1,0.0415,658.3145000000001,0.04150585969695463,1.0,0.0435
FE-00520,2022,Power Plant,Timber,Rural South,Mild,39,0.0406,Settlement,Moderate,1491278.0,320882.0,0.2152,Load test,1,1,1,0,2,0.4304,69053.8064,0.2151724896364058,1.0,0.0812
FE-00521,2014,Building,Prestressed Concrete,Coastal Texas,Severe,37,0.1211,Brittle fracture,Major,689139.0,477195.0,0.6925,Load test,0,0,0,1,3,2.0775,330457.5375,0.6924510149621484,3.0,0.3633
FE-00522,2013,Building,Steel (A36),Urban Midwest,Moderate,76,0.0665,Corrosion,Moderate,2035345.0,506667.0,0.2489,Public report,1,22,1,0,2,0.4978,126109.41630000001,0.2489342101707573,0.08695652173913043,0.133
FE-00523,2021,Bridge,Aluminium Alloy,Urban Northeast,Moderate,55,0.0654,Fatigue crack,Moderate,1001154.0,189860.0,0.1896,Routine inspection,1,1,0,0,2,0.3792,35997.456,0.18964115410815918,1.0,0.1308
FE-00524,2008,Bridge,Composite Steel-Concrete,Rural South,Mild,35,0.0478,Overload,Major,5250386.0,3065487.0,0.5839,Public report,0,0,1,1,3,1.7517,1789937.8593,0.5838593581500484,3.0,0.1434
FE-00525,2018,Building,Prestressed Concrete,Industrial Ohio,Moderate,45,0.0691,Corrosion,Minor,3033069.0,94385.0,0.0311,Sensor alert,1,14,1,0,1,0.0311,2935.3735,0.031118645833642426,0.06666666666666667,0.0691
FE-00526,2022,Building,Steel (A36),Urban Midwest,Moderate,38,0.0462,Overload,Minor,302884.0,20997.0,0.0693,Sensor alert,0,0,1,0,1,0.0693,1455.0921,0.06932356941931564,1.0,0.0462
FE-00527,2019,Building,Stainless Steel 316L,Industrial New Jersey,Moderate,42,0.0081,Overload,Catastrophic,213254.0,180282.0,0.8454,Load test,0,0,1,1,4,3.3816,152410.4028,0.8453862530128391,4.0,0.0324
FE-00528,2008,Bridge,Steel (A36),Industrial Michigan,Moderate,34,0.0599,Corrosion,Moderate,301122.0,45157.0,0.15,Routine inspection,0,0,0,0,2,0.3,6773.55,0.14996247368176355,2.0,0.1198
FE-00529,2015,Building,Steel (A36),Rural Midwest,Mild,46,0.0273,Erosion,Minor,2002510.0,119533.0,0.0597,Public report,1,5,1,0,1,0.0597,7136.1201,0.05969158705824191,0.16666666666666666,0.0273
FE-00530,2011,Bridge,Steel (A588 Weathering),Coastal Carolina,Severe,48,0.0515,Brittle fracture,Minor,368839.0,10713.0,0.029,Emergency,0,0,1,0,1,0.029,310.677,0.02904519316015931,1.0,0.0515
FE-00531,2012,Bridge,Prestressed Concrete,Desert Southwest,Mild,51,0.0221,Overload,Minor,2589189.0,98306.0,0.038,Routine inspection,1,26,0,0,1,0.038,3735.6279999999997,0.03796787333794482,0.037037037037037035,0.0221
FE-00532,2006,Bridge,Stainless Steel 316L,Coastal Texas,Severe,30,0.0143,Corrosion,Catastrophic,936865.0,929104.0,0.9917,Emergency,0,0,1,1,4,3.9668,921392.4368,0.991715988963191,4.0,0.0572
FE-00533,2022,Building,Composite Steel-Concrete,Coastal California,Moderate,57,0.0824,Settlement,Moderate,2255202.0,460137.0,0.204,Emergency,0,0,1,0,2,0.408,93867.94799999999,0.204033607632487,2.0,0.1648
FE-00534,2010,Building,Stainless Steel 316L,Industrial Michigan,Moderate,53,0.0046,Corrosion,Major,1727944.0,1269778.0,0.7348,Load test,1,6,0,1,3,2.2044,933032.8744,0.7348490460338992,0.42857142857142855,0.0138
FE-00535,2015,Bridge,Steel (A588 Weathering),Urban West,Mild,48,0.0231,Fatigue crack,Major,768748.0,378841.0,0.4928,Sensor alert,0,0,1,1,3,1.4784000000000002,186692.8448,0.4928025829010287,3.0,0.0693
FE-00536,2019,Bridge,Reinforced Concrete,Industrial Michigan,Moderate,53,0.0481,Creep,Moderate,5634414.0,953486.0,0.1692,Routine inspection,1,31,1,0,2,0.3384,161329.8312,0.169225406581767,0.0625,0.0962
FE-00537,2011,Pipeline,Steel (A514 HY),Coastal Texas,Severe,21,0.1057,Brittle fracture,Moderate,512700.0,78713.0,0.1535,Sensor alert,1,18,1,0,2,0.307,12082.4455,0.15352642871074704,0.10526315789473684,0.2114
FE-00538,2007,Bridge,Steel (A36),Desert Southwest,Mild,54,0.0195,Settlement,Catastrophic,437820.0,248926.0,0.5686,Sensor alert,1,28,0,1,4,2.2744,141539.3236,0.5685578548261843,0.13793103448275862,0.078
FE-00539,2013,Bridge,Prestressed Concrete,Rural Midwest,Mild,29,0.0337,Fatigue crack,Moderate,2379271.0,368174.0,0.1547,Emergency,0,0,1,0,2,0.3094,56956.5178,0.15474235595692967,2.0,0.0674
FE-00540,2019,Pipeline,Aluminium Alloy,Coastal Florida,Severe,36,0.1299,Fatigue crack,Minor,1845341.0,107027.0,0.058,Routine inspection,1,4,0,0,1,0.058,6207.566000000001,0.05799849458717928,0.2,0.1299
FE-00541,2016,Building,Steel (A36),Industrial Ohio,Moderate,36,0.0561,Corrosion,Major,1783454.0,991667.0,0.556,Emergency,0,0,1,1,3,1.6680000000000001,551366.8520000001,0.5560373298105811,3.0,0.1683
FE-00542,2011,Building,Prestressed Concrete,Industrial New Jersey,Moderate,19,0.0629,Corrosion,Minor,751440.0,24917.0,0.0332,Routine inspection,0,0,0,0,1,0.0332,827.2444,0.033159001384009366,1.0,0.0629
FE-00543,2005,Power Plant,Steel (A514 HY),Industrial New Jersey,Moderate,17,0.0603,Corrosion,Minor,555561.0,21388.0,0.0385,Routine inspection,0,0,0,0,1,0.0385,823.438,0.03849802271937735,1.0,0.0603
FE-00544,2012,Power Plant,Steel (A36),Coastal Florida,Severe,69,0.1069,Fatigue crack,Moderate,2404410.0,577378.0,0.2401,Sensor alert,0,0,1,0,2,0.4802,138628.4578,0.24013292242171677,2.0,0.2138
FE-00545,2022,Building,Steel (A588 Weathering),Rural Midwest,Mild,56,0.0078,Settlement,Minor,2750574.0,167349.0,0.0608,Emergency,1,14,1,0,1,0.0608,10174.8192,0.06084148254146225,0.06666666666666667,0.0078
FE-00546,2013,Bridge,Steel (A36),Desert Southwest,Mild,38,0.0197,Corrosion,Moderate,3180750.0,483719.0,0.1521,Emergency,0,0,1,0,2,0.3042,73573.65990000001,0.15207702585868113,2.0,0.0394
FE-00547,2023,Bridge,Reinforced Concrete,Urban Northeast,Moderate,53,0.0792,Buckling,Minor,267845.0,9574.0,0.0357,Sensor alert,0,0,1,0,1,0.0357,341.7918,0.035744553753103474,1.0,0.0792
FE-00548,2019,Building,Reinforced Concrete,Rural Mountain,Mild,42,0.0291,Corrosion,Minor,2396826.0,68364.0,0.0285,Sensor alert,1,10,1,0,1,0.0285,1948.374,0.02852272129891782,0.09090909090909091,0.0291
FE-00549,2009,Pipeline,Steel (A36),Rural South,Mild,19,0.0259,Fatigue crack,Moderate,346387.0,46783.0,0.1351,Routine inspection,1,4,1,0,2,0.2702,6320.3832999999995,0.13505991853042984,0.4,0.0518
FE-00550,2021,Pipeline,Steel (A36),Urban Midwest,Moderate,77,0.0626,Fatigue crack,Moderate,776251.0,104886.0,0.1351,Routine inspection,1,8,1,0,2,0.2702,14170.0986,0.13511866651379514,0.2222222222222222,0.1252
FE-00551,2010,Bridge,Steel (A36),Rural Mountain,Mild,29,0.0104,Fatigue crack,Minor,2964467.0,115765.0,0.0391,Sensor alert,0,0,0,0,1,0.0391,4526.4115,0.039050864792895316,1.0,0.0104
FE-00552,2011,Bridge,Reinforced Concrete,Coastal Florida,Severe,39,0.1369,Fatigue crack,Moderate,704370.0,148395.0,0.2107,Load test,1,1,1,0,2,0.4214,31266.8265,0.2106776268154521,1.0,0.2738
FE-00553,2022,Power Plant,Prestressed Concrete,Urban West,Mild,29,0.0592,Corrosion,Moderate,664175.0,70356.0,0.1059,Emergency,1,9,1,0,2,0.2118,7450.7004,0.10592991305002447,0.2,0.1184
FE-00554,2012,Bridge,Reinforced Concrete,Urban Northeast,Moderate,63,0.0709,Corrosion,Catastrophic,282238.0,345436.0,1.2239,Emergency,0,0,0,1,4,4.8956,422779.1204,1.223917403042822,4.0,0.2836
FE-00555,2019,Pipeline,Prestressed Concrete,Rural Mountain,Mild,33,0.025,Fatigue crack,Minor,2760106.0,78609.0,0.0285,Load test,1,16,1,0,1,0.0285,2240.3565,0.028480427925594163,0.058823529411764705,0.025
FE-00556,2016,Bridge,Prestressed Concrete,Rural Midwest,Mild,81,0.0191,Creep,Moderate,2703520.0,760321.0,0.2812,Sensor alert,1,16,1,0,2,0.5624,213802.2652,0.2812337249215837,0.11764705882352941,0.0382
FE-00557,2013,Building,Composite Steel-Concrete,Industrial New Jersey,Moderate,51,0.0932,Settlement,Minor,211444.0,13334.0,0.0631,Routine inspection,0,0,0,0,1,0.0631,841.3754,0.06306161442273131,1.0,0.0932
FE-00558,2011,Bridge,Reinforced Concrete,Rural South,Mild,31,0.0578,Creep,Moderate,955022.0,280362.0,0.2936,Routine inspection,1,5,1,0,2,0.5872,82314.2832,0.29356601209186806,0.3333333333333333,0.1156
FE-00559,2021,Bridge,Steel (A588 Weathering),Rural South,Mild,40,0.0174,Corrosion,Major,1284439.0,813223.0,0.6331,Routine inspection,0,0,1,0,3,1.8993,514851.4813,0.6331347771283805,3.0,0.052199999999999996
FE-00560,2016,Building,FRP Composite,Urban West,Mild,60,0.0265,Corrosion,Minor,1015612.0,70826.0,0.0697,Sensor alert,0,0,1,0,1,0.0697,4936.5722,0.06973726186772114,1.0,0.0265
FE-00561,2015,Bridge,Steel (A514 HY),Coastal Texas,Severe,29,0.0867,Fatigue crack,Moderate,3058970.0,505842.0,0.1654,Routine inspection,0,0,0,0,2,0.3308,83666.2668,0.16536350470910144,2.0,0.1734
FE-00562,2005,Power Plant,Steel (A36),Coastal Texas,Severe,46,0.1055,Corrosion,Moderate,4282826.0,430142.0,0.1004,Emergency,0,0,1,0,2,0.2008,43186.2568,0.10043415258990208,2.0,0.211
FE-00563,2011,Power Plant,Reinforced Concrete,Urban Northeast,Moderate,66,0.0859,Corrosion,Major,2699668.0,724715.0,0.2684,Routine inspection,0,0,1,1,3,0.8052000000000001,194513.50600000002,0.2684459718750602,3.0,0.25770000000000004
FE-00564,2021,Building,Reinforced Concrete,Rural Midwest,Mild,54,0.0194,Corrosion,Major,983551.0,350186.0,0.356,Public report,0,0,1,0,3,1.068,124666.216,0.3560425438030158,3.0,0.0582
FE-00565,2008,Pipeline,Steel (A588 Weathering),Coastal Florida,Severe,62,0.0645,Fatigue crack,Minor,1613354.0,72437.0,0.0449,Routine inspection,1,5,1,0,1,0.0449,3252.4213,0.04489839179746045,0.16666666666666666,0.0645
FE-00566,2023,Bridge,Stainless Steel 316L,Urban West,Mild,63,0.0077,Overload,Catastrophic,851700.0,551303.0,0.6473,Sensor alert,0,0,1,1,4,2.5892,356858.43189999997,0.647297170365152,4.0,0.0308
FE-00567,2013,Bridge,Prestressed Concrete,Desert Southwest,Mild,40,0.0299,Corrosion,Major,1337422.0,531254.0,0.3972,Routine inspection,1,27,1,1,3,1.1916,211014.0888,0.39722241745686854,0.10714285714285714,0.0897
FE-00568,2012,Building,Aluminium Alloy,Industrial Michigan,Moderate,22,0.0686,Buckling,Minor,1115449.0,34183.0,0.0306,Emergency,1,6,0,0,1,0.0306,1045.9998,0.030645058626615828,0.14285714285714285,0.0686
FE-00569,2011,Pipeline,Steel (A588 Weathering),Pacific Northwest,Mild,64,0.0226,Fatigue crack,Catastrophic,1443971.0,974766.0,0.6751,Load test,0,0,1,1,4,2.7004,658064.5266,0.675059263655572,4.0,0.0904
FE-00570,2019,Power Plant,Steel (A588 Weathering),Desert Southwest,Mild,47,0.0098,Erosion,Major,1440868.0,951908.0,0.6606,Load test,1,12,1,1,3,1.9817999999999998,628830.4247999999,0.6606489976875051,0.23076923076923078,0.0294
FE-00571,2007,Bridge,Prestressed Concrete,Rural Mountain,Mild,23,0.0297,Corrosion,Minor,1003503.0,70947.0,0.0707,Sensor alert,0,0,1,0,1,0.0707,5015.9529,0.07069934021124002,1.0,0.0297
FE-00572,2022,Bridge,Steel (A36),Rural Midwest,Mild,41,0.0208,Fatigue crack,Minor,4605373.0,206728.0,0.0449,Load test,0,0,1,0,1,0.0449,9282.0872,0.04488843791805788,1.0,0.0208
FE-00573,2021,Pipeline,Reinforced Concrete,Industrial New Jersey,Moderate,39,0.0745,Corrosion,Minor,1647506.0,50905.0,0.0309,Emergency,0,0,1,0,1,0.0309,1572.9645,0.030898218276595047,1.0,0.0745
FE-00574,2019,Pipeline,Composite Steel-Concrete,Desert Southwest,Mild,22,0.0195,Corrosion,Minor,568697.0,40031.0,0.0704,Sensor alert,1,1,1,0,1,0.0704,2818.1824,0.07039073531247747,0.5,0.0195
FE-00575,2020,Pipeline,Prestressed Concrete,Coastal California,Moderate,86,0.0371,Corrosion,Minor,995393.0,50449.0,0.0507,Emergency,0,0,1,0,1,0.0507,2557.7643000000003,0.050682494251014426,1.0,0.0371
FE-00576,2007,Power Plant,Prestressed Concrete,Industrial Ohio,Moderate,48,0.0539,Erosion,Major,4273205.0,1921965.0,0.4498,Routine inspection,1,0,0,1,3,1.3494,864499.857,0.44977130748466315,3.0,0.1617
FE-00577,2021,Bridge,Prestressed Concrete,Rural Mountain,Mild,34,0.0178,Corrosion,Minor,962424.0,52565.0,0.0546,Routine inspection,0,0,1,0,1,0.0546,2870.049,0.05461729965171276,1.0,0.0178
FE-00578,2006,Bridge,Composite Steel-Concrete,Rural South,Mild,70,0.0359,Fatigue crack,Moderate,2577430.0,541941.0,0.2103,Routine inspection,1,0,1,0,2,0.4206,113970.1923,0.21026410028594375,2.0,0.0718
FE-00579,2005,Building,Reinforced Concrete,Rural Midwest,Mild,22,0.0281,Brittle fracture,Minor,1140966.0,54379.0,0.0477,Emergency,0,0,1,0,1,0.0477,2593.8783,0.047660491197809574,1.0,0.0281
FE-00580,2023,Bridge,Reinforced Concrete,Coastal Texas,Severe,81,0.1127,Corrosion,Major,2239062.0,1543202.0,0.6892,Public report,0,0,1,0,3,2.0676,1063574.8184,0.6892180743543501,3.0,0.33809999999999996
FE-00581,2008,Bridge,Prestressed Concrete,Rural South,Mild,52,0.0415,Creep,Minor,3595655.0,116231.0,0.0323,Emergency,0,0,1,0,1,0.0323,3754.2613,0.03232540385548669,1.0,0.0415
FE-00582,2019,Bridge,Reinforced Concrete,Urban Northeast,Moderate,29,0.0856,Fatigue crack,Catastrophic,5633290.0,6426245.0,1.1408,Emergency,0,0,1,0,4,4.5632,7331060.296,1.1407623253906687,4.0,0.3424
FE-00583,2013,Building,Steel (A514 HY),Coastal California,Moderate,54,0.0953,Fatigue crack,Catastrophic,3891499.0,5630540.0,1.4469,Sensor alert,0,0,1,0,4,5.7876,8146828.326,1.446882036973413,4.0,0.3812
FE-00584,2007,Building,Steel (A588 Weathering),Rural Midwest,Mild,54,0.0169,Settlement,Moderate,479659.0,80892.0,0.1686,Public report,1,17,1,0,2,0.3372,13638.3912,0.16864480808240853,0.1111111111111111,0.0338
FE-00585,2006,Bridge,Steel (A588 Weathering),Desert Southwest,Mild,51,0.0107,Erosion,Catastrophic,105271.0,118984.0,1.1303,Emergency,0,0,0,1,4,4.5212,134487.6152,1.1302637953472465,4.0,0.0428
FE-00586,2014,Bridge,Reinforced Concrete,Coastal Carolina,Severe,43,0.0627,Fatigue crack,Catastrophic,2337837.0,3006259.0,1.2859,Routine inspection,1,29,1,0,4,5.1436,3865748.4481,1.2859147151833084,0.13333333333333333,0.2508
FE-00587,2017,Bridge,Steel (A36),Rural South,Mild,46,0.023,Buckling,Major,1968344.0,827951.0,0.4206,Routine inspection,0,0,1,1,3,1.2618,348236.1906,0.420633283613027,3.0,0.069
FE-00588,2021,Pipeline,Composite Steel-Concrete,Urban West,Mild,59,0.0468,Corrosion,Major,492025.0,230188.0,0.4678,Routine inspection,1,2,0,0,3,1.4034,107681.9464,0.4678380163609573,1.0,0.1404
FE-00589,2005,Pipeline,Steel (A36),Urban West,Mild,56,0.0489,Erosion,Major,629280.0,369748.0,0.5876,Emergency,0,0,0,1,3,1.7628,217263.9248,0.5875730994152046,3.0,0.1467
FE-00590,2014,Bridge,Prestressed Concrete,Pacific Northwest,Mild,38,0.0448,Corrosion,Moderate,733632.0,158996.0,0.2167,Sensor alert,0,0,0,0,2,0.4334,34454.4332,0.2167244613103027,2.0,0.0896
FE-00591,2006,Pipeline,Steel (A36),Pacific Northwest,Mild,36,0.0275,Erosion,Minor,441504.0,29472.0,0.0668,Routine inspection,0,0,1,0,1,0.0668,1968.7296,0.06675364209610785,1.0,0.0275
FE-00592,2020,Pipeline,Steel (A36),Industrial New Jersey,Moderate,47,0.049,Corrosion,Moderate,231785.0,52669.0,0.2272,Emergency,1,0,1,0,2,0.4544,11966.3968,0.22723213322691288,2.0,0.098
FE-00593,2023,Building,Reinforced Concrete,Rural Mountain,Mild,32,0.0274,Fatigue crack,Major,597463.0,369045.0,0.6177,Emergency,1,17,0,0,3,1.8531,227959.0965,0.6176867856252186,0.16666666666666666,0.0822
FE-00594,2010,Bridge,Steel (A514 HY),Urban Midwest,Moderate,26,0.0288,Corrosion,Minor,4951372.0,200669.0,0.0405,Public report,0,0,1,0,1,0.0405,8127.0945,0.04052795871528134,1.0,0.0288
FE-00595,2021,Pipeline,Prestressed Concrete,Rural Midwest,Mild,27,0.0327,Overload,Major,754945.0,363576.0,0.4816,Emergency,0,0,0,0,3,1.4447999999999999,175098.2016,0.4815926988058733,3.0,0.09809999999999999
FE-00596,2011,Bridge,Steel (A36),Rural Mountain,Mild,61,0.0221,Overload,Major,693044.0,330109.0,0.4763,Routine inspection,0,0,1,0,3,1.4289,157230.9167,0.4763175209654798,3.0,0.0663
FE-00597,2018,Bridge,Reinforced Concrete,Rural Mountain,Mild,41,0.0154,Corrosion,Minor,1267849.0,33542.0,0.0265,Sensor alert,0,0,0,0,1,0.0265,888.8629999999999,0.026455831885342812,1.0,0.0154
FE-00598,2009,Bridge,Composite Steel-Concrete,Industrial Ohio,Moderate,57,0.0785,Brittle fracture,Moderate,602407.0,101907.0,0.1692,Public report,0,0,0,0,2,0.3384,17242.664399999998,0.16916636094866094,2.0,0.157
FE-00599,2005,Bridge,Composite Steel-Concrete,Rural Midwest,Mild,29,0.0293,Corrosion,Moderate,842294.0,248926.0,0.2955,Routine inspection,1,18,1,0,2,0.591,73557.633,0.2955333885792847,0.10526315789473684,0.0586
FE-00600,2017,Building,Steel (A36),Coastal California,Moderate,31,0.0469,Corrosion,Catastrophic,2998740.0,1778994.0,0.5932,Sensor alert,0,0,1,1,4,2.3728,1055299.2407999998,0.5932471638087997,4.0,0.1876
FE-00601,2023,Bridge,Steel (A588 Weathering),Rural Mountain,Mild,50,0.0098,Overload,Major,436999.0,130315.0,0.2982,Routine inspection,0,0,1,1,3,0.8946000000000001,38859.933000000005,0.2982043437170337,3.0,0.0294
FE-00602,2005,Pipeline,Steel (A36),Industrial New Jersey,Moderate,55,0.0775,Buckling,Moderate,561881.0,161982.0,0.2883,Emergency,1,7,0,0,2,0.5766,46699.4106,0.2882852418928563,0.25,0.155
FE-00603,2016,Bridge,Reinforced Concrete,Pacific Northwest,Mild,44,0.0442,Corrosion,Minor,2064182.0,53215.0,0.0258,Emergency,0,0,0,0,1,0.0258,1372.947,0.025780187987299568,1.0,0.0442
FE-00604,2008,Pipeline,Prestressed Concrete,Rural South,Mild,52,0.0361,Fatigue crack,Moderate,4157252.0,1027165.0,0.2471,Sensor alert,1,14,1,0,2,0.4942,253812.47149999999,0.2470778774055554,0.13333333333333333,0.0722
FE-00605,2010,Bridge,Prestressed Concrete,Pacific Northwest,Mild,54,0.057,Buckling,Catastrophic,832905.0,1129320.0,1.3559,Public report,0,0,1,1,4,5.4236,1531244.9880000001,1.3558809227943163,4.0,0.228
FE-00606,2009,Bridge,Reinforced Concrete,Urban West,Mild,65,0.0479,Creep,Moderate,2647317.0,498667.0,0.1884,Routine inspection,0,0,0,0,2,0.3768,93948.8628,0.1883669390556552,2.0,0.0958
FE-00607,2018,Bridge,Steel (A588 Weathering),Rural Midwest,Mild,24,0.0182,Buckling,Major,5287675.0,1782791.0,0.3372,Load test,1,0,0,1,3,1.0116,601157.1252,0.33715971575408854,3.0,0.0546
FE-00608,2017,Pipeline,Reinforced Concrete,Coastal Carolina,Severe,48,0.0748,Overload,Moderate,224584.0,58766.0,0.2617,Routine inspection,0,0,1,0,2,0.5234,15379.062199999998,0.26166601360738073,2.0,0.1496
FE-00609,2012,Building,Steel (A36),Desert Southwest,Mild,67,0.0156,Corrosion,Major,566386.0,217972.0,0.3848,Routine inspection,0,0,1,0,3,1.1543999999999999,83875.6256,0.38484708308468074,3.0,0.046799999999999994
FE-00610,2014,Pipeline,Composite Steel-Concrete,Urban Northeast,Moderate,60,0.0817,Settlement,Moderate,1649290.0,330992.0,0.2007,Load test,0,0,1,0,2,0.4014,66430.0944,0.2006875685901206,2.0,0.1634
FE-00611,2017,Building,Steel (A588 Weathering),Urban West,Mild,75,0.0256,Fatigue crack,Moderate,2708955.0,412719.0,0.1524,Emergency,0,0,1,0,2,0.3048,62898.37560000001,0.15235358283913908,2.0,0.0512
FE-00612,2011,Building,Steel (A36),Rural South,Mild,36,0.0294,Buckling,Major,1554188.0,945424.0,0.6083,Emergency,0,0,0,0,3,1.8249,575101.4192,0.608307360499502,3.0,0.0882
FE-00613,2013,Bridge,Prestressed Concrete,Pacific Northwest,Mild,64,0.0445,Buckling,Minor,1173808.0,60431.0,0.0515,Public report,0,0,1,0,1,0.0515,3112.1965,0.051482866022381855,1.0,0.0445
FE-00614,2014,Pipeline,Steel (A36),Urban Northeast,Moderate,46,0.0404,Brittle fracture,Minor,587027.0,16408.0,0.028,Sensor alert,0,0,1,0,1,0.028,459.42400000000004,0.027951014178223488,1.0,0.0404
FE-00615,2007,Pipeline,Timber,Rural Midwest,Mild,64,0.0202,Erosion,Minor,940394.0,34759.0,0.037,Routine inspection,0,0,0,0,1,0.037,1286.0829999999999,0.03696216692152438,1.0,0.0202
FE-00616,2015,Bridge,Prestressed Concrete,Industrial Michigan,Moderate,67,0.0677,Corrosion,Moderate,784424.0,229174.0,0.2922,Public report,1,6,1,0,2,0.5844,66964.6428,0.2921557728983305,0.2857142857142857,0.1354
FE-00617,2022,Bridge,Timber,Industrial Michigan,Moderate,44,0.0427,Corrosion,Moderate,4209358.0,426143.0,0.1012,Load test,1,26,1,0,2,0.2024,43125.6716,0.10123705325135092,0.07407407407407407,0.0854
FE-00618,2020,Bridge,Prestressed Concrete,Coastal Florida,Severe,40,0.1434,Erosion,Moderate,4211548.0,996960.0,0.2367,Sensor alert,0,0,1,0,2,0.4734,235980.432,0.23672055975617518,2.0,0.2868
FE-00619,2005,Building,Steel (A36),Industrial Michigan,Moderate,33,0.0885,Corrosion,Moderate,580218.0,89010.0,0.1534,Public report,0,0,1,0,2,0.3068,13654.134,0.15340785704683413,2.0,0.177
FE-00620,2020,Bridge,Prestressed Concrete,Rural Mountain,Mild,57,0.0192,Fatigue crack,Minor,5563426.0,321456.0,0.0578,Load test,0,0,0,0,1,0.0578,18580.1568,0.057780223912387796,1.0,0.0192
FE-00621,2020,Bridge,Steel (A36),Pacific Northwest,Mild,86,0.0458,Overload,Catastrophic,4440412.0,3272212.0,0.7369,Routine inspection,0,0,1,1,4,2.9476,2411293.0228,0.7369163041627669,4.0,0.1832
FE-00622,2007,Bridge,Prestressed Concrete,Urban West,Mild,36,0.0284,Corrosion,Moderate,382936.0,111465.0,0.2911,Emergency,1,9,1,0,2,0.5822,32447.4615,0.2910799715879416,0.2,0.0568
FE-00623,2016,Bridge,Reinforced Concrete,Urban Midwest,Moderate,67,0.0697,Brittle fracture,Moderate,3368460.0,368511.0,0.1094,Sensor alert,0,0,1,0,2,0.2188,40315.1034,0.10940043818243352,2.0,0.1394
FE-00624,2020,Bridge,Timber,Urban Midwest,Moderate,32,0.025,Erosion,Moderate,1070656.0,139012.0,0.1298,Routine inspection,1,9,1,0,2,0.2596,18043.7576,0.12983815529918105,0.2,0.05
FE-00625,2010,Pipeline,Timber,Desert Southwest,Mild,51,0.0178,Fatigue crack,Catastrophic,1064269.0,1444330.0,1.3571,Routine inspection,1,22,1,1,4,5.4284,1960100.243,1.3571099036051975,0.17391304347826086,0.0712
FE-00626,2014,Power Plant,Steel (A36),Industrial New Jersey,Moderate,47,0.0977,Fatigue crack,Minor,511781.0,29645.0,0.0579,Load test,0,0,0,0,1,0.0579,1716.4455,0.057925167210193425,1.0,0.0977
FE-00627,2023,Pipeline,Steel (A36),Industrial New Jersey,Moderate,62,0.0684,Overload,Catastrophic,289843.0,244798.0,0.8446,Emergency,0,0,0,1,4,3.3784,206756.3908,0.8445882771017413,4.0,0.2736
FE-00628,2014,Pipeline,Timber,Coastal Florida,Severe,48,0.0861,Fatigue crack,Minor,1016585.0,37424.0,0.0368,Public report,1,30,0,0,1,0.0368,1377.2032,0.03681344894917789,0.03225806451612903,0.0861
FE-00629,2010,Building,Timber,Coastal Texas,Severe,29,0.0661,Corrosion,Major,218485.0,116327.0,0.5324,Routine inspection,0,0,1,1,3,1.5972,61932.4948,0.532425566972561,3.0,0.19830000000000003
FE-00630,2016,Bridge,Reinforced Concrete,Industrial New Jersey,Moderate,32,0.0804,Creep,Catastrophic,503419.0,304565.0,0.605,Routine inspection,0,0,1,1,4,2.42,184261.82499999998,0.6049930574729996,4.0,0.3216
FE-00631,2019,Bridge,Steel (A36),Urban Midwest,Moderate,52,0.0578,Erosion,Moderate,650077.0,191407.0,0.2944,Emergency,1,5,0,0,2,0.5888,56350.220799999996,0.29443742818158464,0.3333333333333333,0.1156
FE-00632,2014,Power Plant,Timber,Rural Mountain,Mild,23,0.0285,Corrosion,Moderate,5977375.0,1075494.0,0.1799,Routine inspection,0,0,1,0,2,0.3598,193481.3706,0.17992747652606705,2.0,0.057
FE-00633,2009,Building,Steel (A36),Industrial New Jersey,Moderate,34,0.0786,Buckling,Major,7996865.0,3184121.0,0.3982,Public report,0,0,1,1,3,1.1945999999999999,1267916.9822,0.3981711583226677,3.0,0.2358
FE-00634,2018,Power Plant,Reinforced Concrete,Urban Midwest,Moderate,39,0.0456,Overload,Catastrophic,2656536.0,2678707.0,1.0083,Routine inspection,1,7,1,1,4,4.0332,2700940.2681,1.0083458308112518,0.5,0.1824
FE-00635,2006,Bridge,Composite Steel-Concrete,Urban West,Mild,31,0.0302,Buckling,Moderate,1920382.0,197822.0,0.103,Emergency,0,0,0,0,2,0.206,20375.665999999997,0.10301179661129921,2.0,0.0604
FE-00636,2008,Bridge,Prestressed Concrete,Urban West,Mild,66,0.0509,Brittle fracture,Moderate,2863673.0,642323.0,0.2243,Sensor alert,0,0,1,0,2,0.4486,144073.0489,0.22430040022027656,2.0,0.1018
FE-00637,2005,Bridge,Timber,Coastal Florida,Severe,38,0.1428,Fatigue crack,Catastrophic,595395.0,722919.0,1.2142,Load test,1,1,0,0,4,4.8568,877768.2498,1.214183861134205,2.0,0.5712
FE-00638,2009,Power Plant,Steel (A36),Urban West,Mild,60,0.0287,Brittle fracture,Moderate,515388.0,104640.0,0.203,Sensor alert,1,25,1,0,2,0.406,21241.920000000002,0.2030315024796852,0.07692307692307693,0.0574
FE-00639,2022,Bridge,Reinforced Concrete,Urban Midwest,Moderate,75,0.0638,Creep,Minor,3069369.0,153236.0,0.0499,Sensor alert,0,0,0,0,1,0.0499,7646.4764,0.04992426782182266,1.0,0.0638
FE-00640,2010,Power Plant,Steel (A36),Industrial New Jersey,Moderate,48,0.0617,Settlement,Moderate,1048467.0,286544.0,0.2733,Sensor alert,0,0,0,0,2,0.5466,78312.4752,0.27329806279072205,2.0,0.1234
FE-00641,2014,Bridge,Reinforced Concrete,Coastal Carolina,Severe,49,0.0536,Buckling,Minor,2432812.0,83614.0,0.0344,Public report,0,0,0,0,1,0.0344,2876.3216,0.034369281309036624,1.0,0.0536
FE-00642,2017,Bridge,Steel (A588 Weathering),Pacific Northwest,Mild,60,0.0255,Corrosion,Minor,2138508.0,134568.0,0.0629,Routine inspection,0,0,1,0,1,0.0629,8464.3272,0.06292611484268472,1.0,0.0255
FE-00643,2019,Pipeline,Steel (A36),Urban Midwest,Moderate,65,0.0355,Corrosion,Moderate,158936.0,16468.0,0.1036,Sensor alert,0,0,1,0,2,0.2072,1706.0847999999999,0.10361403332158857,2.0,0.071
FE-00644,2018,Pipeline,Reinforced Concrete,Rural South,Mild,38,0.0449,Fatigue crack,Major,2498976.0,1046816.0,0.4189,Routine inspection,1,18,0,0,3,1.2567,438511.22239999997,0.41889798061285904,0.15789473684210525,0.13470000000000001
FE-00645,2021,Bridge,Composite Steel-Concrete,Rural Midwest,Mild,30,0.0184,Fatigue crack,Major,712441.0,202569.0,0.2843,Sensor alert,0,0,1,0,3,0.8529,57590.3667,0.284330913015955,3.0,0.0552
FE-00646,2018,Bridge,Reinforced Concrete,Industrial Michigan,Moderate,86,0.0841,Fatigue crack,Minor,2333733.0,139058.0,0.0596,Public report,1,8,1,0,1,0.0596,8287.8568,0.05958607947010219,0.1111111111111111,0.0841
FE-00647,2006,Bridge,Reinforced Concrete,Industrial Ohio,Moderate,52,0.0624,Fatigue crack,Major,3186586.0,2319240.0,0.7278,Routine inspection,0,0,1,1,3,2.1834,1687942.872,0.7278134028078953,3.0,0.18719999999999998
FE-00648,2005,Bridge,Aluminium Alloy,Coastal Texas,Severe,37,0.099,Fatigue crack,Catastrophic,555725.0,467213.0,0.8407,Public report,0,0,1,0,4,3.3628,392785.9691,0.8407269782716271,4.0,0.396
FE-00649,2021,Bridge,Reinforced Concrete,Urban West,Mild,28,0.0524,Brittle fracture,Catastrophic,270482.0,182748.0,0.6756,Routine inspection,0,0,0,0,4,2.7024,123464.54879999999,0.6756383049519007,4.0,0.2096
FE-00650,2008,Bridge,Reinforced Concrete,Industrial Michigan,Moderate,53,0.0644,Brittle fracture,Major,1368656.0,792632.0,0.5791,Routine inspection,0,0,0,0,3,1.7372999999999998,459013.19119999994,0.5791316444745794,3.0,0.19319999999999998
FE-00651,2011,Bridge,FRP Composite,Desert Southwest,Mild,34,0.0261,Corrosion,Major,346550.0,147530.0,0.4257,Public report,0,0,1,1,3,1.2771000000000001,62803.521,0.4257105756745058,3.0,0.07830000000000001
FE-00652,2022,Bridge,Prestressed Concrete,Rural Midwest,Mild,38,0.0347,Erosion,Catastrophic,777977.0,714983.0,0.919,Emergency,1,26,1,0,4,3.676,657069.377,0.9190284545687083,0.14814814814814814,0.1388
FE-00653,2015,Building,Steel (A514 HY),Industrial Ohio,Moderate,44,0.0448,Corrosion,Major,255051.0,103797.0,0.407,Routine inspection,0,0,1,1,3,1.2209999999999999,42245.379,0.40696566569039133,3.0,0.1344
FE-00654,2021,Bridge,Steel (A588 Weathering),Coastal California,Moderate,77,0.0416,Buckling,Moderate,3370259.0,586847.0,0.1741,Emergency,0,0,1,0,2,0.3482,102170.06270000001,0.1741251933456746,2.0,0.0832
FE-00655,2020,Pipeline,Reinforced Concrete,Rural Midwest,Mild,93,0.0155,Overload,Major,450573.0,316854.0,0.7032,Sensor alert,0,0,1,0,3,2.1096000000000004,222811.73280000003,0.7032245607260089,3.0,0.0465
FE-00656,2006,Pipeline,Steel (A36),Industrial Ohio,Moderate,49,0.0456,Corrosion,Minor,2332149.0,167206.0,0.0717,Public report,0,0,1,0,1,0.0717,11988.6702,0.07169610518024364,1.0,0.0456
FE-00657,2014,Pipeline,Steel (A36),Coastal Florida,Severe,47,0.1072,Brittle fracture,Moderate,2917894.0,299843.0,0.1028,Routine inspection,1,3,1,0,2,0.2056,30823.8604,0.10276007284706025,0.5,0.2144
FE-00658,2009,Bridge,Prestressed Concrete,Coastal Carolina,Severe,41,0.0996,Fatigue crack,Moderate,10190016.0,1975775.0,0.1939,Routine inspection,0,0,1,0,2,0.3878,383102.77249999996,0.19389321861712483,2.0,0.1992
FE-00659,2023,Pipeline,Reinforced Concrete,Coastal Texas,Severe,35,0.0571,Erosion,Major,824483.0,529240.0,0.6419,Public report,0,0,1,0,3,1.9257,339719.156,0.6419052909520269,3.0,0.1713
FE-00660,2008,Building,Reinforced Concrete,Desert Southwest,Mild,45,0.0255,Corrosion,Moderate,221041.0,37877.0,0.1714,Emergency,0,0,0,0,2,0.3428,6492.1178,0.17135734999389254,2.0,0.051
FE-00661,2020,Bridge,Steel (A588 Weathering),Urban West,Mild,41,0.0188,Overload,Major,3921206.0,1417899.0,0.3616,Public report,1,12,0,1,3,1.0848,512712.27839999995,0.3615976819376488,0.23076923076923078,0.056400000000000006
FE-00662,2020,Bridge,Steel (A588 Weathering),Urban Northeast,Moderate,66,0.0158,Corrosion,Minor,868152.0,37588.0,0.0433,Load test,0,0,1,0,1,0.0433,1627.5603999999998,0.04329656557837798,1.0,0.0158
FE-00663,2016,Pipeline,Prestressed Concrete,Coastal Texas,Severe,47,0.0766,Fatigue crack,Moderate,387390.0,56661.0,0.1463,Routine inspection,0,0,1,0,2,0.2926,8289.5043,0.14626345543250988,2.0,0.1532
FE-00664,2012,Building,Steel (A36),Pacific Northwest,Mild,11,0.0464,Erosion,Moderate,986500.0,185653.0,0.1882,Load test,0,0,1,0,2,0.3764,34939.8946,0.18819361378611252,2.0,0.0928
FE-00665,2005,Pipeline,Steel (A588 Weathering),Rural Midwest,Mild,48,0.0131,Fatigue crack,Moderate,756627.0,174240.0,0.2303,Routine inspection,0,0,1,0,2,0.4606,40127.472,0.23028519997303823,2.0,0.0262
FE-00666,2023,Building,Reinforced Concrete,Coastal Texas,Severe,39,0.0966,Corrosion,Minor,1478082.0,106966.0,0.0724,Sensor alert,0,0,1,0,1,0.0724,7744.338400000001,0.07236810948242385,1.0,0.0966
FE-00667,2021,Bridge,Steel (A36),Pacific Northwest,Mild,36,0.0386,Fatigue crack,Moderate,860553.0,196015.0,0.2278,Routine inspection,0,0,1,0,2,0.4556,44652.217,0.2277779520842993,2.0,0.0772
FE-00668,2015,Building,Aluminium Alloy,Urban Midwest,Moderate,60,0.057,Erosion,Major,11046391.0,6212690.0,0.5624,Public report,0,0,0,0,3,1.6872,3494016.856,0.5624180784475219,3.0,0.171
FE-00669,2007,Bridge,Prestressed Concrete,Industrial Michigan,Moderate,59,0.0358,Corrosion,Moderate,338810.0,52154.0,0.1539,Routine inspection,0,0,1,0,2,0.3078,8026.5006,0.15393288273663705,2.0,0.0716
FE-00670,2017,Bridge,Composite Steel-Concrete,Rural South,Mild,48,0.0568,Corrosion,Catastrophic,1775014.0,1495837.0,0.8427,Routine inspection,0,0,1,1,4,3.3708,1260541.8399,0.8427184236293348,4.0,0.2272
FE-00671,2009,Building,Prestressed Concrete,Coastal California,Moderate,62,0.0747,Creep,Moderate,1689255.0,371967.0,0.2202,Load test,1,5,1,0,2,0.4404,81907.1334,0.22019588516831384,0.3333333333333333,0.1494
FE-00672,2019,Bridge,Reinforced Concrete,Urban Midwest,Moderate,58,0.0633,Corrosion,Minor,1122963.0,81957.0,0.073,Routine inspection,1,5,1,0,1,0.073,5982.861,0.07298281421560639,0.16666666666666666,0.0633
FE-00673,2005,Bridge,Composite Steel-Concrete,Coastal Florida,Severe,55,0.1304,Corrosion,Moderate,445153.0,74941.0,0.1683,Routine inspection,1,19,1,0,2,0.3366,12612.570300000001,0.1683488598302157,0.1,0.2608
FE-00674,2017,Building,Steel (A514 HY),Industrial New Jersey,Moderate,80,0.0876,Fatigue crack,Moderate,2009247.0,501503.0,0.2496,Routine inspection,0,0,1,0,2,0.4992,125175.1488,0.24959748602337095,2.0,0.1752
FE-00675,2008,Bridge,Steel (A36),Urban Midwest,Moderate,36,0.0368,Corrosion,Moderate,3092746.0,548101.0,0.1772,Public report,0,0,1,0,2,0.3544,97123.4972,0.17722147243905578,2.0,0.0736
FE-00676,2005,Bridge,Steel (A514 HY),Rural Midwest,Mild,62,0.022,Buckling,Minor,767030.0,38874.0,0.0507,Routine inspection,1,7,1,0,1,0.0507,1970.9118,0.05068119891008174,0.125,0.022
FE-00677,2010,Pipeline,Steel (A36),Coastal Florida,Severe,69,0.0604,Overload,Catastrophic,966547.0,974883.0,1.0086,Public report,0,0,1,1,4,4.0344,983266.9937999999,1.0086245159314549,4.0,0.2416
FE-00678,2013,Building,Timber,Pacific Northwest,Mild,45,0.0494,Fatigue crack,Catastrophic,1056183.0,814871.0,0.7715,Load test,0,0,0,1,4,3.086,628672.9765,0.7715244422604794,4.0,0.1976
FE-00679,2009,Bridge,Steel (A36),Urban Midwest,Moderate,52,0.0301,Corrosion,Minor,4579244.0,293406.0,0.0641,Load test,0,0,0,0,1,0.0641,18807.3246,0.06407302166034394,1.0,0.0301
FE-00680,2023,Building,Steel (A36),Urban Midwest,Moderate,33,0.0387,Erosion,Moderate,5139716.0,669631.0,0.1303,Routine inspection,0,0,1,0,2,0.2606,87252.9193,0.13028560332905553,2.0,0.0774
FE-00681,2007,Building,Timber,Industrial Michigan,Moderate,38,0.0656,Fatigue crack,Catastrophic,1791309.0,2247037.0,1.2544,Routine inspection,1,6,1,1,4,5.0176,2818683.2128,1.2544106014093603,0.5714285714285714,0.2624
FE-00682,2014,Building,FRP Composite,Desert Southwest,Mild,57,0.0164,Overload,Moderate,453095.0,101335.0,0.2237,Emergency,1,34,1,0,2,0.4474,22668.6395,0.22365066928569063,0.05714285714285714,0.0328
FE-00683,2011,Bridge,Reinforced Concrete,Coastal Florida,Severe,47,0.1385,Corrosion,Catastrophic,2000115.0,1260569.0,0.6302,Routine inspection,0,0,0,1,4,2.5208,794410.5838,0.6302482607250083,4.0,0.554
FE-00684,2018,Power Plant,Reinforced Concrete,Desert Southwest,Mild,23,0.0119,Corrosion,Moderate,1016786.0,294127.0,0.2893,Routine inspection,1,5,1,0,2,0.5786,85090.9411,0.28927129209096114,0.3333333333333333,0.0238
FE-00685,2012,Building,Composite Steel-Concrete,Urban Midwest,Moderate,39,0.026,Buckling,Moderate,2951064.0,875269.0,0.2966,Public report,0,0,0,0,2,0.5932,259604.78539999996,0.2965943808741525,2.0,0.052
FE-00686,2013,Building,Cast Iron,Coastal Florida,Severe,39,0.1174,Corrosion,Minor,15766355.0,481513.0,0.0305,Emergency,1,17,1,0,1,0.0305,14686.146499999999,0.030540540283407292,0.05555555555555555,0.1174
FE-00687,2018,Bridge,FRP Composite,Urban Midwest,Moderate,26,0.0524,Erosion,Minor,4673699.0,119713.0,0.0256,Emergency,1,29,0,0,1,0.0256,3064.6528000000003,0.025614186964115576,0.03333333333333333,0.0524
FE-00688,2013,Building,Prestressed Concrete,Urban Midwest,Moderate,45,0.0354,Brittle fracture,Catastrophic,932489.0,1041001.0,1.1164,Load test,1,11,1,1,4,4.4656,1162173.5164,1.1163681287393203,0.3333333333333333,0.1416
FE-00689,2011,Bridge,Steel (A514 HY),Coastal Florida,Severe,49,0.0757,Brittle fracture,Moderate,2307758.0,416669.0,0.1806,Load test,0,0,0,0,2,0.3612,75250.4214,0.18055142696937893,2.0,0.1514
FE-00690,2022,Bridge,Steel (A36),Coastal Texas,Severe,70,0.0831,Brittle fracture,Minor,2968464.0,89685.0,0.0302,Routine inspection,0,0,0,0,1,0.0302,2708.487,0.030212594796500816,1.0,0.0831
FE-00691,2019,Power Plant,Prestressed Concrete,Pacific Northwest,Mild,53,0.0255,Fatigue crack,Moderate,2294326.0,542984.0,0.2367,Public report,1,25,1,0,2,0.4734,128524.3128,0.23666383940207278,0.07692307692307693,0.051
FE-00692,2022,Bridge,Timber,Rural Mountain,Mild,66,0.0156,Overload,Minor,1159727.0,29397.0,0.0253,Public report,1,24,0,0,1,0.0253,743.7441,0.025348206948704308,0.04,0.0156
FE-00693,2013,Bridge,Steel (A36),Coastal Carolina,Severe,45,0.0701,Erosion,Minor,1271365.0,81795.0,0.0643,Sensor alert,0,0,1,0,1,0.0643,5259.4185,0.06433636288556001,1.0,0.0701
FE-00694,2018,Pipeline,Steel (A36),Urban Midwest,Moderate,57,0.0589,Fatigue crack,Moderate,1178741.0,226690.0,0.1923,Sensor alert,0,0,0,0,2,0.3846,43592.487,0.19231536020211396,2.0,0.1178
FE-00695,2010,Bridge,Prestressed Concrete,Rural Midwest,Mild,60,0.0345,Erosion,Minor,1912184.0,132289.0,0.0692,Load test,0,0,0,0,1,0.0692,9154.398799999999,0.06918214983495312,1.0,0.0345
FE-00696,2021,Bridge,Steel (A588 Weathering),Coastal Florida,Severe,37,0.0472,Creep,Major,205120.0,74970.0,0.3655,Routine inspection,1,6,1,1,3,1.0965,27401.535,0.3654933697347894,0.42857142857142855,0.1416
FE-00697,2010,Bridge,Steel (A588 Weathering),Coastal Florida,Severe,65,0.0526,Creep,Moderate,1357957.0,329615.0,0.2427,Public report,0,0,1,0,2,0.4854,79997.5605,0.24272859891734422,2.0,0.1052
FE-00698,2013,Bridge,Cast Iron,Coastal California,Moderate,55,0.0515,Corrosion,Minor,815391.0,58632.0,0.0719,Public report,1,49,0,0,1,0.0719,4215.6408,0.07190660676902247,0.02,0.0515
FE-00699,2017,Bridge,Composite Steel-Concrete,Urban Northeast,Moderate,42,0.0857,Brittle fracture,Major,1407514.0,829169.0,0.5891,Sensor alert,0,0,1,1,3,1.7672999999999999,488463.4579,0.5891017780284956,3.0,0.2571
FE-00700,2014,Building,Prestressed Concrete,Rural Mountain,Mild,51,0.0176,Fatigue crack,Moderate,193715.0,38209.0,0.1972,Routine inspection,0,0,1,0,2,0.3944,7534.814799999999,0.19724337299641226,2.0,0.0352
FE-00701,2019,Bridge,Stainless Steel 316L,Urban Midwest,Moderate,57,0.0059,Fatigue crack,Minor,2765698.0,206165.0,0.0745,Sensor alert,0,0,0,0,1,0.0745,15359.2925,0.07454356910985943,1.0,0.0059
FE-00702,2008,Pipeline,Reinforced Concrete,Urban Northeast,Moderate,35,0.0435,Fatigue crack,Minor,460334.0,26617.0,0.0578,Load test,1,14,1,0,1,0.0578,1538.4625999999998,0.057821060360520836,0.06666666666666667,0.0435
FE-00703,2014,Building,Steel (A36),Pacific Northwest,Mild,42,0.0252,Overload,Minor,3136090.0,198659.0,0.0633,Sensor alert,1,0,1,0,1,0.0633,12575.114699999998,0.06334607744037958,1.0,0.0252
FE-00704,2012,Power Plant,Reinforced Concrete,Desert Southwest,Mild,52,0.0173,Settlement,Minor,1695001.0,94688.0,0.0559,Sensor alert,0,0,0,0,1,0.0559,5293.0592,0.0558630938860803,1.0,0.0173
FE-00705,2022,Bridge,Steel (A588 Weathering),Rural Midwest,Mild,19,0.0123,Corrosion,Moderate,4391266.0,690398.0,0.1572,Sensor alert,1,17,1,0,2,0.3144,108530.5656,0.15722071949182764,0.1111111111111111,0.0246
FE-00706,2020,Power Plant,Timber,Pacific Northwest,Mild,17,0.0513,Corrosion,Moderate,378702.0,65504.0,0.173,Load test,0,0,1,0,2,0.346,11332.192,0.17296977570754843,2.0,0.1026
FE-00707,2020,Bridge,Timber,Industrial New Jersey,Moderate,49,0.0491,Corrosion,Minor,1065540.0,51291.0,0.0481,Public report,0,0,1,0,1,0.0481,2467.0971,0.048136156315107835,1.0,0.0491
FE-00708,2016,Bridge,Steel (A588 Weathering),Urban Northeast,Moderate,28,0.0421,Erosion,Major,417528.0,238533.0,0.5713,Sensor alert,0,0,1,0,3,1.7139000000000002,136273.90290000002,0.5712982123354602,3.0,0.1263
FE-00709,2013,Pipeline,FRP Composite,Coastal California,Moderate,33,0.0728,Corrosion,Minor,988142.0,54978.0,0.0556,Routine inspection,1,9,0,0,1,0.0556,3056.7767999999996,0.05563775246877473,0.1,0.0728
FE-00710,2009,Pipeline,Composite Steel-Concrete,Rural Mountain,Mild,50,0.0235,Fatigue crack,Minor,5454919.0,298538.0,0.0547,Routine inspection,1,13,1,0,1,0.0547,16330.0286,0.05472821869582298,0.07142857142857142,0.0235
FE-00711,2016,Building,Reinforced Concrete,Urban Northeast,Moderate,31,0.0733,Fatigue crack,Moderate,150810.0,29879.0,0.1981,Routine inspection,0,0,1,0,2,0.3962,5919.0298999999995,0.1981234666136198,2.0,0.1466
FE-00712,2020,Bridge,Reinforced Concrete,Industrial Ohio,Moderate,54,0.0335,Brittle fracture,Major,2215368.0,1233221.0,0.5567,Emergency,0,0,1,0,3,1.6701,686534.1307,0.5566664319426841,3.0,0.1005
FE-00713,2012,Building,Steel (A36),Urban West,Mild,54,0.0396,Corrosion,Moderate,2521104.0,379891.0,0.1507,Public report,1,1,1,0,2,0.3014,57249.5737,0.1506843827148741,1.0,0.0792
FE-00714,2005,Bridge,Steel (A36),Rural South,Mild,57,0.0552,Fatigue crack,Minor,766658.0,38373.0,0.0501,Routine inspection,1,7,1,0,1,0.0501,1922.4873,0.05005230493909931,0.125,0.0552
FE-00715,2022,Bridge,Steel (A36),Urban West,Mild,39,0.0528,Overload,Moderate,345884.0,45936.0,0.1328,Routine inspection,0,0,1,0,2,0.2656,6100.3008,0.13280753084849256,2.0,0.1056
FE-00716,2022,Building,Steel (A36),Desert Southwest,Mild,62,0.0183,Fatigue crack,Moderate,1121466.0,263007.0,0.2345,Emergency,0,0,1,0,2,0.469,61675.1415,0.2345207077165068,2.0,0.0366
FE-00717,2021,Bridge,Timber,Pacific Northwest,Mild,32,0.0323,Fatigue crack,Major,1061561.0,426372.0,0.4016,Routine inspection,1,10,1,0,3,1.2048,171230.9952,0.40164625490197925,0.2727272727272727,0.09690000000000001
FE-00718,2016,Bridge,Stainless Steel 316L,Industrial Michigan,Moderate,25,0.005,Overload,Moderate,974906.0,212191.0,0.2177,Routine inspection,0,0,1,0,2,0.4354,46193.9807,0.21765277883201048,2.0,0.01
FE-00719,2020,Bridge,Cast Iron,Industrial Michigan,Moderate,59,0.077,Buckling,Catastrophic,1145336.0,1024345.0,0.8944,Public report,0,0,1,1,4,3.5776,916174.168,0.894362003813728,4.0,0.308
FE-00720,2005,Power Plant,Composite Steel-Concrete,Urban Northeast,Moderate,38,0.0493,Buckling,Catastrophic,322886.0,286837.0,0.8884,Emergency,0,0,0,1,4,3.5536,254825.9908,0.8883537843077742,4.0,0.1972
FE-00721,2005,Bridge,Composite Steel-Concrete,Industrial New Jersey,Moderate,26,0.0525,Corrosion,Minor,372728.0,11085.0,0.0297,Emergency,1,1,1,0,1,0.0297,329.22450000000003,0.029740185872808054,0.5,0.0525
FE-00722,2008,Bridge,Reinforced Concrete,Industrial Ohio,Moderate,40,0.0684,Corrosion,Minor,24457214.0,1188097.0,0.0486,Public report,0,0,0,0,1,0.0486,57741.5142,0.04857859116741588,1.0,0.0684
FE-00723,2014,Power Plant,Steel (A36),Urban Northeast,Moderate,73,0.0473,Settlement,Moderate,948495.0,178747.0,0.1885,Emergency,0,0,1,0,2,0.377,33693.8095,0.18845328652233276,2.0,0.0946
FE-00724,2007,Building,Steel (A588 Weathering),Coastal Carolina,Severe,33,0.0257,Settlement,Moderate,4471285.0,901682.0,0.2017,Load test,0,0,1,0,2,0.4034,181869.25939999998,0.2016605964504611,2.0,0.0514
FE-00725,2012,Building,Steel (A514 HY),Urban Northeast,Moderate,40,0.0809,Overload,Minor,1111231.0,74429.0,0.067,Routine inspection,1,0,1,0,1,0.067,4986.743,0.0669788729796055,1.0,0.0809
FE-00726,2008,Building,FRP Composite,Urban Midwest,Moderate,49,0.0746,Erosion,Minor,684598.0,17335.0,0.0253,Routine inspection,0,0,1,0,1,0.0253,438.5755,0.02532142951045723,1.0,0.0746
FE-00727,2009,Bridge,Prestressed Concrete,Coastal Carolina,Severe,47,0.0667,Erosion,Minor,921111.0,48680.0,0.0528,Load test,1,3,1,0,1,0.0528,2570.304,0.052849222297855526,0.25,0.0667
FE-00728,2022,Power Plant,Reinforced Concrete,Coastal Carolina,Severe,33,0.0894,Buckling,Moderate,1348913.0,190420.0,0.1412,Routine inspection,1,3,1,0,2,0.2824,26887.304,0.14116551623418264,0.5,0.1788
FE-00729,2013,Power Plant,Composite Steel-Concrete,Rural Mountain,Mild,34,0.0245,Buckling,Moderate,1049787.0,270932.0,0.2581,Sensor alert,1,7,0,0,2,0.5162,69927.5492,0.25808283013601807,0.25,0.049
FE-00730,2018,Bridge,Steel (A36),Rural South,Mild,39,0.0315,Fatigue crack,Moderate,622570.0,81486.0,0.1309,Load test,0,0,1,0,2,0.2618,10666.517399999999,0.1308864866601346,2.0,0.063
FE-00731,2018,Bridge,Steel (A36),Industrial Ohio,Moderate,24,0.0367,Buckling,Minor,95123.0,4997.0,0.0525,Routine inspection,0,0,0,0,1,0.0525,262.3425,0.05253198490375619,1.0,0.0367
FE-00732,2021,Bridge,Composite Steel-Concrete,Desert Southwest,Mild,55,0.0155,Overload,Major,381059.0,165409.0,0.4341,Emergency,0,0,0,1,3,1.3023,71804.0469,0.4340771376610971,3.0,0.0465
FE-00733,2018,Bridge,Reinforced Concrete,Rural South,Mild,25,0.0284,Settlement,Minor,255742.0,13084.0,0.0512,Routine inspection,1,0,1,0,1,0.0512,669.9008,0.05116093563044005,1.0,0.0284
FE-00734,2023,Bridge,Aluminium Alloy,Coastal Texas,Severe,61,0.1088,Fatigue crack,Moderate,3463223.0,740951.0,0.2139,Routine inspection,0,0,0,0,2,0.4278,158489.41890000002,0.2139483943136206,2.0,0.2176
FE-00735,2022,Pipeline,Cast Iron,Coastal Florida,Severe,46,0.0757,Erosion,Minor,1066822.0,45120.0,0.0423,Routine inspection,1,31,0,0,1,0.0423,1908.5759999999998,0.04229384095941029,0.03125,0.0757
FE-00736,2009,Building,Prestressed Concrete,Industrial Ohio,Moderate,35,0.0696,Corrosion,Moderate,1012945.0,203349.0,0.2008,Routine inspection,1,13,0,0,2,0.4016,40832.4792,0.20075028752795068,0.14285714285714285,0.1392
FE-00737,2015,Power Plant,Prestressed Concrete,Urban Northeast,Moderate,61,0.0439,Settlement,Minor,1331500.0,44009.0,0.0331,Sensor alert,0,0,1,0,1,0.0331,1456.6979,0.03305219677055952,1.0,0.0439
FE-00738,2008,Bridge,Prestressed Concrete,Urban West,Mild,44,0.0555,Creep,Major,276303.0,166677.0,0.6032,Public report,1,12,1,0,3,1.8095999999999999,100539.5664,0.6032399213906472,0.23076923076923078,0.1665
FE-00739,2010,Bridge,Steel (A588 Weathering),Industrial Michigan,Moderate,26,0.0251,Overload,Minor,851035.0,43596.0,0.0512,Sensor alert,1,6,0,0,1,0.0512,2232.1152,0.051227035315821325,0.14285714285714285,0.0251
FE-00740,2015,Bridge,Reinforced Concrete,Coastal California,Moderate,62,0.0795,Fatigue crack,Moderate,785653.0,129674.0,0.1651,Routine inspection,1,19,1,0,2,0.3302,21409.1774,0.1650525104594522,0.1,0.159
FE-00741,2009,Pipeline,Reinforced Concrete,Rural Midwest,Mild,56,0.037,Corrosion,Minor,706212.0,26603.0,0.0377,Routine inspection,0,0,1,0,1,0.0377,1002.9331,0.03766999144732743,1.0,0.037
FE-00742,2020,Bridge,Steel (A588 Weathering),Urban Northeast,Moderate,51,0.0322,Fatigue crack,Moderate,2355924.0,620136.0,0.2632,Public report,0,0,1,0,2,0.5264,163219.7952,0.2632241107947455,2.0,0.0644
FE-00743,2005,Power Plant,Prestressed Concrete,Urban Northeast,Moderate,36,0.0474,Corrosion,Moderate,1115996.0,237455.0,0.2128,Load test,1,0,1,0,2,0.4256,50530.424,0.21277406012207928,2.0,0.0948
FE-00744,2018,Bridge,Composite Steel-Concrete,Industrial Michigan,Moderate,42,0.0663,Buckling,Catastrophic,4938345.0,3451341.0,0.6989,Routine inspection,1,6,1,0,4,2.7956,2412142.2249,0.6988861653043682,0.5714285714285714,0.2652
FE-00745,2011,Pipeline,Cast Iron,Rural Midwest,Mild,27,0.0423,Brittle fracture,Moderate,2272767.0,672383.0,0.2958,Sensor alert,0,0,0,0,2,0.5916,198890.8914,0.29584334865826545,2.0,0.0846
FE-00746,2020,Bridge,Steel (A36),Desert Southwest,Mild,40,0.0106,Fatigue crack,Catastrophic,1010143.0,807782.0,0.7997,Routine inspection,0,0,0,1,4,3.1988,645983.2653999999,0.7996709376791207,4.0,0.0424
FE-00747,2015,Bridge,Prestressed Concrete,Industrial New Jersey,Moderate,57,0.1018,Fatigue crack,Minor,1074438.0,30797.0,0.0287,Routine inspection,0,0,1,0,1,0.0287,883.8739,0.02866335702944237,1.0,0.1018
FE-00748,2010,Pipeline,Prestressed Concrete,Industrial Michigan,Moderate,33,0.0717,Corrosion,Catastrophic,3308640.0,3060664.0,0.9251,Emergency,0,0,0,0,4,3.7004,2831420.2664,0.9250519851056628,4.0,0.2868
FE-00749,2013,Bridge,Reinforced Concrete,Coastal Texas,Severe,68,0.0552,Fatigue crack,Minor,1262369.0,48845.0,0.0387,Public report,1,40,1,0,1,0.0387,1890.3014999999998,0.03869312380136077,0.024390243902439025,0.0552
FE-00750,2009,Bridge,Aluminium Alloy,Coastal Carolina,Severe,69,0.0527,Fatigue crack,Moderate,5680316.0,1419064.0,0.2498,Public report,0,0,0,0,2,0.4996,354482.1872,0.2498213127579522,2.0,0.1054
FE-00751,2017,Bridge,Steel (A588 Weathering),Industrial Michigan,Moderate,35,0.0377,Corrosion,Moderate,2170492.0,588557.0,0.2712,Emergency,0,0,1,0,2,0.5424,159616.6584,0.2711629437012438,2.0,0.0754
FE-00752,2021,Bridge,Steel (A588 Weathering),Desert Southwest,Mild,30,0.0142,Brittle fracture,Major,2627807.0,990029.0,0.3768,Routine inspection,0,0,1,1,3,1.1304,373042.92720000003,0.3767510323246722,3.0,0.0426
FE-00753,2010,Bridge,Reinforced Concrete,Coastal Florida,Severe,27,0.1273,Settlement,Minor,1786690.0,82982.0,0.0464,Sensor alert,1,14,0,0,1,0.0464,3850.3648,0.0464445427018677,0.06666666666666667,0.1273
FE-00754,2010,Power Plant,Prestressed Concrete,Desert Southwest,Mild,73,0.0179,Brittle fracture,Catastrophic,243652.0,279523.0,1.1472,Routine inspection,0,0,1,1,4,4.5888,320668.7856,1.1472222678246022,4.0,0.0716
FE-00755,2016,Bridge,Steel (A36),Coastal Texas,Severe,62,0.0972,Corrosion,Moderate,459889.0,134399.0,0.2922,Emergency,0,0,1,0,2,0.5844,39271.387800000004,0.2922422584580192,2.0,0.1944
FE-00756,2023,Power Plant,Steel (A36),Rural Mountain,Mild,55,0.0246,Corrosion,Moderate,5336066.0,660304.0,0.1237,Emergency,0,0,0,0,2,0.2474,81679.6048,0.1237435968745514,2.0,0.0492
FE-00757,2018,Bridge,Prestressed Concrete,Urban Northeast,Moderate,70,0.0711,Fatigue crack,Moderate,2170223.0,297209.0,0.1369,Routine inspection,1,5,1,0,2,0.2738,40687.9121,0.13694859929140923,0.3333333333333333,0.1422
FE-00758,2014,Bridge,Steel (A588 Weathering),Industrial Ohio,Moderate,57,0.024,Overload,Minor,2201588.0,141966.0,0.0645,Emergency,0,0,0,0,1,0.0645,9156.807,0.06448345466999275,1.0,0.024
FE-00759,2015,Bridge,Composite Steel-Concrete,Industrial New Jersey,Moderate,60,0.085,Buckling,Minor,1216917.0,88722.0,0.0729,Load test,1,10,1,0,1,0.0729,6467.8338,0.07290719087661689,0.09090909090909091,0.085
FE-00760,2015,Bridge,Steel (A36),Urban Midwest,Moderate,68,0.0519,Fatigue crack,Moderate,2470613.0,490680.0,0.1986,Sensor alert,1,33,0,0,2,0.3972,97449.048,0.19860658063403697,0.058823529411764705,0.1038
FE-00761,2016,Power Plant,Reinforced Concrete,Coastal Florida,Severe,52,0.1063,Overload,Catastrophic,366101.0,354521.0,0.9684,Public report,0,0,1,0,4,3.8736,343318.1364,0.96836938440485,4.0,0.4252
FE-00762,2007,Bridge,Reinforced Concrete,Industrial Ohio,Moderate,48,0.0376,Fatigue crack,Major,322871.0,228623.0,0.7081,Routine inspection,1,6,0,1,3,2.1243,161887.94629999998,0.7080939446404292,0.42857142857142855,0.11280000000000001
FE-00763,2019,Pipeline,Steel (A588 Weathering),Coastal Florida,Severe,32,0.0712,Fatigue crack,Major,953248.0,337804.0,0.3544,Sensor alert,0,0,1,0,3,1.0632,119717.7376,0.3543715801134647,3.0,0.2136
FE-00764,2019,Building,Reinforced Concrete,Coastal Florida,Severe,50,0.0651,Buckling,Minor,4871131.0,138358.0,0.0284,Sensor alert,0,0,0,0,1,0.0284,3929.3672,0.028403670523334312,1.0,0.0651
FE-00765,2015,Building,Composite Steel-Concrete,Coastal Florida,Severe,48,0.0708,Corrosion,Moderate,9090459.0,2676561.0,0.2944,Routine inspection,0,0,1,0,2,0.5888,787979.5584,0.29443628754059614,2.0,0.1416
FE-00766,2022,Pipeline,Composite Steel-Concrete,Industrial New Jersey,Moderate,59,0.0427,Brittle fracture,Minor,734558.0,24812.0,0.0338,Emergency,1,0,1,0,1,0.0338,838.6456,0.033778135967479764,1.0,0.0427
FE-00767,2009,Bridge,Composite Steel-Concrete,Pacific Northwest,Mild,39,0.0489,Erosion,Major,651931.0,430136.0,0.6598,Routine inspection,0,0,0,1,3,1.9794,283803.7328,0.6597876155605424,3.0,0.1467
FE-00768,2018,Bridge,Timber,Coastal Texas,Severe,31,0.0989,Fatigue crack,Catastrophic,1708203.0,1819729.0,1.0653,Load test,1,11,1,0,4,4.2612,1938557.3036999998,1.0652884932294346,0.3333333333333333,0.3956
FE-00769,2006,Power Plant,Reinforced Concrete,Coastal California,Moderate,45,0.053,Creep,Minor,242560.0,10278.0,0.0424,Sensor alert,0,0,1,0,1,0.0424,435.7872,0.04237302110817942,1.0,0.053
FE-00770,2019,Bridge,Steel (A588 Weathering),Coastal Carolina,Severe,41,0.0331,Buckling,Major,1638802.0,463664.0,0.2829,Public report,0,0,1,1,3,0.8487,131170.54559999998,0.2829286271312825,3.0,0.0993
FE-00771,2012,Bridge,Steel (A36),Industrial Ohio,Moderate,29,0.059,Creep,Catastrophic,722191.0,528826.0,0.7323,Load test,0,0,1,0,4,2.9292,387259.27979999996,0.732252271213571,4.0,0.236
FE-00772,2017,Bridge,Reinforced Concrete,Urban Northeast,Moderate,26,0.0693,Fatigue crack,Major,293853.0,111598.0,0.3798,Routine inspection,0,0,1,1,3,1.1394000000000002,42384.9204,0.3797749214743426,3.0,0.2079
FE-00773,2023,Bridge,Prestressed Concrete,Rural Mountain,Mild,36,0.0236,Erosion,Moderate,542793.0,136937.0,0.2523,Public report,1,23,1,0,2,0.5046,34549.20510000001,0.2522821775520318,0.08333333333333333,0.0472
FE-00774,2018,Bridge,Steel (A588 Weathering),Industrial Michigan,Moderate,35,0.028,Settlement,Major,504911.0,247216.0,0.4896,Routine inspection,0,0,1,1,3,1.4687999999999999,121036.9536,0.4896229236439689,3.0,0.084
FE-00775,2006,Bridge,Steel (A36),Rural Midwest,Mild,28,0.0298,Corrosion,Moderate,373546.0,110422.0,0.2956,Emergency,1,0,0,0,2,0.5912,32640.743199999997,0.29560482510855424,2.0,0.0596
FE-00776,2009,Building,Steel (A36),Urban Northeast,Moderate,59,0.0754,Corrosion,Catastrophic,1881731.0,2484482.0,1.3203,Sensor alert,0,0,1,1,4,5.2812,3280261.5846,1.320317303589089,4.0,0.3016
FE-00777,2023,Bridge,Steel (A36),Industrial Michigan,Moderate,64,0.0559,Brittle fracture,Moderate,978732.0,239893.0,0.2451,Public report,0,0,1,0,2,0.4902,58797.774300000005,0.2451059125480724,2.0,0.1118
FE-00778,2016,Bridge,Composite Steel-Concrete,Rural Midwest,Mild,41,0.0377,Corrosion,Major,3791538.0,2361060.0,0.6227,Emergency,0,0,0,0,3,1.8681,1470232.0620000002,0.6227182742201186,3.0,0.11309999999999999
FE-00779,2023,Pipeline,Steel (A36),Coastal Carolina,Severe,40,0.0634,Erosion,Minor,1040413.0,45281.0,0.0435,Routine inspection,0,0,1,0,1,0.0435,1969.7234999999998,0.04352213976565076,1.0,0.0634
FE-00780,2014,Bridge,Prestressed Concrete,Coastal California,Moderate,49,0.0994,Fatigue crack,Major,714613.0,482563.0,0.6753,Sensor alert,1,32,1,0,3,2.0259,325874.7939,0.6752787872596776,0.09090909090909091,0.2982
FE-00781,2020,Building,Steel (A588 Weathering),Rural Midwest,Mild,24,0.0127,Overload,Moderate,5189040.0,551090.0,0.1062,Sensor alert,0,0,1,0,2,0.2124,58525.758,0.10620268874396806,2.0,0.0254
FE-00782,2005,Bridge,Steel (A36),Coastal Texas,Severe,50,0.0503,Fatigue crack,Minor,2056834.0,77114.0,0.0375,Routine inspection,0,0,1,0,1,0.0375,2891.775,0.03749160116956449,1.0,0.0503
FE-00783,2023,Bridge,Prestressed Concrete,Coastal Florida,Severe,20,0.0766,Buckling,Moderate,551614.0,77921.0,0.1413,Routine inspection,1,3,1,0,2,0.2826,11010.2373,0.14126001152980164,0.5,0.1532
FE-00784,2007,Pipeline,Steel (A588 Weathering),Rural Midwest,Mild,41,0.0158,Corrosion,Major,113641.0,69993.0,0.6159,Routine inspection,0,0,1,0,3,1.8477000000000001,43108.6887,0.6159132707385538,3.0,0.047400000000000005
FE-00785,2013,Power Plant,Steel (A36),Industrial Michigan,Moderate,37,0.0757,Corrosion,Moderate,10136707.0,1152631.0,0.1137,Routine inspection,1,47,1,0,2,0.2274,131054.14469999999,0.11370862352043913,0.041666666666666664,0.1514
FE-00786,2019,Bridge,Steel (A36),Desert Southwest,Mild,43,0.0236,Erosion,Moderate,994410.0,231198.0,0.2325,Emergency,1,11,1,0,2,0.465,53753.535,0.23249766193018975,0.16666666666666666,0.0472
FE-00787,2021,Building,Steel (A36),Coastal California,Moderate,47,0.0454,Fatigue crack,Minor,1473986.0,96532.0,0.0655,Load test,1,21,1,0,1,0.0655,6322.8460000000005,0.06549044563516886,0.045454545454545456,0.0454
FE-00788,2005,Building,Steel (A36),Industrial Ohio,Moderate,38,0.0864,Creep,Minor,679978.0,22510.0,0.0331,Emergency,0,0,0,0,1,0.0331,745.0809999999999,0.033104012188629635,1.0,0.0864
FE-00789,2007,Bridge,Timber,Coastal California,Moderate,36,0.0963,Fatigue crack,Moderate,414589.0,84101.0,0.2029,Public report,0,0,1,0,2,0.4058,17064.0929,0.2028539107405165,2.0,0.1926
FE-00790,2018,Building,Reinforced Concrete,Pacific Northwest,Mild,31,0.026,Brittle fracture,Moderate,628303.0,173741.0,0.2765,Sensor alert,1,1,1,0,2,0.553,48039.3865,0.27652422477689903,1.0,0.052
FE-00791,2020,Bridge,Steel (A588 Weathering),Industrial Michigan,Moderate,56,0.0333,Fatigue crack,Major,477151.0,211788.0,0.4439,Emergency,0,0,1,1,3,1.3317,94012.69320000001,0.44385949102066224,3.0,0.09990000000000002
FE-00792,2010,Building,Prestressed Concrete,Industrial New Jersey,Moderate,24,0.0527,Brittle fracture,Moderate,1399572.0,160275.0,0.1145,Emergency,0,0,1,0,2,0.229,18351.4875,0.11451715238658676,2.0,0.1054
FE-00793,2018,Building,Reinforced Concrete,Coastal Carolina,Severe,68,0.1195,Fatigue crack,Moderate,905846.0,132379.0,0.1461,Public report,0,0,1,0,2,0.2922,19340.571900000003,0.1461385268577661,2.0,0.239
FE-00794,2016,Bridge,Prestressed Concrete,Urban Northeast,Moderate,73,0.0814,Overload,Minor,1197580.0,78614.0,0.0656,Public report,0,0,1,0,1,0.0656,5157.0784,0.06564404883181083,1.0,0.0814
FE-00795,2009,Building,Steel (A588 Weathering),Urban Northeast,Moderate,32,0.0153,Corrosion,Minor,1109237.0,37892.0,0.0342,Sensor alert,0,0,0,0,1,0.0342,1295.9064,0.03416041837767763,1.0,0.0153
FE-00796,2010,Bridge,Stainless Steel 316L,Urban Midwest,Moderate,37,0.0106,Buckling,Moderate,822883.0,166322.0,0.2021,Routine inspection,0,0,1,0,2,0.4042,33613.6762,0.20212107918136601,2.0,0.0212
FE-00797,2009,Pipeline,Reinforced Concrete,Industrial New Jersey,Moderate,67,0.0915,Fatigue crack,Minor,1121409.0,71994.0,0.0642,Routine inspection,0,0,1,0,1,0.0642,4622.0148,0.064199591763576,1.0,0.0915
FE-00798,2019,Bridge,Steel (A36),Rural South,Mild,55,0.0568,Creep,Catastrophic,1651309.0,1589037.0,0.9623,Routine inspection,0,0,1,1,4,3.8492,1529130.3051,0.9622893110859324,4.0,0.2272
FE-00799,2020,Bridge,Prestressed Concrete,Urban Midwest,Moderate,38,0.0679,Brittle fracture,Minor,980082.0,34560.0,0.0353,Sensor alert,0,0,1,0,1,0.0353,1219.9679999999998,0.03526235559881724,1.0,0.0679
FE-00800,2008,Bridge,Reinforced Concrete,Desert Southwest,Mild,40,0.0253,Settlement,Moderate,1303348.0,172575.0,0.1324,Routine inspection,0,0,1,0,2,0.2648,22848.929999999997,0.13240899590899743,2.0,0.0506
FE-00801,2019,Bridge,Steel (A36),Pacific Northwest,Mild,55,0.0517,Fatigue crack,Major,2836366.0,1565148.0,0.5518,Routine inspection,0,0,0,1,3,1.6553999999999998,863648.6664,0.5518145401545499,3.0,0.15510000000000002
FE-00802,2011,Bridge,Steel (A36),Urban Midwest,Moderate,28,0.0483,Corrosion,Moderate,3939292.0,479661.0,0.1218,Routine inspection,0,0,0,0,2,0.2436,58422.709800000004,0.12176325085827605,2.0,0.0966
FE-00803,2023,Bridge,Reinforced Concrete,Rural South,Mild,77,0.0442,Corrosion,Major,1877405.0,1236888.0,0.6588,Sensor alert,1,9,0,0,3,1.9764000000000002,814861.8144,0.6588285425893721,0.3,0.1326
FE-00804,2019,Pipeline,Prestressed Concrete,Urban Northeast,Moderate,57,0.0826,Overload,Minor,15500132.0,750874.0,0.0484,Routine inspection,0,0,1,0,1,0.0484,36342.3016,0.04844307132352163,1.0,0.0826
FE-00805,2018,Building,Reinforced Concrete,Industrial New Jersey,Moderate,31,0.0466,Fatigue crack,Moderate,715293.0,87836.0,0.1228,Sensor alert,0,0,1,0,2,0.2456,10786.2608,0.12279723134435819,2.0,0.0932
FE-00806,2007,Bridge,Steel (A514 HY),Urban West,Mild,56,0.0544,Creep,Moderate,2587401.0,619360.0,0.2394,Routine inspection,1,5,0,0,2,0.4788,148274.784,0.23937534228362747,0.3333333333333333,0.1088
FE-00807,2010,Bridge,Steel (A36),Coastal Carolina,Severe,11,0.0582,Fatigue crack,Moderate,1956173.0,568855.0,0.2908,Routine inspection,1,23,1,0,2,0.5816,165423.034,0.29079994458567826,0.08333333333333333,0.1164
FE-00808,2009,Bridge,Steel (A36),Urban West,Mild,37,0.0258,Corrosion,Minor,416701.0,24733.0,0.0594,Load test,0,0,0,0,1,0.0594,1469.1402,0.05935430920492151,1.0,0.0258
FE-00809,2019,Building,Steel (A36),Desert Southwest,Mild,38,0.0213,Corrosion,Minor,947339.0,35716.0,0.0377,Emergency,0,0,1,0,1,0.0377,1346.4932,0.037701393059928916,1.0,0.0213
FE-00810,2018,Building,Steel (A36),Urban Northeast,Moderate,65,0.0677,Corrosion,Major,1673211.0,1247917.0,0.7458,Public report,1,6,1,1,3,2.2374,930696.4986,0.745821656682869,0.42857142857142855,0.2031
FE-00811,2021,Power Plant,Composite Steel-Concrete,Urban Midwest,Moderate,33,0.041,Corrosion,Minor,228372.0,10166.0,0.0445,Public report,0,0,0,0,1,0.0445,452.387,0.04451508941551504,1.0,0.041
FE-00812,2022,Building,Prestressed Concrete,Urban Midwest,Moderate,34,0.0694,Erosion,Moderate,429421.0,59372.0,0.1383,Public report,0,0,1,0,2,0.2766,8211.1476,0.13826058809420128,2.0,0.1388
FE-00813,2018,Building,Steel (A36),Coastal Florida,Severe,38,0.0969,Fatigue crack,Minor,209340.0,8825.0,0.0422,Emergency,1,8,1,0,1,0.0422,372.415,0.04215630075475303,0.1111111111111111,0.0969
FE-00814,2015,Pipeline,Prestressed Concrete,Rural Midwest,Mild,24,0.0241,Fatigue crack,Moderate,255921.0,62550.0,0.2444,Routine inspection,0,0,1,0,2,0.4888,15287.220000000001,0.2444113613185319,2.0,0.0482
FE-00815,2011,Building,Steel (A36),Industrial New Jersey,Moderate,24,0.0487,Creep,Major,182483.0,58554.0,0.3209,Sensor alert,0,0,0,0,3,0.9627000000000001,18789.978600000002,0.3208737252237195,3.0,0.1461
FE-00816,2012,Bridge,Steel (A514 HY),Coastal Florida,Severe,63,0.0821,Brittle fracture,Major,2421957.0,738242.0,0.3048,Emergency,0,0,1,0,3,0.9144000000000001,225016.16160000002,0.30481218287525336,3.0,0.24630000000000002
FE-00817,2008,Bridge,Steel (A36),Urban West,Mild,50,0.0396,Overload,Major,1159149.0,718426.0,0.6198,Public report,1,9,1,1,3,1.8594,445280.4348,0.6197874475153755,0.3,0.11880000000000002
FE-00818,2007,Bridge,Steel (A36),Urban Midwest,Moderate,57,0.0327,Overload,Minor,429976.0,16542.0,0.0385,Load test,0,0,0,0,1,0.0385,636.867,0.038471914711518784,1.0,0.0327
FE-00819,2023,Pipeline,Steel (A36),Industrial Ohio,Moderate,53,0.0736,Fatigue crack,Minor,1452987.0,46537.0,0.032,Emergency,0,0,1,0,1,0.032,1489.184,0.032028504040297674,1.0,0.0736
FE-00820,2007,Pipeline,Steel (A36),Urban Midwest,Moderate,48,0.0394,Overload,Minor,3639119.0,164634.0,0.0452,Load test,0,0,0,0,1,0.0452,7441.4568,0.045240070467604934,1.0,0.0394
FE-00821,2018,Pipeline,Composite Steel-Concrete,Urban Northeast,Moderate,40,0.0422,Corrosion,Minor,871140.0,36113.0,0.0415,Routine inspection,0,0,0,0,1,0.0415,1498.6895000000002,0.04145487522097482,1.0,0.0422
FE-00822,2019,Bridge,Steel (A514 HY),Coastal Carolina,Severe,53,0.0475,Creep,Minor,683696.0,51092.0,0.0747,Public report,1,50,1,0,1,0.0747,3816.5724,0.07472911937469284,0.0196078431372549,0.0475
FE-00823,2012,Bridge,Steel (A588 Weathering),Urban Midwest,Moderate,61,0.0183,Corrosion,Major,1828943.0,1192767.0,0.6522,Routine inspection,1,4,0,1,3,1.9566,777922.6374,0.6521619317824557,0.6,0.054900000000000004
FE-00824,2017,Pipeline,Reinforced Concrete,Coastal Carolina,Severe,35,0.0931,Overload,Minor,870709.0,35199.0,0.0404,Public report,0,0,0,0,1,0.0404,1422.0395999999998,0.04042567608695902,1.0,0.0931
FE-00825,2013,Building,Steel (A36),Industrial Ohio,Moderate,27,0.0487,Corrosion,Moderate,3293831.0,649977.0,0.1973,Routine inspection,0,0,1,0,2,0.3946,128240.4621,0.19733161780309919,2.0,0.0974
FE-00826,2019,Pipeline,Reinforced Concrete,Rural Mountain,Mild,54,0.0135,Fatigue crack,Catastrophic,1037243.0,647306.0,0.6241,Load test,0,0,0,0,4,2.4964,403983.67459999997,0.6240639850064064,4.0,0.054
FE-00827,2021,Building,Steel (A588 Weathering),Coastal Carolina,Severe,41,0.0305,Brittle fracture,Minor,2811256.0,89465.0,0.0318,Emergency,0,0,1,0,1,0.0318,2844.987,0.03182385382192159,1.0,0.0305
FE-00828,2012,Pipeline,Composite Steel-Concrete,Coastal Carolina,Severe,25,0.0428,Fatigue crack,Minor,534816.0,32510.0,0.0608,Emergency,1,9,1,0,1,0.0608,1976.608,0.06078726141327111,0.1,0.0428
FE-00829,2016,Bridge,Timber,Industrial New Jersey,Moderate,57,0.041,Corrosion,Minor,446657.0,25558.0,0.0572,Routine inspection,0,0,1,0,1,0.0572,1461.9176,0.057220641342238004,1.0,0.041
FE-00830,2012,Bridge,Timber,Rural South,Mild,71,0.0405,Fatigue crack,Major,759290.0,275451.0,0.3628,Routine inspection,0,0,0,1,3,1.0884,99933.6228,0.3627744340107205,3.0,0.1215
FE-00831,2007,Bridge,Prestressed Concrete,Industrial Michigan,Moderate,49,0.0777,Overload,Moderate,2958688.0,354199.0,0.1197,Public report,0,0,1,0,2,0.2394,42397.6203,0.11971488713916438,2.0,0.1554
FE-00832,2010,Bridge,Reinforced Concrete,Rural Midwest,Mild,60,0.0326,Corrosion,Major,1165331.0,748939.0,0.6427,Routine inspection,0,0,0,0,3,1.9281000000000001,481343.09530000004,0.642683495075648,3.0,0.0978
FE-00833,2015,Power Plant,Prestressed Concrete,Rural Midwest,Mild,84,0.0397,Brittle fracture,Moderate,2652395.0,376786.0,0.1421,Routine inspection,0,0,1,0,2,0.2842,53541.2906,0.14205501066017692,2.0,0.0794
FE-00834,2006,Bridge,Steel (A514 HY),Rural South,Mild,42,0.0526,Buckling,Minor,1009588.0,44719.0,0.0443,Load test,0,0,0,0,1,0.0443,1981.0517,0.04429430619222891,1.0,0.0526
FE-00835,2022,Bridge,Aluminium Alloy,Urban Midwest,Moderate,26,0.0411,Corrosion,Minor,2674699.0,177490.0,0.0664,Public report,1,7,1,0,1,0.0664,11785.336,0.06635886879233888,0.125,0.0411
FE-00836,2013,Pipeline,Steel (A36),Coastal California,Moderate,53,0.1007,Corrosion,Minor,3267534.0,198298.0,0.0607,Routine inspection,0,0,1,0,1,0.0607,12036.6886,0.060687356275405245,1.0,0.1007
FE-00837,2015,Pipeline,Timber,Desert Southwest,Mild,53,0.018,Overload,Major,680152.0,329217.0,0.484,Public report,0,0,1,1,3,1.452,159341.028,0.4840344511226902,3.0,0.05399999999999999
FE-00838,2013,Pipeline,Prestressed Concrete,Pacific Northwest,Mild,30,0.0262,Fatigue crack,Moderate,496473.0,86569.0,0.1744,Routine inspection,0,0,1,0,2,0.3488,15097.6336,0.17436799181425777,2.0,0.0524
FE-00839,2019,Power Plant,Reinforced Concrete,Rural South,Mild,38,0.0487,Buckling,Minor,1692572.0,112585.0,0.0665,Public report,1,22,0,0,1,0.0665,7486.9025,0.06651711123662686,0.043478260869565216,0.0487
FE-00840,2015,Building,Prestressed Concrete,Industrial Ohio,Moderate,51,0.0408,Creep,Moderate,2369843.0,638349.0,0.2694,Routine inspection,1,0,0,0,2,0.5388,171971.22059999997,0.26936341352570614,2.0,0.0816
FE-00841,2022,Building,Prestressed Concrete,Coastal Carolina,Severe,53,0.048,Fatigue crack,Moderate,543139.0,72322.0,0.1332,Sensor alert,0,0,0,0,2,0.2664,9633.290400000002,0.13315560105240096,2.0,0.096
FE-00842,2013,Pipeline,Reinforced Concrete,Industrial Michigan,Moderate,48,0.0821,Brittle fracture,Minor,736891.0,19380.0,0.0263,Routine inspection,0,0,1,0,1,0.0263,509.694,0.026299683399580127,1.0,0.0821
FE-00843,2009,Bridge,Reinforced Concrete,Industrial New Jersey,Moderate,62,0.1006,Overload,Major,340951.0,253492.0,0.7435,Sensor alert,1,1,1,1,3,2.2305,188471.30200000003,0.743485134227499,1.5,0.30179999999999996
FE-00844,2009,Pipeline,Timber,Coastal Texas,Severe,70,0.0778,Erosion,Moderate,7487067.0,1737173.0,0.232,Public report,0,0,1,0,2,0.464,403024.136,0.2320231674165598,2.0,0.1556
FE-00845,2007,Power Plant,Composite Steel-Concrete,Rural Mountain,Mild,36,0.021,Corrosion,Minor,1047399.0,51608.0,0.0493,Sensor alert,1,4,0,0,1,0.0493,2544.2744,0.049272531289413106,0.2,0.021
FE-00846,2022,Bridge,Steel (A36),Industrial Michigan,Moderate,39,0.0719,Overload,Major,912133.0,550262.0,0.6033,Routine inspection,0,0,0,1,3,1.8098999999999998,331973.0646,0.6032694793412803,3.0,0.2157
FE-00847,2020,Bridge,Reinforced Concrete,Pacific Northwest,Mild,65,0.0488,Fatigue crack,Moderate,1826706.0,330672.0,0.181,Load test,0,0,1,0,2,0.362,59851.632,0.18102091962253367,2.0,0.0976
FE-00848,2009,Bridge,Steel (A588 Weathering),Industrial New Jersey,Moderate,60,0.0388,Overload,Minor,488802.0,35619.0,0.0729,Routine inspection,1,26,0,0,1,0.0729,2596.6251,0.07286999644027643,0.037037037037037035,0.0388
FE-00849,2007,Bridge,Steel (A514 HY),Coastal Texas,Severe,52,0.0609,Overload,Moderate,42833.0,8807.0,0.2056,Load test,0,0,1,0,2,0.4112,1810.7192,0.20561249503887188,2.0,0.1218
FE-00850,2005,Bridge,Composite Steel-Concrete,Desert Southwest,Mild,54,0.0106,Brittle fracture,Major,520022.0,170904.0,0.3286,Sensor alert,0,0,0,0,3,0.9858,56159.0544,0.3286476341385557,3.0,0.0318
FE-00851,2006,Pipeline,Steel (A588 Weathering),Coastal Florida,Severe,39,0.0655,Brittle fracture,Major,1710969.0,427949.0,0.2501,Routine inspection,0,0,0,0,3,0.7503,107030.0449,0.25012083795790574,3.0,0.1965
FE-00852,2020,Bridge,Steel (A588 Weathering),Rural Mountain,Mild,48,0.0088,Fatigue crack,Moderate,1679303.0,294758.0,0.1755,Load test,0,0,1,0,2,0.351,51730.028999999995,0.17552401204547363,2.0,0.0176
FE-00853,2013,Bridge,Steel (A36),Desert Southwest,Mild,20,0.0133,Brittle fracture,Major,431154.0,308460.0,0.7154,Routine inspection,0,0,0,1,3,2.1462000000000003,220672.284,0.7154288258951558,3.0,0.0399
FE-00854,2018,Power Plant,Prestressed Concrete,Coastal Carolina,Severe,34,0.0788,Buckling,Major,730789.0,224603.0,0.3073,Routine inspection,1,11,1,0,3,0.9219,69020.5019,0.30734315924295524,0.25,0.2364
FE-00855,2008,Pipeline,Steel (A588 Weathering),Urban West,Mild,61,0.0148,Overload,Minor,304617.0,8556.0,0.0281,Emergency,1,0,1,0,1,0.0281,240.4236,0.028087729837796314,1.0,0.0148
FE-00856,2005,Pipeline,Steel (A514 HY),Coastal Texas,Severe,47,0.131,Settlement,Major,480089.0,339695.0,0.7076,Emergency,0,0,0,0,3,2.1228,240368.182,0.7075667220036285,3.0,0.393
FE-00857,2011,Bridge,Steel (A36),Coastal California,Moderate,62,0.0398,Fatigue crack,Minor,450067.0,29024.0,0.0645,Load test,0,0,1,0,1,0.0645,1872.048,0.06448817620487617,1.0,0.0398
FE-00858,2010,Building,Stainless Steel 316L,Rural Mountain,Mild,13,0.0036,Corrosion,Moderate,1915361.0,331468.0,0.1731,Public report,1,2,1,0,2,0.3462,57377.1108,0.17305771601280384,0.6666666666666666,0.0072
FE-00859,2016,Building,Steel (A588 Weathering),Pacific Northwest,Mild,66,0.0204,Fatigue crack,Moderate,167793.0,37283.0,0.2222,Routine inspection,1,54,1,0,2,0.4444,8284.2826,0.22219639675075836,0.03636363636363636,0.0408
FE-00860,2023,Bridge,Prestressed Concrete,Coastal California,Moderate,44,0.0688,Fatigue crack,Moderate,424846.0,82234.0,0.1936,Sensor alert,0,0,0,0,2,0.3872,15920.5024,0.19356190243052776,2.0,0.1376
FE-00861,2015,Building,Steel (A514 HY),Coastal California,Moderate,36,0.1043,Overload,Moderate,2084546.0,621957.0,0.2984,Sensor alert,1,6,1,0,2,0.5968,185591.9688,0.298365687300736,0.2857142857142857,0.2086
FE-00862,2008,Bridge,Prestressed Concrete,Desert Southwest,Mild,19,0.0111,Fatigue crack,Major,237860.0,134023.0,0.5635,Routine inspection,0,0,1,1,3,1.6905000000000001,75521.9605,0.5634532918523502,3.0,0.0333
FE-00863,2010,Bridge,Steel (A588 Weathering),Coastal Carolina,Severe,51,0.0503,Fatigue crack,Major,113578.0,71608.0,0.6305,Sensor alert,0,0,1,0,3,1.8914999999999997,45148.844,0.6304742115550547,3.0,0.15089999999999998
FE-00864,2007,Power Plant,Prestressed Concrete,Rural South,Mild,45,0.0201,Corrosion,Major,2636809.0,1857837.0,0.7046,Emergency,1,10,1,0,3,2.1138,1309031.9502,0.7045777680522176,0.2727272727272727,0.0603
FE-00865,2009,Building,Prestressed Concrete,Urban Midwest,Moderate,56,0.0455,Settlement,Moderate,1088177.0,234759.0,0.2157,Public report,0,0,1,0,2,0.4314,50637.5163,0.21573604294154353,2.0,0.091
FE-00866,2013,Pipeline,Steel (A36),Industrial Michigan,Moderate,57,0.05,Fatigue crack,Moderate,842089.0,191423.0,0.2273,Public report,0,0,1,0,2,0.4546,43510.4479,0.22731920260210026,2.0,0.1
FE-00867,2012,Bridge,Prestressed Concrete,Rural Mountain,Mild,44,0.0147,Corrosion,Major,151236.0,96238.0,0.6363,Sensor alert,0,0,1,1,3,1.9089,61236.2394,0.636343198709302,3.0,0.0441
FE-00868,2015,Bridge,Steel (A36),Rural Midwest,Mild,38,0.0405,Fatigue crack,Moderate,2509399.0,647965.0,0.2582,Sensor alert,1,25,1,0,2,0.5164,167304.563,0.25821521408114056,0.07692307692307693,0.081
FE-00869,2005,Pipeline,Steel (A36),Rural Midwest,Mild,28,0.0366,Fatigue crack,Minor,1364439.0,99058.0,0.0726,Routine inspection,0,0,1,0,1,0.0726,7191.6107999999995,0.07259980109041152,1.0,0.0366
FE-00870,2010,Power Plant,Stainless Steel 316L,Desert Southwest,Mild,31,0.0016,Creep,Catastrophic,2117573.0,1668137.0,0.7878,Emergency,0,0,1,0,4,3.1512,1314158.3286,0.7877589107907969,4.0,0.0064
FE-00871,2006,Power Plant,FRP Composite,Urban West,Mild,45,0.0219,Creep,Moderate,866982.0,116780.0,0.1347,Public report,0,0,1,0,2,0.2694,15730.265999999998,0.13469714480808137,2.0,0.0438
FE-00872,2013,Power Plant,Reinforced Concrete,Rural South,Mild,33,0.0211,Brittle fracture,Minor,1207899.0,76086.0,0.063,Sensor alert,1,15,1,0,1,0.063,4793.418,0.0629903659163556,0.0625,0.0211
FE-00873,2009,Bridge,Steel (A36),Rural Midwest,Mild,41,0.039,Brittle fracture,Moderate,922541.0,181379.0,0.1966,Emergency,1,1,1,0,2,0.3932,35659.1114,0.1966080640318425,1.0,0.078
FE-00874,2005,Pipeline,Reinforced Concrete,Desert Southwest,Mild,58,0.0187,Fatigue crack,Moderate,1131494.0,233347.0,0.2062,Load test,1,10,1,0,2,0.4124,48116.151399999995,0.20622910947826503,0.18181818181818182,0.0374
FE-00875,2009,Bridge,Steel (A514 HY),Urban Northeast,Moderate,20,0.0328,Corrosion,Moderate,1140398.0,160027.0,0.1403,Load test,0,0,0,0,2,0.2806,22451.7881,0.14032557054642328,2.0,0.0656
FE-00876,2022,Bridge,Composite Steel-Concrete,Coastal Carolina,Severe,48,0.063,Overload,Moderate,3167075.0,434320.0,0.1371,Sensor alert,0,0,1,0,2,0.2742,59545.272,0.13713600088409653,2.0,0.126
FE-00877,2006,Pipeline,Reinforced Concrete,Urban Northeast,Moderate,38,0.0543,Corrosion,Major,385809.0,140079.0,0.3631,Sensor alert,1,9,1,1,3,1.0893,50862.6849,0.3630786218050901,0.3,0.1629
FE-00878,2012,Bridge,Steel (A36),Coastal California,Moderate,65,0.0504,Buckling,Major,239975.0,177509.0,0.7397,Load test,0,0,1,0,3,2.2191,131303.4073,0.7396978851963746,3.0,0.1512
FE-00879,2006,Building,Prestressed Concrete,Industrial Ohio,Moderate,20,0.0591,Erosion,Minor,2262044.0,166746.0,0.0737,Emergency,1,3,1,0,1,0.0737,12289.1802,0.07371474648592158,0.25,0.0591
FE-00880,2009,Building,Stainless Steel 316L,Industrial Ohio,Moderate,38,0.0109,Fatigue crack,Catastrophic,849466.0,830686.0,0.9779,Public report,1,3,0,0,4,3.9116,812327.8393999999,0.977891993322864,1.0,0.0436
FE-00881,2020,Bridge,Composite Steel-Concrete,Coastal Florida,Severe,29,0.0953,Buckling,Major,415779.0,127004.0,0.3055,Routine inspection,0,0,1,1,3,0.9165,38799.722,0.3054603527354676,3.0,0.2859
FE-00882,2014,Bridge,Prestressed Concrete,Rural Midwest,Mild,44,0.0372,Corrosion,Moderate,689552.0,202165.0,0.2932,Routine inspection,1,3,1,0,2,0.5864,59274.778000000006,0.2931831101932849,0.5,0.0744
FE-00883,2020,Bridge,Steel (A36),Industrial Ohio,Moderate,57,0.0667,Creep,Major,1584535.0,843850.0,0.5326,Load test,0,0,1,1,3,1.5977999999999999,449434.50999999995,0.532553714496682,3.0,0.2001
FE-00884,2009,Bridge,Prestressed Concrete,Pacific Northwest,Mild,55,0.0305,Fatigue crack,Moderate,6220124.0,1174392.0,0.1888,Load test,0,0,1,0,2,0.3776,221725.2096,0.18880523925246506,2.0,0.061
FE-00885,2023,Building,Timber,Industrial Ohio,Moderate,82,0.0813,Brittle fracture,Moderate,2094336.0,612394.0,0.2924,Routine inspection,1,12,0,0,2,0.5848,179064.0056,0.29240484812370127,0.15384615384615385,0.1626
FE-00886,2014,Pipeline,Steel (A588 Weathering),Industrial Ohio,Moderate,31,0.0392,Brittle fracture,Minor,3045605.0,208503.0,0.0685,Routine inspection,1,6,1,0,1,0.0685,14282.455500000002,0.06846028949913072,0.14285714285714285,0.0392
FE-00887,2011,Power Plant,Steel (A36),Urban Midwest,Moderate,31,0.0428,Corrosion,Major,1006436.0,592482.0,0.5887,Routine inspection,0,0,0,0,3,1.7661,348794.1534,0.5886931707530335,3.0,0.1284
FE-00888,2013,Pipeline,Steel (A588 Weathering),Desert Southwest,Mild,78,0.0065,Creep,Minor,2160306.0,80663.0,0.0373,Routine inspection,0,0,1,0,1,0.0373,3008.7299,0.037338691833471736,1.0,0.0065
FE-00889,2006,Pipeline,Reinforced Concrete,Rural Mountain,Mild,62,0.029,Settlement,Minor,453464.0,14089.0,0.0311,Public report,0,0,1,0,1,0.0311,438.1679,0.031069721080394474,1.0,0.029
FE-00890,2005,Bridge,Prestressed Concrete,Industrial Michigan,Moderate,85,0.0513,Corrosion,Major,5893779.0,1916848.0,0.3252,Public report,0,0,0,0,3,0.9756,623358.9696,0.3252324187927644,3.0,0.15389999999999998
FE-00891,2022,Bridge,Steel (A36),Urban West,Mild,61,0.058,Creep,Moderate,978837.0,276428.0,0.2824,Load test,1,18,0,0,2,0.5648,78063.2672,0.28240452700500696,0.10526315789473684,0.116
FE-00892,2012,Pipeline,Prestressed Concrete,Urban West,Mild,67,0.0516,Fatigue crack,Minor,1963434.0,85320.0,0.0435,Public report,0,0,0,0,1,0.0435,3711.4199999999996,0.043454478225394895,1.0,0.0516
FE-00893,2013,Bridge,Cast Iron,Coastal Texas,Severe,44,0.083,Corrosion,Major,1679856.0,582015.0,0.3465,Sensor alert,0,0,0,1,3,1.0394999999999999,201668.19749999998,0.3464671971883304,3.0,0.249
FE-00894,2020,Pipeline,Steel (A36),Rural South,Mild,41,0.0215,Overload,Moderate,621847.0,94087.0,0.1513,Emergency,0,0,1,0,2,0.3026,14235.363099999999,0.15130249080561617,2.0,0.043
FE-00895,2006,Pipeline,Reinforced Concrete,Industrial Michigan,Moderate,23,0.078,Fatigue crack,Major,2241539.0,1474193.0,0.6577,Routine inspection,0,0,1,1,3,1.9730999999999999,969576.7361,0.657670020463619,3.0,0.23399999999999999
FE-00896,2010,Bridge,Prestressed Concrete,Urban Midwest,Moderate,46,0.0264,Fatigue crack,Minor,3864562.0,187489.0,0.0485,Sensor alert,0,0,1,0,1,0.0485,9093.2165,0.04851494166738689,1.0,0.0264
FE-00897,2011,Pipeline,Steel (A514 HY),Urban West,Mild,36,0.0588,Overload,Minor,412222.0,17772.0,0.0431,Sensor alert,0,0,1,0,1,0.0431,765.9732,0.043112691704955096,1.0,0.0588
FE-00898,2006,Bridge,Reinforced Concrete,Desert Southwest,Mild,48,0.0233,Overload,Moderate,1389021.0,157675.0,0.1135,Public report,1,16,1,0,2,0.227,17896.1125,0.11351520243394449,0.11764705882352941,0.0466
FE-00899,2011,Building,Prestressed Concrete,Coastal Texas,Severe,73,0.0746,Corrosion,Minor,834972.0,34381.0,0.0412,Routine inspection,0,0,1,0,1,0.0412,1416.4972,0.0411762310592451,1.0,0.0746
FE-00900,2014,Pipeline,Prestressed Concrete,Urban Midwest,Moderate,40,0.0438,Corrosion,Catastrophic,3206339.0,3171252.0,0.9891,Emergency,0,0,1,0,4,3.9564,3136685.3532,0.9890569899190322,4.0,0.1752
FE-00901,2017,Building,Prestressed Concrete,Coastal California,Moderate,51,0.0537,Creep,Moderate,259980.0,49679.0,0.1911,Routine inspection,0,0,1,0,2,0.3822,9493.6569,0.1910877759827679,2.0,0.1074
FE-00902,2005,Building,Reinforced Concrete,Industrial New Jersey,Moderate,56,0.0866,Creep,Minor,6784459.0,312371.0,0.046,Routine inspection,0,0,1,0,1,0.046,14369.065999999999,0.04604213836357475,1.0,0.0866
FE-00903,2023,Bridge,Reinforced Concrete,Coastal Florida,Severe,32,0.1478,Creep,Moderate,654689.0,89025.0,0.136,Routine inspection,0,0,0,0,2,0.272,12107.400000000001,0.135980595366655,2.0,0.2956
FE-00904,2006,Building,Prestressed Concrete,Urban West,Mild,64,0.0231,Corrosion,Major,235209.0,110582.0,0.4701,Load test,0,0,1,1,3,1.4103,51984.5982,0.470143574438053,3.0,0.0693
FE-00905,2011,Pipeline,Steel (A514 HY),Rural South,Mild,64,0.0243,Corrosion,Major,1116811.0,760659.0,0.6811,Routine inspection,0,0,1,1,3,2.0433000000000003,518084.8449,0.6810991295751923,3.0,0.07289999999999999
FE-00906,2009,Pipeline,Stainless Steel 316L,Urban Midwest,Moderate,32,0.004,Brittle fracture,Moderate,261379.0,38506.0,0.1473,Routine inspection,0,0,0,0,2,0.2946,5671.9338,0.14731864457358854,2.0,0.008
FE-00907,2022,Building,Reinforced Concrete,Industrial New Jersey,Moderate,60,0.0413,Brittle fracture,Moderate,4976798.0,725165.0,0.1457,Routine inspection,0,0,1,0,2,0.2914,105656.5405,0.14570914873378427,2.0,0.0826
FE-00908,2020,Bridge,Steel (A588 Weathering),Desert Southwest,Mild,32,0.0111,Creep,Minor,3311398.0,95940.0,0.029,Routine inspection,0,0,1,0,1,0.029,2782.26,0.028972657469745408,1.0,0.0111
FE-00909,2021,Pipeline,Steel (A588 Weathering),Industrial Ohio,Moderate,45,0.0183,Corrosion,Moderate,5768266.0,1077641.0,0.1868,Routine inspection,1,6,1,0,2,0.3736,201303.3388,0.18682234834523928,0.2857142857142857,0.0366
FE-00910,2011,Building,Steel (A36),Coastal California,Moderate,51,0.042,Erosion,Moderate,762787.0,84498.0,0.1108,Emergency,0,0,1,0,2,0.2216,9362.3784,0.11077535406345415,2.0,0.084
FE-00911,2014,Bridge,Steel (A588 Weathering),Coastal Carolina,Severe,62,0.0597,Settlement,Moderate,782374.0,186166.0,0.238,Emergency,0,0,1,0,2,0.476,44307.508,0.23795013637978768,2.0,0.1194
FE-00912,2018,Building,Cast Iron,Coastal California,Moderate,33,0.0444,Buckling,Major,1384357.0,423619.0,0.306,Routine inspection,1,6,1,0,3,0.9179999999999999,129627.414,0.3060041593317331,0.42857142857142855,0.1332
FE-00913,2022,Bridge,Steel (A588 Weathering),Urban West,Mild,46,0.0278,Creep,Major,1821097.0,1354634.0,0.7439,Sensor alert,0,0,0,0,3,2.2317,1007712.2326,0.7438560384207981,3.0,0.0834
FE-00914,2020,Building,Steel (A588 Weathering),Industrial Ohio,Moderate,40,0.0325,Fatigue crack,Moderate,1576878.0,344771.0,0.2186,Routine inspection,1,10,0,0,2,0.4372,75366.9406,0.21864151824047262,0.18181818181818182,0.065
FE-00915,2013,Bridge,Steel (A588 Weathering),Urban Northeast,Moderate,22,0.0303,Corrosion,Major,258825.0,163626.0,0.6322,Emergency,0,0,1,0,3,1.8965999999999998,103444.3572,0.6321877716603883,3.0,0.09090000000000001
FE-00916,2007,Bridge,Reinforced Concrete,Coastal California,Moderate,49,0.0754,Erosion,Moderate,1395717.0,178167.0,0.1277,Routine inspection,0,0,0,0,2,0.2554,22751.925900000002,0.12765266884332568,2.0,0.1508
FE-00917,2008,Bridge,Steel (A36),Rural Midwest,Mild,32,0.019,Corrosion,Minor,589983.0,17579.0,0.0298,Routine inspection,0,0,0,0,1,0.0298,523.8542,0.029795773776532544,1.0,0.019
FE-00918,2012,Pipeline,Composite Steel-Concrete,Industrial New Jersey,Moderate,39,0.0919,Fatigue crack,Minor,1374635.0,89467.0,0.0651,Routine inspection,1,4,0,0,1,0.0651,5824.301700000001,0.06508418598391573,0.2,0.0919
FE-00919,2021,Bridge,Steel (A36),Coastal California,Moderate,71,0.0515,Creep,Moderate,296113.0,50970.0,0.1721,Emergency,0,0,1,0,2,0.3442,8771.937,0.1721302340660491,2.0,0.103
FE-00920,2013,Bridge,Composite Steel-Concrete,Industrial Michigan,Moderate,32,0.088,Brittle fracture,Moderate,774807.0,185805.0,0.2398,Public report,0,0,1,0,2,0.4796,44556.039000000004,0.23980810705117533,2.0,0.176
FE-00921,2022,Building,Steel (A36),Desert Southwest,Mild,76,0.0277,Fatigue crack,Major,2574603.0,685423.0,0.2662,Sensor alert,0,0,1,0,3,0.7986,182459.60259999998,0.2662247344542052,3.0,0.0831
FE-00922,2008,Building,Composite Steel-Concrete,Coastal California,Moderate,45,0.0414,Brittle fracture,Minor,273337.0,8687.0,0.0318,Sensor alert,0,0,0,0,1,0.0318,276.2466,0.03178128098281609,1.0,0.0414
FE-00923,2006,Bridge,Steel (A36),Industrial Ohio,Moderate,65,0.0828,Brittle fracture,Minor,543611.0,28537.0,0.0525,Routine inspection,0,0,1,0,1,0.0525,1498.1924999999999,0.05249525855804978,1.0,0.0828
FE-00924,2016,Bridge,Steel (A36),Industrial Ohio,Moderate,36,0.056,Overload,Minor,3352565.0,128158.0,0.0382,Routine inspection,0,0,0,0,1,0.0382,4895.6356,0.03822685018784125,1.0,0.056
FE-00925,2014,Building,Steel (A514 HY),Rural South,Mild,44,0.0375,Fatigue crack,Major,2098424.0,1151291.0,0.5486,Sensor alert,1,26,1,1,3,1.6458,631598.2426,0.5486455549498099,0.1111111111111111,0.11249999999999999
FE-00926,2023,Pipeline,Steel (A36),Coastal Texas,Severe,48,0.0453,Overload,Major,725454.0,358840.0,0.4946,Sensor alert,0,0,1,1,3,1.4838,177482.264,0.49464197592128517,3.0,0.1359
FE-00927,2023,Bridge,Prestressed Concrete,Industrial Michigan,Moderate,32,0.044,Fatigue crack,Minor,4865018.0,290248.0,0.0597,Routine inspection,0,0,1,0,1,0.0597,17327.8056,0.05966021091802744,1.0,0.044
FE-00928,2017,Pipeline,Steel (A514 HY),Pacific Northwest,Mild,48,0.047,Overload,Moderate,1007655.0,270954.0,0.2689,Routine inspection,0,0,1,0,2,0.5378,72859.5306,0.26889560415023,2.0,0.094
FE-00929,2019,Building,Cast Iron,Coastal Florida,Severe,43,0.0531,Brittle fracture,Major,1494917.0,763330.0,0.5106,Emergency,1,24,0,0,3,1.5318,389756.29800000007,0.5106169773974073,0.12,0.1593
FE-00930,2017,Power Plant,Steel (A36),Pacific Northwest,Mild,45,0.0433,Erosion,Major,181773.0,83493.0,0.4593,Emergency,0,0,1,1,3,1.3779,38348.3349,0.4593256424221419,3.0,0.1299
FE-00931,2022,Bridge,Aluminium Alloy,Industrial Ohio,Moderate,57,0.0351,Fatigue crack,Minor,8411884.0,466440.0,0.0555,Sensor alert,0,0,1,0,1,0.0555,25887.420000000002,0.055450122707350696,1.0,0.0351
FE-00932,2018,Pipeline,Steel (A514 HY),Industrial Ohio,Moderate,50,0.0624,Settlement,Moderate,2380935.0,409750.0,0.1721,Public report,0,0,1,0,2,0.3442,70517.975,0.172096256302671,2.0,0.1248
FE-00933,2013,Bridge,Steel (A36),Rural Mountain,Mild,30,0.0195,Buckling,Catastrophic,685262.0,567070.0,0.8275,Load test,1,16,0,0,4,3.31,469250.425,0.8275229036485315,0.23529411764705882,0.078
FE-00934,2015,Pipeline,Composite Steel-Concrete,Rural Mountain,Mild,24,0.0238,Fatigue crack,Minor,9523786.0,294819.0,0.031,Routine inspection,0,0,1,0,1,0.031,9139.389,0.03095607146149651,1.0,0.0238
FE-00935,2007,Building,Steel (A36),Coastal Florida,Severe,59,0.1225,Fatigue crack,Moderate,2396299.0,464743.0,0.1939,Sensor alert,1,55,1,0,2,0.3878,90113.66769999999,0.193941991379206,0.03571428571428571,0.245
FE-00936,2010,Building,Timber,Industrial New Jersey,Moderate,40,0.0873,Brittle fracture,Moderate,951497.0,266053.0,0.2796,Routine inspection,0,0,1,0,2,0.5592,74388.4188,0.27961517482451337,2.0,0.1746
FE-00937,2022,Bridge,Prestressed Concrete,Coastal Florida,Severe,40,0.0907,Erosion,Moderate,6487922.0,821141.0,0.1266,Routine inspection,0,0,1,0,2,0.2532,103956.4506,0.12656456104127023,2.0,0.1814
FE-00938,2008,Building,Steel (A514 HY),Urban Northeast,Moderate,32,0.0773,Brittle fracture,Minor,487821.0,24277.0,0.0498,Routine inspection,0,0,0,0,1,0.0498,1208.9946,0.04976620522691725,1.0,0.0773
FE-00939,2021,Bridge,Steel (A36),Rural Midwest,Mild,79,0.043,Creep,Catastrophic,1438552.0,1501654.0,1.0439,Emergency,0,0,1,0,4,4.1756,1567576.6106,1.0438649419694248,4.0,0.172
FE-00940,2014,Building,Steel (A514 HY),Rural Mountain,Mild,35,0.0114,Corrosion,Minor,16536530.0,989827.0,0.0599,Routine inspection,0,0,1,0,1,0.0599,59290.6373,0.05985699539141525,1.0,0.0114
FE-00941,2006,Power Plant,Reinforced Concrete,Urban Northeast,Moderate,56,0.0402,Overload,Major,2994067.0,1663087.0,0.5555,Routine inspection,1,7,0,1,3,1.6665,923844.8285,0.5554608497405035,0.375,0.1206
FE-00942,2016,Pipeline,Reinforced Concrete,Industrial New Jersey,Moderate,62,0.1012,Overload,Minor,5175536.0,290185.0,0.0561,Sensor alert,1,33,1,0,1,0.0561,16279.378499999999,0.05606858883794838,0.029411764705882353,0.1012
FE-00943,2022,Bridge,Reinforced Concrete,Coastal Florida,Severe,48,0.076,Overload,Moderate,685610.0,104795.0,0.1529,Public report,0,0,0,0,2,0.3058,16023.1555,0.15284928749580665,2.0,0.152
FE-00944,2009,Bridge,Prestressed Concrete,Industrial Michigan,Moderate,56,0.0392,Settlement,Major,939499.0,430217.0,0.4579,Routine inspection,0,0,0,1,3,1.3737,196996.3643,0.457921722109337,3.0,0.1176
FE-00945,2006,Bridge,Stainless Steel 316L,Rural Mountain,Mild,43,0.0039,Corrosion,Moderate,966483.0,163550.0,0.1692,Routine inspection,1,18,1,0,2,0.3384,27672.66,0.1692218073158038,0.10526315789473684,0.0078
FE-00946,2019,Bridge,Reinforced Concrete,Desert Southwest,Mild,42,0.0251,Overload,Major,441448.0,330874.0,0.7495,Routine inspection,1,12,0,1,3,2.2485,247990.06300000002,0.7495197622370019,0.23076923076923078,0.0753
FE-00947,2020,Pipeline,Steel (A36),Coastal California,Moderate,41,0.0429,Fatigue crack,Moderate,2499656.0,714883.0,0.286,Emergency,1,2,0,0,2,0.572,204456.53799999997,0.28599255257523437,0.6666666666666666,0.0858
FE-00948,2011,Bridge,Steel (A588 Weathering),Desert Southwest,Mild,64,0.0088,Corrosion,Minor,1617215.0,42165.0,0.0261,Public report,0,0,1,0,1,0.0261,1100.5065,0.02607260011810427,1.0,0.0088
FE-00949,2007,Bridge,Prestressed Concrete,Urban West,Mild,25,0.0425,Brittle fracture,Major,362389.0,149948.0,0.4138,Public report,1,6,0,0,3,1.2414,62048.4824,0.41377635634635707,0.42857142857142855,0.1275
FE-00950,2010,Bridge,Reinforced Concrete,Coastal California,Moderate,41,0.0388,Brittle fracture,Major,404116.0,117710.0,0.2913,Routine inspection,0,0,0,1,3,0.8739,34288.923,0.2912777519326134,3.0,0.1164
FE-00951,2007,Power Plant,Reinforced Concrete,Coastal Texas,Severe,57,0.0484,Buckling,Moderate,1714262.0,388441.0,0.2266,Sensor alert,1,5,1,0,2,0.4532,88020.7306,0.226593717879764,0.3333333333333333,0.0968
FE-00952,2014,Pipeline,Prestressed Concrete,Pacific Northwest,Mild,15,0.0322,Fatigue crack,Major,1450578.0,667866.0,0.4604,Routine inspection,0,0,0,0,3,1.3812,307485.5064,0.46041371094832545,3.0,0.09659999999999999
FE-00953,2018,Building,Steel (A36),Rural Midwest,Mild,50,0.0165,Fatigue crack,Major,8748572.0,3980306.0,0.455,Routine inspection,0,0,1,0,3,1.365,1811039.23,0.4549663647964491,3.0,0.0495
FE-00954,2013,Building,Prestressed Concrete,Rural Midwest,Mild,52,0.018,Fatigue crack,Moderate,3849718.0,872384.0,0.2266,Routine inspection,0,0,1,0,2,0.4532,197682.2144,0.22660984518866056,2.0,0.036
FE-00955,2005,Bridge,Steel (A36),Rural Mountain,Mild,71,0.0166,Fatigue crack,Major,678421.0,406802.0,0.5996,Routine inspection,0,0,0,0,3,1.7988,243918.4792,0.5996306128495433,3.0,0.0498
FE-00956,2005,Bridge,Cast Iron,Coastal California,Moderate,63,0.0898,Corrosion,Minor,5448416.0,240886.0,0.0442,Routine inspection,1,8,1,0,1,0.0442,10647.1612,0.04421211596177678,0.1111111111111111,0.0898
FE-00957,2019,Building,Steel (A514 HY),Coastal Florida,Severe,62,0.0723,Corrosion,Moderate,3786915.0,548330.0,0.1448,Sensor alert,0,0,1,0,2,0.2896,79398.18400000001,0.1447959618845419,2.0,0.1446
FE-00958,2019,Power Plant,Composite Steel-Concrete,Industrial Ohio,Moderate,54,0.0354,Corrosion,Moderate,3750438.0,874604.0,0.2332,Public report,0,0,0,0,2,0.4664,203957.65279999998,0.23320049551545713,2.0,0.0708
FE-00959,2016,Building,Prestressed Concrete,Rural Midwest,Mild,40,0.036,Buckling,Major,2152624.0,735875.0,0.3419,Routine inspection,0,0,0,0,3,1.0257,251595.66249999998,0.34185022558514633,3.0,0.10799999999999998
FE-00960,2018,Bridge,Reinforced Concrete,Coastal Carolina,Severe,35,0.0703,Corrosion,Minor,1550423.0,112393.0,0.0725,Sensor alert,1,2,1,0,1,0.0725,8148.492499999999,0.07249182964906996,0.3333333333333333,0.0703
FE-00961,2017,Bridge,Prestressed Concrete,Desert Southwest,Mild,62,0.0228,Overload,Moderate,2506853.0,607288.0,0.2423,Public report,1,15,1,0,2,0.4846,147145.8824,0.2422511411718198,0.125,0.0456
FE-00962,2010,Building,Timber,Industrial New Jersey,Moderate,25,0.0506,Buckling,Major,1029023.0,621183.0,0.6037,Public report,1,12,0,0,3,1.8111000000000002,375008.17710000003,0.6036628918887138,0.23076923076923078,0.1518
FE-00963,2015,Bridge,Steel (A36),Coastal California,Moderate,62,0.1047,Overload,Major,4450372.0,1855947.0,0.417,Sensor alert,0,0,0,1,3,1.251,773929.899,0.4170318795822012,3.0,0.3141
FE-00964,2018,Bridge,Steel (A588 Weathering),Rural South,Mild,51,0.0127,Corrosion,Major,172286.0,59051.0,0.3427,Load test,0,0,1,1,3,1.0281,20236.7777,0.3427498461859931,3.0,0.038099999999999995
FE-00965,2006,Pipeline,Steel (A36),Coastal California,Moderate,39,0.0863,Overload,Moderate,1760808.0,357806.0,0.2032,Public report,1,67,1,0,2,0.4064,72706.1792,0.20320557380475326,0.029411764705882353,0.1726
FE-00966,2010,Pipeline,Steel (A588 Weathering),Coastal Carolina,Severe,74,0.0297,Creep,Moderate,1746569.0,357749.0,0.2048,Emergency,0,0,1,0,2,0.4096,73266.9952,0.2048295830282113,2.0,0.0594
FE-00967,2020,Building,Steel (A588 Weathering),Pacific Northwest,Mild,62,0.0116,Brittle fracture,Major,2943897.0,1154372.0,0.3921,Public report,0,0,1,0,3,1.1763,452629.2612,0.3921237733521247,3.0,0.0348
FE-00968,2022,Power Plant,Composite Steel-Concrete,Desert Southwest,Mild,46,0.0231,Erosion,Moderate,1045430.0,262546.0,0.2511,Routine inspection,1,5,1,0,2,0.5022,65925.3006,0.2511368527782826,0.3333333333333333,0.0462
FE-00969,2017,Pipeline,Steel (A36),Urban Northeast,Moderate,27,0.0556,Creep,Major,875169.0,355668.0,0.4064,Sensor alert,0,0,1,0,3,1.2191999999999998,144543.4752,0.40639922117899513,3.0,0.1668
FE-00970,2022,Bridge,Reinforced Concrete,Urban Northeast,Moderate,62,0.0692,Overload,Catastrophic,1600816.0,2015344.0,1.2589,Sensor alert,0,0,0,0,4,5.0356,2537116.5615999997,1.2589479365523584,4.0,0.2768
FE-00971,2013,Bridge,Steel (A36),Industrial Michigan,Moderate,74,0.0477,Corrosion,Major,2784030.0,788380.0,0.2832,Public report,1,9,1,1,3,0.8496,223269.21600000001,0.2831794197619997,0.3,0.1431
FE-00972,2016,Building,Reinforced Concrete,Coastal California,Moderate,40,0.063,Corrosion,Minor,451789.0,25029.0,0.0554,Emergency,1,12,1,0,1,0.0554,1386.6065999999998,0.055399755195456285,0.07692307692307693,0.063
FE-00973,2018,Pipeline,FRP Composite,Coastal Carolina,Severe,42,0.0962,Brittle fracture,Minor,1752904.0,46029.0,0.0263,Emergency,0,0,0,0,1,0.0263,1210.5627,0.026258711258574343,1.0,0.0962
FE-00974,2021,Building,Prestressed Concrete,Desert Southwest,Mild,43,0.0121,Fatigue crack,Major,6439677.0,2388675.0,0.3709,Emergency,1,8,1,0,3,1.1127,885959.5575,0.3709308712222678,0.3333333333333333,0.0363
FE-00975,2012,Bridge,Steel (A514 HY),Coastal California,Moderate,45,0.06,Fatigue crack,Moderate,693097.0,113681.0,0.164,Public report,0,0,0,0,2,0.328,18643.684,0.16401888913095858,2.0,0.12
FE-00976,2023,Bridge,Steel (A588 Weathering),Urban West,Mild,42,0.0267,Corrosion,Catastrophic,798035.0,634327.0,0.7949,Routine inspection,1,9,1,0,4,3.1796,504226.5323,0.7948611276447775,0.4,0.1068
FE-00977,2009,Building,Steel (A36),Rural Midwest,Mild,42,0.0162,Erosion,Moderate,4152768.0,755893.0,0.182,Public report,1,0,1,0,2,0.364,137572.52599999998,0.18202148542851418,2.0,0.0324
FE-00978,2019,Power Plant,Steel (A36),Coastal Carolina,Severe,46,0.0907,Fatigue crack,Minor,567377.0,26894.0,0.0474,Load test,1,21,1,0,1,0.0474,1274.7756,0.047400581976357874,0.045454545454545456,0.0907
FE-00979,2020,Bridge,FRP Composite,Rural Mountain,Mild,47,0.0217,Corrosion,Moderate,1083695.0,286365.0,0.2642,Routine inspection,0,0,1,0,2,0.5284,75657.633,0.26424870466321243,2.0,0.0434
FE-00980,2015,Bridge,Composite Steel-Concrete,Coastal Texas,Severe,34,0.1214,Settlement,Major,367049.0,105862.0,0.2884,Routine inspection,1,7,1,1,3,0.8652,30530.6008,0.28841380851058035,0.375,0.36419999999999997
FE-00981,2011,Building,Steel (A36),Rural Mountain,Mild,57,0.0271,Fatigue crack,Minor,3916982.0,189377.0,0.0483,Routine inspection,0,0,1,0,1,0.0483,9146.9091,0.04834768196534985,1.0,0.0271
FE-00982,2013,Pipeline,Reinforced Concrete,Rural Mountain,Mild,22,0.0158,Brittle fracture,Moderate,596456.0,65152.0,0.1092,Emergency,0,0,1,0,2,0.2184,7114.598400000001,0.10923186287001892,2.0,0.0316
FE-00983,2012,Pipeline,Steel (A36),Rural South,Mild,62,0.0522,Corrosion,Moderate,1118292.0,305458.0,0.2731,Sensor alert,0,0,0,0,2,0.5462,83420.5798,0.27314690617477366,2.0,0.1044
FE-00984,2012,Bridge,Cast Iron,Urban West,Mild,55,0.0297,Corrosion,Moderate,1348019.0,393085.0,0.2916,Routine inspection,0,0,1,0,2,0.5832,114623.58600000001,0.29160197296922374,2.0,0.0594
FE-00985,2018,Building,Aluminium Alloy,Pacific Northwest,Mild,48,0.0439,Erosion,Moderate,461081.0,122260.0,0.2652,Routine inspection,0,0,0,0,2,0.5304,32423.352,0.2651594839084673,2.0,0.0878
FE-00986,2014,Pipeline,Steel (A588 Weathering),Coastal Carolina,Severe,49,0.0368,Corrosion,Minor,5370046.0,226276.0,0.0421,Sensor alert,0,0,0,0,1,0.0421,9526.2196,0.042136696780623484,1.0,0.0368
FE-00987,2006,Bridge,Steel (A36),Rural Mountain,Mild,26,0.026,Brittle fracture,Moderate,736039.0,175149.0,0.238,Routine inspection,0,0,1,0,2,0.476,41685.462,0.23796157540565105,2.0,0.052
FE-00988,2016,Bridge,Steel (A588 Weathering),Rural Midwest,Mild,46,0.0164,Brittle fracture,Moderate,1580820.0,294197.0,0.1861,Public report,0,0,1,0,2,0.3722,54750.0617,0.18610404726660848,2.0,0.0328
FE-00989,2022,Power Plant,Steel (A36),Coastal California,Moderate,49,0.0786,Overload,Moderate,870846.0,152732.0,0.1754,Load test,0,0,1,0,2,0.3508,26789.1928,0.17538347767573143,2.0,0.1572
FE-00990,2015,Pipeline,Reinforced Concrete,Rural Midwest,Mild,49,0.0288,Corrosion,Major,798633.0,572967.0,0.7174,Routine inspection,0,0,1,1,3,2.1522,411046.5258,0.7174346664863586,3.0,0.0864
FE-00991,2009,Power Plant,Prestressed Concrete,Industrial New Jersey,Moderate,30,0.0648,Corrosion,Major,2321642.0,990039.0,0.4264,Load test,0,0,1,1,3,1.2792,422152.6296,0.42643913230377467,3.0,0.1944
FE-00992,2011,Pipeline,Prestressed Concrete,Urban Midwest,Moderate,36,0.0276,Brittle fracture,Minor,2063946.0,80168.0,0.0388,Public report,0,0,1,0,1,0.0388,3110.5184,0.03884210148908935,1.0,0.0276
FE-00993,2014,Bridge,Steel (A588 Weathering),Coastal Carolina,Severe,68,0.0312,Corrosion,Minor,2014065.0,96882.0,0.0481,Load test,0,0,1,0,1,0.0481,4660.0242,0.048102717638209294,1.0,0.0312
FE-00994,2012,Bridge,Steel (A36),Desert Southwest,Mild,28,0.0292,Fatigue crack,Major,3816251.0,1717382.0,0.45,Sensor alert,1,10,1,0,3,1.35,772821.9,0.45001809367360796,0.2727272727272727,0.0876
FE-00995,2011,Bridge,Steel (A588 Weathering),Coastal Carolina,Severe,53,0.0263,Erosion,Catastrophic,1826564.0,2563717.0,1.4036,Routine inspection,0,0,0,1,4,5.6144,3598433.1812,1.4035735950122745,4.0,0.1052
FE-00996,2022,Bridge,Steel (A36),Rural Midwest,Mild,77,0.0243,Fatigue crack,Minor,794779.0,23538.0,0.0296,Routine inspection,0,0,0,0,1,0.0296,696.7248000000001,0.029615779984121373,1.0,0.0243
FE-00997,2020,Building,Reinforced Concrete,Industrial Michigan,Moderate,38,0.0575,Brittle fracture,Moderate,1294731.0,162172.0,0.1253,Sensor alert,0,0,1,0,2,0.2506,20320.151599999997,0.12525536192460054,2.0,0.115
FE-00998,2005,Bridge,Composite Steel-Concrete,Coastal Texas,Severe,66,0.073,Fatigue crack,Minor,277188.0,10167.0,0.0367,Routine inspection,0,0,0,0,1,0.0367,373.12890000000004,0.03667907701632105,1.0,0.073
FE-00999,2022,Building,Steel (A36),Urban West,Mild,55,0.0201,Overload,Moderate,1403353.0,201925.0,0.1439,Sensor alert,0,0,1,0,2,0.2878,29057.0075,0.143887532217482,2.0,0.0402
FE-01000,2006,Building,Cast Iron,Pacific Northwest,Mild,48,0.0548,Corrosion,Major,134493.0,51339.0,0.3817,Public report,1,47,1,0,3,1.1451,19596.096299999997,0.38172246882737393,0.0625,0.1644
FE-01001,2023,Power Plant,Steel (A36),Rural Midwest,Mild,48,0.0421,Corrosion,Moderate,2029757.0,594963.0,0.2931,Sensor alert,1,7,0,0,2,0.5862,174383.6553,0.29312030947546924,0.25,0.0842
FE-01002,2021,Bridge,Timber,Industrial Ohio,Moderate,66,0.0793,Settlement,Moderate,1270884.0,255786.0,0.2013,Routine inspection,1,6,1,0,2,0.4026,51489.7218,0.20126620525555441,0.2857142857142857,0.1586
FE-01003,2008,Power Plant,Prestressed Concrete,Rural Mountain,Mild,18,0.0168,Brittle fracture,Minor,4113194.0,133266.0,0.0324,Routine inspection,1,6,1,0,1,0.0324,4317.8184,0.032399638820828774,0.14285714285714285,0.0168
FE-01004,2020,Pipeline,Steel (A36),Urban Midwest,Moderate,55,0.0723,Buckling,Minor,781196.0,22815.0,0.0292,Routine inspection,1,3,0,0,1,0.0292,666.198,0.029205218664714105,0.25,0.0723
FE-01005,2019,Building,Reinforced Concrete,Coastal Florida,Severe,56,0.0892,Settlement,Moderate,963087.0,167603.0,0.174,Sensor alert,0,0,1,0,2,0.348,29162.922,0.17402685323340467,2.0,0.1784
FE-01006,2020,Bridge,Steel (A36),Coastal Carolina,Severe,58,0.0928,Fatigue crack,Minor,3518321.0,189297.0,0.0538,Emergency,1,3,1,0,1,0.0538,10184.1786,0.05380322034288514,0.25,0.0928
FE-01007,2011,Bridge,Reinforced Concrete,Rural Midwest,Mild,33,0.0282,Overload,Moderate,916945.0,234131.0,0.2553,Routine inspection,1,13,1,0,2,0.5106,59773.64430000001,0.25533810642950233,0.14285714285714285,0.0564
FE-01008,2006,Pipeline,Steel (A36),Desert Southwest,Mild,33,0.0183,Overload,Catastrophic,1848864.0,1025025.0,0.5544,Emergency,1,1,1,1,4,2.2176,568273.86,0.5544080040500545,2.0,0.0732
FE-01009,2017,Power Plant,Steel (A36),Coastal Florida,Severe,54,0.1423,Erosion,Minor,455275.0,15450.0,0.0339,Sensor alert,1,6,0,0,1,0.0339,523.755,0.03393553346878261,0.14285714285714285,0.1423
FE-01010,2010,Power Plant,Steel (A514 HY),Coastal Carolina,Severe,27,0.1051,Fatigue crack,Major,1539481.0,1052098.0,0.6834,Sensor alert,0,0,1,0,3,2.0502000000000002,719003.7732,0.6834108378083263,3.0,0.3153
FE-01011,2008,Bridge,Steel (A36),Urban West,Mild,67,0.0522,Fatigue crack,Minor,974020.0,35768.0,0.0367,Routine inspection,0,0,1,0,1,0.0367,1312.6856,0.03672203856183651,1.0,0.0522
FE-01012,2014,Building,Reinforced Concrete,Rural South,Mild,24,0.0516,Creep,Major,429384.0,128252.0,0.2987,Load test,1,1,0,0,3,0.8961000000000001,38308.8724,0.298688353548339,1.5,0.1548
FE-01013,2020,Pipeline,Composite Steel-Concrete,Industrial New Jersey,Moderate,24,0.0945,Buckling,Minor,210210.0,7114.0,0.0338,Sensor alert,0,0,0,0,1,0.0338,240.45319999999998,0.033842348128062416,1.0,0.0945
FE-01014,2021,Bridge,Reinforced Concrete,Pacific Northwest,Mild,58,0.0363,Brittle fracture,Major,4754735.0,3052490.0,0.642,Routine inspection,1,5,1,0,3,1.9260000000000002,1959698.58,0.641989511508002,0.5,0.1089
FE-01015,2022,Building,Timber,Coastal Florida,Severe,76,0.1027,Fatigue crack,Minor,424855.0,10869.0,0.0256,Public report,0,0,1,0,1,0.0256,278.2464,0.02558284591213473,1.0,0.1027
FE-01016,2021,Power Plant,Steel (A36),Urban Northeast,Moderate,66,0.0321,Brittle fracture,Major,1031792.0,512432.0,0.4966,Public report,1,2,1,0,3,1.4898,254473.73119999998,0.4966427341944888,1.0,0.0963
FE-01017,2011,Bridge,Reinforced Concrete,Urban West,Mild,50,0.0283,Corrosion,Moderate,1982139.0,221512.0,0.1118,Routine inspection,1,54,1,0,2,0.2236,24765.0416,0.11175401926908254,0.03636363636363636,0.0566
FE-01018,2023,Building,Prestressed Concrete,Coastal Texas,Severe,51,0.1217,Corrosion,Major,954119.0,710830.0,0.745,Load test,0,0,1,0,3,2.235,529568.35,0.7450118905503401,3.0,0.3651
FE-01019,2020,Bridge,Steel (A588 Weathering),Rural Midwest,Mild,51,0.0147,Brittle fracture,Moderate,1293741.0,318744.0,0.2464,Routine inspection,0,0,1,0,2,0.4928,78538.52160000001,0.24637388781835004,2.0,0.0294
FE-01020,2006,Bridge,Steel (A514 HY),Industrial New Jersey,Moderate,21,0.0352,Fatigue crack,Catastrophic,3573995.0,4790247.0,1.3403,Sensor alert,1,6,1,0,4,5.3612,6420368.0541,1.3403060160968328,0.5714285714285714,0.1408
FE-01021,2016,Bridge,Prestressed Concrete,Coastal California,Moderate,35,0.0399,Erosion,Minor,1416983.0,40431.0,0.0285,Routine inspection,0,0,0,0,1,0.0285,1152.2835,0.02853315812539741,1.0,0.0399
FE-01022,2007,Bridge,Steel (A588 Weathering),Desert Southwest,Mild,38,0.0138,Corrosion,Minor,2952008.0,142312.0,0.0482,Load test,0,0,1,0,1,0.0482,6859.4384,0.0482085414402671,1.0,0.0138
FE-01023,2011,Bridge,Reinforced Concrete,Pacific Northwest,Mild,50,0.0546,Settlement,Major,2492470.0,1774041.0,0.7118,Sensor alert,0,0,0,0,3,2.1353999999999997,1262762.3838,0.7117602217880256,3.0,0.1638
FE-01024,2006,Power Plant,Steel (A588 Weathering),Urban West,Mild,37,0.0292,Buckling,Moderate,948486.0,212444.0,0.224,Routine inspection,0,0,1,0,2,0.448,47587.456,0.2239822200854836,2.0,0.0584
FE-01025,2020,Pipeline,Steel (A36),Industrial New Jersey,Moderate,39,0.1021,Buckling,Minor,4828650.0,153461.0,0.0318,Routine inspection,0,0,0,0,1,0.0318,4880.0598,0.031781346753233304,1.0,0.1021
FE-01026,2010,Building,Composite Steel-Concrete,Coastal Texas,Severe,72,0.0736,Fatigue crack,Moderate,274312.0,69134.0,0.252,Routine inspection,0,0,0,0,2,0.504,17421.768,0.25202688908979554,2.0,0.1472
FE-01027,2019,Bridge,Timber,Coastal Carolina,Severe,40,0.0533,Corrosion,Minor,438026.0,11099.0,0.0253,Public report,0,0,0,0,1,0.0253,280.80469999999997,0.02533867852593225,1.0,0.0533
FE-01028,2016,Pipeline,Reinforced Concrete,Urban West,Mild,40,0.0293,Overload,Moderate,973042.0,204638.0,0.2103,Routine inspection,1,6,0,0,2,0.4206,43035.371399999996,0.21030746874235645,0.2857142857142857,0.0586
FE-01029,2011,Power Plant,Steel (A36),Industrial Michigan,Moderate,36,0.0384,Fatigue crack,Catastrophic,243321.0,306751.0,1.2607,Routine inspection,0,0,0,0,4,5.0428,386720.98569999996,1.260684445649985,4.0,0.1536
FE-01030,2009,Pipeline,Reinforced Concrete,Urban Midwest,Moderate,69,0.0398,Fatigue crack,Major,375478.0,160017.0,0.4262,Emergency,1,2,1,1,3,1.2786,68199.2454,0.4261687768657551,1.0,0.1194
FE-01031,2012,Building,Steel (A36),Pacific Northwest,Mild,37,0.0543,Creep,Catastrophic,322684.0,177462.0,0.55,Emergency,0,0,1,1,4,2.2,97604.1,0.5499559940994905,4.0,0.2172
FE-01032,2014,Bridge,Steel (A36),Rural Midwest,Mild,53,0.0361,Creep,Moderate,740522.0,210525.0,0.2843,Public report,1,20,1,0,2,0.5686,59852.2575,0.28429270163479275,0.09523809523809523,0.0722
FE-01033,2005,Bridge,Prestressed Concrete,Coastal California,Moderate,56,0.1022,Fatigue crack,Catastrophic,845269.0,1161113.0,1.3737,Sensor alert,0,0,1,1,4,5.4948,1595020.9281,1.3736609292426434,4.0,0.4088
FE-01034,2006,Bridge,Steel (A36),Coastal Carolina,Severe,50,0.1158,Fatigue crack,Moderate,310586.0,75427.0,0.2429,Routine inspection,0,0,1,0,2,0.4858,18321.2183,0.24285383114499687,2.0,0.2316
FE-01035,2010,Bridge,Steel (A36),Industrial Michigan,Moderate,28,0.0664,Settlement,Minor,707760.0,19468.0,0.0275,Sensor alert,0,0,1,0,1,0.0275,535.37,0.027506499378320334,1.0,0.0664
FE-01036,2011,Bridge,Steel (A36),Coastal Florida,Severe,70,0.072,Fatigue crack,Catastrophic,2880192.0,2483859.0,0.8624,Emergency,0,0,0,1,4,3.4496,2142080.0016,0.8623935487634158,4.0,0.288
FE-01037,2022,Pipeline,Prestressed Concrete,Coastal Florida,Severe,67,0.0814,Fatigue crack,Moderate,1021010.0,175076.0,0.1715,Sensor alert,0,0,1,0,2,0.343,30025.534000000003,0.17147334502110656,2.0,0.1628
FE-01038,2020,Building,Prestressed Concrete,Pacific Northwest,Mild,57,0.0241,Fatigue crack,Moderate,963607.0,218363.0,0.2266,Routine inspection,0,0,1,0,2,0.4532,49481.0558,0.22661001839961728,2.0,0.0482
FE-01039,2023,Bridge,Steel (A514 HY),Coastal California,Moderate,32,0.0701,Overload,Minor,3330718.0,182897.0,0.0549,Emergency,0,0,1,0,1,0.0549,10041.0453,0.05491218409964458,1.0,0.0701
FE-01040,2020,Bridge,Steel (A36),Industrial Michigan,Moderate,31,0.0621,Fatigue crack,Minor,1792033.0,68101.0,0.038,Public report,0,0,0,0,1,0.038,2587.8379999999997,0.0380020903632913,1.0,0.0621
FE-01041,2015,Bridge,Steel (A514 HY),Urban Northeast,Moderate,38,0.0698,Fatigue crack,Minor,3080215.0,226693.0,0.0736,Public report,0,0,1,0,1,0.0736,16684.6048,0.07359648595958398,1.0,0.0698
FE-01042,2016,Bridge,Steel (A36),Urban Northeast,Moderate,51,0.0501,Overload,Catastrophic,382470.0,198532.0,0.5191,Routine inspection,1,1,1,1,4,2.0764,103057.9612,0.5190786205454022,2.0,0.2004
FE-01043,2010,Building,Prestressed Concrete,Rural South,Mild,51,0.0271,Corrosion,Major,1205953.0,868843.0,0.7205,Routine inspection,0,0,0,1,3,2.1615,626001.3815,0.7204617427047323,3.0,0.0813
FE-01044,2023,Bridge,Composite Steel-Concrete,Desert Southwest,Mild,49,0.0101,Settlement,Minor,2767131.0,103756.0,0.0375,Public report,0,0,1,0,1,0.0375,3890.85,0.03749587569218805,1.0,0.0101
FE-01045,2006,Power Plant,Steel (A36),Rural Mountain,Mild,33,0.012,Fatigue crack,Major,628483.0,448430.0,0.7135,Routine inspection,1,0,0,1,3,2.1405000000000003,319954.805,0.7135117417654893,3.0,0.036000000000000004
FE-01046,2022,Power Plant,Reinforced Concrete,Coastal Carolina,Severe,24,0.0604,Fatigue crack,Moderate,2007603.0,527462.0,0.2627,Sensor alert,0,0,1,0,2,0.5254,138564.26739999998,0.26273222345254515,2.0,0.1208
FE-01047,2008,Pipeline,Steel (A36),Industrial Ohio,Moderate,41,0.0457,Brittle fracture,Major,368475.0,113616.0,0.3083,Emergency,0,0,1,0,3,0.9249,35027.8128,0.3083411357622634,3.0,0.1371
FE-01048,2007,Bridge,Prestressed Concrete,Coastal California,Moderate,50,0.0949,Corrosion,Moderate,4961193.0,782653.0,0.1578,Sensor alert,1,4,1,0,2,0.3156,123502.6434,0.15775499965431702,0.4,0.1898
FE-01049,2005,Bridge,Steel (A36),Coastal Texas,Severe,72,0.0478,Erosion,Catastrophic,864189.0,1076403.0,1.2456,Sensor alert,1,11,1,1,4,4.9824,1340767.5768000002,1.24556433835654,0.3333333333333333,0.1912
FE-01050,2008,Bridge,Steel (A588 Weathering),Urban West,Mild,53,0.0261,Brittle fracture,Minor,714132.0,32542.0,0.0456,Routine inspection,0,0,0,0,1,0.0456,1483.9152000000001,0.045568606364089555,1.0,0.0261
FE-01051,2014,Bridge,Cast Iron,Pacific Northwest,Mild,35,0.0597,Fatigue crack,Moderate,1068066.0,178914.0,0.1675,Load test,1,3,0,0,2,0.335,29968.095,0.16751212003752577,0.5,0.1194
FE-01052,2016,Building,Reinforced Concrete,Industrial Michigan,Moderate,63,0.0855,Corrosion,Catastrophic,3039479.0,2917230.0,0.9598,Load test,0,0,1,1,4,3.8392,2799957.354,0.959779620125686,4.0,0.342
FE-01053,2017,Building,Reinforced Concrete,Urban Midwest,Moderate,50,0.0501,Corrosion,Major,205165.0,94294.0,0.4596,Sensor alert,1,11,0,1,3,1.3788,43337.5224,0.45960080910486684,0.25,0.1503
FE-01054,2021,Power Plant,Prestressed Concrete,Industrial New Jersey,Moderate,28,0.0632,Fatigue crack,Minor,4368097.0,141214.0,0.0323,Sensor alert,0,0,1,0,1,0.0323,4561.2122,0.032328494536636894,1.0,0.0632
FE-01055,2012,Bridge,Reinforced Concrete,Industrial Ohio,Moderate,48,0.0687,Corrosion,Major,264128.0,120919.0,0.4578,Emergency,0,0,0,0,3,1.3734,55356.718199999996,0.4578045493094257,3.0,0.2061
FE-01056,2022,Building,Composite Steel-Concrete,Industrial Ohio,Moderate,22,0.0853,Overload,Major,1859672.0,512155.0,0.2754,Load test,0,0,1,0,3,0.8261999999999999,141047.487,0.27540071582515624,3.0,0.2559
FE-01057,2009,Bridge,Steel (A36),Urban Northeast,Moderate,43,0.0539,Brittle fracture,Major,538926.0,280656.0,0.5208,Routine inspection,0,0,1,0,3,1.5624000000000002,146165.6448,0.5207690851805257,3.0,0.1617
FE-01058,2020,Power Plant,Steel (A36),Industrial Ohio,Moderate,63,0.0593,Erosion,Moderate,1834822.0,494583.0,0.2696,Sensor alert,0,0,0,0,2,0.5392,133339.5768,0.26955366787623,2.0,0.1186
FE-01059,2007,Bridge,Reinforced Concrete,Rural South,Mild,51,0.0238,Corrosion,Major,187485.0,100387.0,0.5354,Load test,0,0,1,1,3,1.6061999999999999,53747.1998,0.5354401685468171,3.0,0.0714
FE-01060,2016,Building,Reinforced Concrete,Coastal Carolina,Severe,55,0.0508,Creep,Moderate,1257642.0,262370.0,0.2086,Sensor alert,0,0,1,0,2,0.4172,54730.382000000005,0.2086205772389917,2.0,0.1016
FE-01061,2016,Bridge,Steel (A514 HY),Pacific Northwest,Mild,37,0.037,Brittle fracture,Minor,1624264.0,118796.0,0.0731,Public report,0,0,0,0,1,0.0731,8683.9876,0.07313835681884226,1.0,0.037
FE-01062,2021,Power Plant,Steel (A36),Rural Mountain,Mild,40,0.0123,Fatigue crack,Minor,697390.0,49584.0,0.0711,Emergency,0,0,1,0,1,0.0711,3525.4224,0.07109938484922354,1.0,0.0123
FE-01063,2011,Bridge,Reinforced Concrete,Urban Northeast,Moderate,63,0.0317,Brittle fracture,Major,255252.0,77612.0,0.3041,Routine inspection,1,11,1,0,3,0.9122999999999999,23601.8092,0.30406030119254696,0.25,0.09509999999999999
FE-01064,2006,Bridge,Steel (A514 HY),Coastal California,Moderate,56,0.0967,Corrosion,Moderate,530276.0,140599.0,0.2651,Public report,0,0,0,0,2,0.5302,37272.7949,0.2651430575775634,2.0,0.1934
FE-01065,2005,Pipeline,Steel (A36),Coastal Carolina,Severe,32,0.1059,Fatigue crack,Moderate,7637847.0,2175464.0,0.2848,Load test,0,0,0,0,2,0.5696,619572.1472,0.2848268628580803,2.0,0.2118
FE-01066,2008,Bridge,Reinforced Concrete,Urban Northeast,Moderate,42,0.0855,Fatigue crack,Catastrophic,2670098.0,2847563.0,1.0665,Load test,1,15,0,0,4,4.266,3036925.9395,1.0664638526376184,0.25,0.342
FE-01067,2006,Building,Steel (A36),Pacific Northwest,Mild,68,0.0339,Corrosion,Moderate,633640.0,90027.0,0.1421,Emergency,0,0,0,0,2,0.2842,12792.8367,0.14207909854175874,2.0,0.0678
FE-01068,2013,Building,Prestressed Concrete,Pacific Northwest,Mild,36,0.0579,Fatigue crack,Moderate,2949403.0,524257.0,0.1778,Emergency,0,0,1,0,2,0.3556,93212.89460000001,0.17775020911011483,2.0,0.1158
FE-01069,2021,Bridge,Prestressed Concrete,Urban Midwest,Moderate,44,0.048,Brittle fracture,Moderate,605525.0,165262.0,0.2729,Routine inspection,1,26,1,0,2,0.5458,45099.9998,0.27292349613971345,0.07407407407407407,0.096
FE-01070,2022,Building,Aluminium Alloy,Industrial Ohio,Moderate,38,0.0837,Fatigue crack,Moderate,2776456.0,624603.0,0.225,Sensor alert,0,0,1,0,2,0.45,140535.67500000002,0.22496412693015844,2.0,0.1674
FE-01071,2011,Bridge,Steel (A588 Weathering),Coastal Carolina,Severe,45,0.0287,Buckling,Catastrophic,5150700.0,3805968.0,0.7389,Emergency,1,12,1,1,4,2.9556,2812229.7552,0.7389224765565845,0.3076923076923077,0.1148
FE-01072,2011,Bridge,Reinforced Concrete,Urban Midwest,Moderate,44,0.0741,Fatigue crack,Moderate,651005.0,100079.0,0.1537,Load test,0,0,1,0,2,0.3074,15382.1423,0.1537300020737168,2.0,0.1482
FE-01073,2011,Bridge,Reinforced Concrete,Industrial New Jersey,Moderate,55,0.056,Fatigue crack,Minor,4270622.0,259236.0,0.0607,Sensor alert,0,0,1,0,1,0.0607,15735.625199999999,0.06070216469638381,1.0,0.056
FE-01074,2009,Bridge,Steel (A36),Rural Midwest,Mild,29,0.0437,Buckling,Moderate,447241.0,106129.0,0.2373,Emergency,0,0,1,0,2,0.4746,25184.4117,0.2372971172142089,2.0,0.0874
FE-01075,2017,Bridge,Prestressed Concrete,Coastal California,Moderate,45,0.0953,Corrosion,Moderate,3817042.0,585099.0,0.1533,Routine inspection,1,20,0,0,2,0.3066,89695.6767,0.1532859737985592,0.09523809523809523,0.1906
FE-01076,2010,Pipeline,Prestressed Concrete,Industrial Michigan,Moderate,64,0.0436,Overload,Moderate,3818105.0,745892.0,0.1954,Routine inspection,0,0,1,0,2,0.3908,145747.29679999998,0.19535659705534553,2.0,0.0872
FE-01077,2020,Pipeline,Composite Steel-Concrete,Urban West,Mild,97,0.0466,Corrosion,Major,107511.0,66886.0,0.6221,Routine inspection,0,0,1,0,3,1.8662999999999998,41609.7806,0.6221316888504432,3.0,0.1398
FE-01078,2011,Building,Timber,Urban Midwest,Moderate,78,0.0482,Fatigue crack,Moderate,2342467.0,496512.0,0.212,Emergency,1,6,1,0,2,0.424,105260.544,0.21196115035985566,0.2857142857142857,0.0964
FE-01079,2009,Bridge,Steel (A36),Desert Southwest,Mild,44,0.0232,Fatigue crack,Moderate,1266437.0,165555.0,0.1307,Sensor alert,1,23,0,0,2,0.2614,21638.038500000002,0.1307250182993706,0.08333333333333333,0.0464
FE-01080,2016,Bridge,Timber,Coastal California,Moderate,74,0.0886,Overload,Moderate,862979.0,141383.0,0.1638,Emergency,0,0,0,0,2,0.3276,23158.5354,0.16383133309153525,2.0,0.1772
FE-01081,2010,Pipeline,Reinforced Concrete,Coastal California,Moderate,48,0.0544,Fatigue crack,Catastrophic,2079092.0,2141101.0,1.0298,Public report,1,4,1,1,4,4.1192,2204905.8098,1.0298250390074128,0.8,0.2176
FE-01082,2017,Bridge,Reinforced Concrete,Coastal Florida,Severe,28,0.1411,Corrosion,Minor,1111080.0,56435.0,0.0508,Routine inspection,1,5,0,0,1,0.0508,2866.8979999999997,0.050792922201821654,0.16666666666666666,0.1411
FE-01083,2016,Bridge,Prestressed Concrete,Industrial New Jersey,Moderate,42,0.0497,Brittle fracture,Minor,1998123.0,72044.0,0.0361,Routine inspection,0,0,1,0,1,0.0361,2600.7884,0.036055838404342476,1.0,0.0497
FE-01084,2006,Bridge,Reinforced Concrete,Coastal Florida,Severe,47,0.0818,Brittle fracture,Major,506310.0,212335.0,0.4194,Routine inspection,1,27,1,1,3,1.2582,89053.299,0.41937745649898284,0.10714285714285714,0.2454
FE-01085,2011,Building,Steel (A514 HY),Coastal Carolina,Severe,43,0.1023,Overload,Moderate,577469.0,116852.0,0.2024,Sensor alert,0,0,0,0,2,0.4048,23650.8448,0.20235198772574806,2.0,0.2046
FE-01086,2023,Bridge,Composite Steel-Concrete,Pacific Northwest,Mild,62,0.044,Creep,Major,1900679.0,1403457.0,0.7384,Sensor alert,0,0,1,1,3,2.2152,1036312.6488,0.7383976989275938,3.0,0.132
FE-01087,2010,Pipeline,Prestressed Concrete,Rural Midwest,Mild,49,0.0393,Brittle fracture,Moderate,1259902.0,274110.0,0.2176,Public report,0,0,0,0,2,0.4352,59646.335999999996,0.2175645407341206,2.0,0.0786
FE-01088,2011,Bridge,Reinforced Concrete,Urban Midwest,Moderate,46,0.0637,Corrosion,Minor,944280.0,32903.0,0.0348,Emergency,0,0,1,0,1,0.0348,1145.0244,0.03484453763714153,1.0,0.0637
FE-01089,2012,Power Plant,Prestressed Concrete,Coastal Florida,Severe,27,0.1433,Corrosion,Moderate,10740008.0,2946351.0,0.2743,Routine inspection,0,0,1,0,2,0.5486,808184.0793,0.2743341531961615,2.0,0.2866
FE-01090,2007,Power Plant,Prestressed Concrete,Industrial Ohio,Moderate,52,0.0745,Brittle fracture,Major,334963.0,188149.0,0.5617,Sensor alert,1,34,1,1,3,1.6850999999999998,105683.29329999999,0.5617008445708929,0.08571428571428572,0.22349999999999998
FE-01091,2023,Building,Steel (A514 HY),Coastal Florida,Severe,47,0.1134,Brittle fracture,Minor,761406.0,28863.0,0.0379,Public report,0,0,1,0,1,0.0379,1093.9077,0.0379075026989543,1.0,0.1134
FE-01092,2016,Building,Steel (A36),Industrial Michigan,Moderate,37,0.0481,Creep,Minor,1309553.0,81919.0,0.0626,Public report,0,0,0,0,1,0.0626,5128.1294,0.06255493286640557,1.0,0.0481
FE-01093,2009,Bridge,Reinforced Concrete,Coastal California,Moderate,23,0.0357,Corrosion,Catastrophic,1148303.0,1259032.0,1.0964,Sensor alert,0,0,1,1,4,4.3856,1380402.6848000002,1.0964283817076155,4.0,0.1428
FE-01094,2007,Bridge,Prestressed Concrete,Rural Midwest,Mild,63,0.0272,Fatigue crack,Moderate,1494703.0,369842.0,0.2474,Emergency,0,0,0,0,2,0.4948,91498.9108,0.2474351091822255,2.0,0.0544
FE-01095,2019,Bridge,Reinforced Concrete,Coastal Texas,Severe,44,0.1065,Corrosion,Moderate,3905999.0,877805.0,0.2247,Public report,0,0,1,0,2,0.4494,197242.78350000002,0.22473252041283165,2.0,0.213
FE-01096,2021,Building,Reinforced Concrete,Coastal Florida,Severe,45,0.0819,Creep,Catastrophic,2158888.0,1159426.0,0.537,Routine inspection,1,8,0,0,4,2.148,622611.762,0.537047776447875,0.4444444444444444,0.3276
FE-01097,2019,Bridge,Steel (A588 Weathering),Coastal California,Moderate,69,0.0236,Buckling,Minor,1946133.0,52818.0,0.0271,Routine inspection,0,0,1,0,1,0.0271,1431.3678,0.027139974503284207,1.0,0.0236
FE-01098,2016,Bridge,Prestressed Concrete,Coastal California,Moderate,52,0.0508,Corrosion,Minor,3479131.0,259874.0,0.0747,Public report,0,0,1,0,1,0.0747,19412.5878,0.07469508908977558,1.0,0.0508
FE-01099,2017,Pipeline,Reinforced Concrete,Industrial Michigan,Moderate,31,0.0303,Corrosion,Moderate,2008998.0,598860.0,0.2981,Sensor alert,1,0,1,0,2,0.5962,178520.166,0.29808889804768346,2.0,0.0606
FE-01100,2006,Bridge,Steel (A36),Coastal Florida,Severe,55,0.0925,Creep,Major,725340.0,468760.0,0.6463,Routine inspection,0,0,1,1,3,1.9388999999999998,302959.588,0.6462624424407863,3.0,0.27749999999999997
FE-01101,2015,Bridge,Reinforced Concrete,Desert Southwest,Mild,52,0.0227,Brittle fracture,Major,1213854.0,576676.0,0.4751,Sensor alert,0,0,1,0,3,1.4253,273978.7676,0.475078551456765,3.0,0.06810000000000001
FE-01102,2023,Pipeline,Steel (A588 Weathering),Industrial New Jersey,Moderate,18,0.0181,Corrosion,Catastrophic,620665.0,877170.0,1.4133,Routine inspection,0,0,1,1,4,5.6532,1239704.361,1.4132744717359607,4.0,0.0724
FE-01103,2007,Bridge,Reinforced Concrete,Coastal Carolina,Severe,52,0.0883,Fatigue crack,Moderate,3482297.0,645516.0,0.1854,Sensor alert,0,0,1,0,2,0.3708,119678.6664,0.1853707481010379,2.0,0.1766
FE-01104,2006,Building,Composite Steel-Concrete,Rural South,Mild,27,0.0463,Overload,Moderate,5593429.0,1450286.0,0.2593,Sensor alert,1,10,1,0,2,0.5186,376059.15979999996,0.2592838847154402,0.18181818181818182,0.0926
FE-01105,2015,Bridge,Steel (A36),Industrial Ohio,Moderate,23,0.0676,Creep,Minor,3923755.0,222600.0,0.0567,Sensor alert,1,1,1,0,1,0.0567,12621.42,0.056731370842471054,0.5,0.0676
FE-01106,2017,Bridge,Steel (A514 HY),Industrial Ohio,Moderate,83,0.0544,Corrosion,Minor,444881.0,20635.0,0.0464,Routine inspection,0,0,1,0,1,0.0464,957.4639999999999,0.04638319011151296,1.0,0.0544
FE-01107,2007,Bridge,Steel (A36),Desert Southwest,Mild,21,0.0124,Fatigue crack,Major,4991637.0,3673967.0,0.736,Routine inspection,0,0,0,0,3,2.208,2704039.712,0.7360244745361091,3.0,0.0372
FE-01108,2019,Building,Steel (A36),Urban Northeast,Moderate,29,0.0455,Fatigue crack,Moderate,560366.0,68232.0,0.1218,Routine inspection,0,0,1,0,2,0.2436,8310.6576,0.12176327614451983,2.0,0.091
FE-01109,2017,Building,Timber,Urban Northeast,Moderate,25,0.0876,Fatigue crack,Moderate,339688.0,71535.0,0.2106,Emergency,1,23,1,0,2,0.4212,15065.271,0.21059030639881302,0.08333333333333333,0.1752
FE-01110,2018,Bridge,Steel (A36),Coastal Texas,Severe,31,0.0735,Fatigue crack,Moderate,1481448.0,319866.0,0.2159,Sensor alert,1,23,1,0,2,0.4318,69059.06940000001,0.21591442966611046,0.08333333333333333,0.147
FE-01111,2007,Power Plant,Reinforced Concrete,Coastal California,Moderate,23,0.0461,Fatigue crack,Moderate,711842.0,127245.0,0.1788,Routine inspection,0,0,1,0,2,0.3576,22751.406,0.17875455508385288,2.0,0.0922
FE-01112,2010,Building,Steel (A514 HY),Coastal Florida,Severe,52,0.097,Corrosion,Major,625363.0,305721.0,0.4889,Sensor alert,1,9,0,0,3,1.4667,149466.9969,0.48886966449885905,0.3,0.29100000000000004
FE-01113,2006,Bridge,Reinforced Concrete,Coastal Texas,Severe,59,0.09,Buckling,Minor,330726.0,14074.0,0.0426,Routine inspection,0,0,0,0,1,0.0426,599.5524,0.042554864147360656,1.0,0.09
FE-01114,2009,Building,Steel (A36),Coastal Carolina,Severe,53,0.0802,Corrosion,Minor,403398.0,22289.0,0.0553,Public report,1,7,1,0,1,0.0553,1232.5817,0.05525312470562571,0.125,0.0802
FE-01115,2016,Power Plant,Steel (A36),Rural South,Mild,27,0.0332,Settlement,Minor,2633481.0,173097.0,0.0657,Sensor alert,0,0,1,0,1,0.0657,11372.472899999999,0.06572935213886108,1.0,0.0332
FE-01116,2020,Building,Steel (A36),Pacific Northwest,Mild,67,0.027,Erosion,Moderate,233185.0,51405.0,0.2204,Load test,0,0,1,0,2,0.4408,11329.662,0.22044728434504793,2.0,0.054
FE-01117,2018,Bridge,Reinforced Concrete,Industrial New Jersey,Moderate,46,0.0638,Corrosion,Moderate,1856976.0,361222.0,0.1945,Emergency,1,4,1,0,2,0.389,70257.679,0.19452163086652707,0.4,0.1276
FE-01118,2012,Pipeline,Prestressed Concrete,Urban Midwest,Moderate,42,0.0487,Corrosion,Moderate,670030.0,122616.0,0.183,Routine inspection,0,0,0,0,2,0.366,22438.728,0.18300076115994807,2.0,0.0974
FE-01119,2022,Building,Steel (A36),Coastal Carolina,Severe,60,0.102,Fatigue crack,Moderate,1516360.0,411428.0,0.2713,Sensor alert,0,0,1,0,2,0.5426,111620.41639999999,0.27132607032630773,2.0,0.204
FE-01120,2011,Bridge,Reinforced Concrete,Rural South,Mild,49,0.0524,Buckling,Major,2712809.0,1370322.0,0.5051,Routine inspection,0,0,1,1,3,1.5152999999999999,692149.6422,0.5051302911484,3.0,0.1572
FE-01121,2005,Pipeline,Steel (A588 Weathering),Rural South,Mild,43,0.0213,Corrosion,Moderate,499680.0,124973.0,0.2501,Emergency,1,2,1,0,2,0.5002,31255.7473,0.2501060678834454,0.6666666666666666,0.0426
FE-01122,2016,Bridge,Prestressed Concrete,Industrial Ohio,Moderate,27,0.0723,Erosion,Moderate,680323.0,126991.0,0.1867,Routine inspection,1,1,1,0,2,0.3734,23709.2197,0.18666280575550143,1.0,0.1446
FE-01123,2005,Bridge,Steel (A36),Industrial Michigan,Moderate,42,0.0631,Corrosion,Moderate,455367.0,51531.0,0.1132,Routine inspection,0,0,1,0,2,0.2264,5833.3092,0.11316366798648124,2.0,0.1262
FE-01124,2010,Building,Timber,Urban Midwest,Moderate,52,0.0394,Overload,Minor,1028226.0,35857.0,0.0349,Sensor alert,1,19,1,0,1,0.0349,1251.4093,0.03487268363180857,0.05,0.0394
FE-01125,2019,Power Plant,Steel (A36),Urban West,Mild,33,0.0304,Fatigue crack,Minor,2849326.0,126298.0,0.0443,Public report,1,17,1,0,1,0.0443,5595.0014,0.04432557032785999,0.05555555555555555,0.0304
FE-01126,2013,Bridge,Prestressed Concrete,Industrial New Jersey,Moderate,63,0.0562,Corrosion,Minor,411515.0,16596.0,0.0403,Emergency,0,0,1,0,1,0.0403,668.8188,0.04032902810347132,1.0,0.0562
FE-01127,2023,Building,Composite Steel-Concrete,Rural Mountain,Mild,63,0.0266,Buckling,Moderate,509951.0,122149.0,0.2395,Routine inspection,0,0,1,0,2,0.479,29254.6855,0.23953085688624987,2.0,0.0532
FE-01128,2019,Pipeline,Reinforced Concrete,Rural South,Mild,47,0.0573,Corrosion,Minor,131909.0,7383.0,0.056,Routine inspection,1,0,1,0,1,0.056,413.44800000000004,0.055970403839010224,1.0,0.0573
FE-01129,2016,Bridge,Prestressed Concrete,Industrial Michigan,Moderate,50,0.0463,Erosion,Moderate,679493.0,80648.0,0.1187,Routine inspection,1,10,1,0,2,0.2374,9572.9176,0.11868849274385461,0.18181818181818182,0.0926
FE-01130,2021,Bridge,Steel (A36),Pacific Northwest,Mild,47,0.0519,Fatigue crack,Major,753470.0,359526.0,0.4772,Public report,1,19,1,1,3,1.4316,171565.8072,0.4771603381687393,0.15,0.1557
FE-01131,2019,Bridge,Steel (A36),Rural South,Mild,30,0.0263,Brittle fracture,Minor,470966.0,15443.0,0.0328,Emergency,0,0,1,0,1,0.0328,506.53040000000004,0.03279005278512674,1.0,0.0263
FE-01132,2008,Bridge,Steel (A36),Industrial Michigan,Moderate,37,0.0793,Corrosion,Minor,362677.0,19418.0,0.0535,Sensor alert,0,0,0,0,1,0.0535,1038.863,0.05354075389396074,1.0,0.0793
FE-01133,2020,Pipeline,Reinforced Concrete,Industrial Michigan,Moderate,58,0.0774,Brittle fracture,Major,426635.0,305407.0,0.7159,Emergency,1,6,0,0,3,2.1477,218640.8713,0.7158507858005086,0.42857142857142855,0.2322
FE-01134,2011,Bridge,Steel (A588 Weathering),Rural South,Mild,44,0.0276,Corrosion,Moderate,653061.0,195387.0,0.2992,Sensor alert,0,0,1,0,2,0.5984,58459.790400000005,0.299186446595341,2.0,0.0552
FE-01135,2007,Pipeline,Prestressed Concrete,Rural Midwest,Mild,28,0.0346,Brittle fracture,Moderate,571921.0,161655.0,0.2827,Public report,0,0,0,0,2,0.5654,45699.868500000004,0.2826526740581304,2.0,0.0692
FE-01136,2022,Bridge,Steel (A588 Weathering),Urban Midwest,Moderate,26,0.0233,Corrosion,Moderate,2659278.0,617321.0,0.2321,Routine inspection,0,0,1,0,2,0.4642,143280.2041,0.23213857295100399,2.0,0.0466
FE-01137,2022,Pipeline,Reinforced Concrete,Industrial New Jersey,Moderate,44,0.0485,Overload,Minor,760233.0,38573.0,0.0507,Public report,0,0,0,0,1,0.0507,1955.6511,0.05073839204559655,1.0,0.0485
FE-01138,2011,Pipeline,FRP Composite,Coastal California,Moderate,34,0.0864,Brittle fracture,Minor,1081737.0,42871.0,0.0396,Public report,0,0,0,0,1,0.0396,1697.6916,0.03963162949959186,1.0,0.0864
FE-01139,2016,Bridge,Steel (A514 HY),Industrial Ohio,Moderate,48,0.058,Corrosion,Minor,728726.0,45261.0,0.0621,Public report,0,0,0,0,1,0.0621,2810.7081000000003,0.06210976416375977,1.0,0.058
FE-01140,2015,Bridge,Steel (A36),Coastal Texas,Severe,52,0.1191,Erosion,Major,261845.0,136207.0,0.5202,Public report,1,4,1,1,3,1.5606,70854.8814,0.5201817869350188,0.6,0.3573
FE-01141,2018,Bridge,Reinforced Concrete,Rural South,Mild,42,0.0357,Brittle fracture,Minor,1365265.0,90261.0,0.0661,Emergency,0,0,1,0,1,0.0661,5966.252100000001,0.06611243970950695,1.0,0.0357
FE-01142,2007,Pipeline,Prestressed Concrete,Desert Southwest,Mild,50,0.0216,Creep,Moderate,561238.0,141604.0,0.2523,Sensor alert,0,0,0,0,2,0.5046,35726.6892,0.2523065081124229,2.0,0.0432
FE-01143,2022,Bridge,Prestressed Concrete,Rural Mountain,Mild,46,0.0293,Fatigue crack,Moderate,849870.0,92616.0,0.109,Routine inspection,0,0,0,0,2,0.218,10095.144,0.10897666701966183,2.0,0.0586
FE-01144,2006,Bridge,Reinforced Concrete,Industrial Michigan,Moderate,60,0.0496,Fatigue crack,Major,2457291.0,809554.0,0.3294,Routine inspection,1,10,1,1,3,0.9882000000000001,266667.0876,0.32944978840519906,0.2727272727272727,0.1488
FE-01145,2015,Bridge,Prestressed Concrete,Industrial Ohio,Moderate,35,0.0501,Buckling,Catastrophic,6009628.0,8298280.0,1.3808,Sensor alert,1,1,1,1,4,5.5232,11458265.024,1.3808308933597886,2.0,0.2004
FE-01146,2022,Bridge,Steel (A36),Industrial Ohio,Moderate,23,0.0652,Corrosion,Major,5544980.0,2554461.0,0.4607,Routine inspection,1,3,1,1,3,1.3820999999999999,1176840.1827,0.4606799303153483,0.75,0.1956
FE-01147,2014,Bridge,Steel (A36),Desert Southwest,Mild,35,0.0112,Fatigue crack,Moderate,244434.0,42087.0,0.1722,Public report,1,0,1,0,2,0.3444,7247.381399999999,0.1721814477527676,2.0,0.0224
FE-01148,2022,Power Plant,Steel (A588 Weathering),Rural South,Mild,36,0.0273,Fatigue crack,Minor,1344637.0,62205.0,0.0463,Routine inspection,0,0,0,0,1,0.0463,2880.0915,0.04626155609283398,1.0,0.0273
FE-01149,2011,Power Plant,Steel (A588 Weathering),Urban Northeast,Moderate,68,0.0382,Corrosion,Moderate,717088.0,104747.0,0.1461,Public report,0,0,1,0,2,0.2922,15303.5367,0.14607272747556785,2.0,0.0764
FE-01150,2018,Bridge,Stainless Steel 316L,Coastal Florida,Severe,27,0.0187,Fatigue crack,Catastrophic,1494605.0,1453363.0,0.9724,Routine inspection,1,11,1,1,4,3.8896,1413250.1812,0.97240608722706,0.3333333333333333,0.0748
FE-01151,2011,Bridge,Steel (A514 HY),Urban Midwest,Moderate,34,0.0288,Brittle fracture,Moderate,11697145.0,1748407.0,0.1495,Sensor alert,0,0,1,0,2,0.299,261386.84649999999,0.14947296968619267,2.0,0.0576
FE-01152,2021,Pipeline,Steel (A588 Weathering),Pacific Northwest,Mild,51,0.0253,Creep,Moderate,1805002.0,329642.0,0.1826,Sensor alert,0,0,1,0,2,0.3652,60192.6292,0.18262694445767927,2.0,0.0506
FE-01153,2021,Pipeline,Prestressed Concrete,Industrial Michigan,Moderate,74,0.0307,Overload,Minor,783639.0,52343.0,0.0668,Routine inspection,0,0,1,0,1,0.0668,3496.5124,0.06679478688528774,1.0,0.0307
FE-01154,2010,Bridge,Composite Steel-Concrete,Coastal California,Moderate,43,0.0868,Corrosion,Catastrophic,497898.0,591441.0,1.1879,Sensor alert,0,0,0,1,4,4.7516,702572.7639,1.1878758299892749,4.0,0.3472
FE-01155,2020,Bridge,Reinforced Concrete,Coastal Florida,Severe,50,0.0515,Creep,Minor,44593068.0,2185298.0,0.049,Sensor alert,0,0,0,0,1,0.049,107079.602,0.0490053297072989,1.0,0.0515
FE-01156,2005,Building,Steel (A36),Industrial Ohio,Moderate,32,0.088,Corrosion,Minor,2401720.0,155431.0,0.0647,Routine inspection,0,0,1,0,1,0.0647,10056.385699999999,0.06471653648218777,1.0,0.088
FE-01157,2008,Bridge,Prestressed Concrete,Industrial Ohio,Moderate,52,0.0728,Corrosion,Moderate,1440902.0,343864.0,0.2386,Routine inspection,1,49,1,0,2,0.4772,82045.9504,0.23864495989317802,0.04,0.1456
FE-01158,2014,Bridge,FRP Composite,Rural South,Mild,33,0.0259,Buckling,Moderate,5724166.0,1388204.0,0.2425,Routine inspection,0,0,1,0,2,0.485,336639.47,0.24251637705824744,2.0,0.0518
FE-01159,2022,Power Plant,Steel (A588 Weathering),Coastal Florida,Severe,41,0.0541,Fatigue crack,Major,413134.0,242267.0,0.5864,Routine inspection,0,0,1,1,3,1.7592,142065.3688,0.5864126409349025,3.0,0.1623
FE-01160,2017,Bridge,Steel (A36),Urban Northeast,Moderate,23,0.0762,Corrosion,Moderate,431031.0,53179.0,0.1234,Emergency,1,6,1,0,2,0.2468,6562.2886,0.12337627688031719,0.2857142857142857,0.1524
FE-01161,2017,Pipeline,Prestressed Concrete,Rural South,Mild,42,0.0266,Fatigue crack,Moderate,1319287.0,392178.0,0.2973,Emergency,1,9,1,0,2,0.5946,116594.5194,0.2972651136560885,0.2,0.0532
FE-01162,2023,Bridge,Steel (A588 Weathering),Industrial New Jersey,Moderate,48,0.0222,Brittle fracture,Minor,814181.0,29941.0,0.0368,Sensor alert,0,0,0,0,1,0.0368,1101.8288,0.03677437817880791,1.0,0.0222
FE-01163,2014,Pipeline,Steel (A588 Weathering),Rural Mountain,Mild,82,0.0106,Fatigue crack,Minor,3060721.0,108391.0,0.0354,Sensor alert,0,0,1,0,1,0.0354,3837.0414,0.03541355125148617,1.0,0.0106
FE-01164,2014,Power Plant,Aluminium Alloy,Coastal California,Moderate,42,0.0598,Overload,Catastrophic,573503.0,336583.0,0.5869,Routine inspection,1,12,1,1,4,2.3476,197540.56269999998,0.5868896936894837,0.3076923076923077,0.2392
FE-01165,2017,Bridge,Steel (A36),Industrial Ohio,Moderate,49,0.0879,Corrosion,Major,4031859.0,1674367.0,0.4153,Emergency,0,0,1,0,3,1.2459,695364.6151,0.41528411583837627,3.0,0.26370000000000005
FE-01166,2016,Building,Prestressed Concrete,Industrial New Jersey,Moderate,57,0.0825,Overload,Minor,297739.0,7944.0,0.0267,Load test,0,0,0,0,1,0.0267,212.1048,0.02668108645491521,1.0,0.0825
FE-01167,2012,Bridge,Reinforced Concrete,Pacific Northwest,Mild,35,0.0509,Brittle fracture,Moderate,109823.0,15395.0,0.1402,Routine inspection,0,0,0,0,2,0.2804,2158.379,0.1401801079919507,2.0,0.1018
FE-01168,2013,Pipeline,Composite Steel-Concrete,Urban Midwest,Moderate,55,0.0448,Erosion,Moderate,756807.0,196553.0,0.2597,Routine inspection,1,11,0,0,2,0.5194,51044.814099999996,0.25971350687823974,0.16666666666666666,0.0896
FE-01169,2017,Pipeline,Reinforced Concrete,Rural South,Mild,38,0.045,Creep,Minor,2614863.0,119951.0,0.0459,Routine inspection,0,0,1,0,1,0.0459,5505.7509,0.045872766565590625,1.0,0.045
FE-01170,2018,Power Plant,Prestressed Concrete,Rural South,Mild,37,0.0306,Corrosion,Moderate,1926998.0,366653.0,0.1903,Routine inspection,1,30,0,0,2,0.3806,69774.0659,0.19027160381069413,0.06451612903225806,0.0612
FE-01171,2019,Bridge,Steel (A36),Coastal Florida,Severe,61,0.1142,Brittle fracture,Moderate,1493416.0,435387.0,0.2915,Load test,0,0,1,0,2,0.583,126915.31049999999,0.2915376559511884,2.0,0.2284
FE-01172,2007,Pipeline,Prestressed Concrete,Coastal Carolina,Severe,28,0.0748,Erosion,Minor,688584.0,24942.0,0.0362,Sensor alert,1,6,1,0,1,0.0362,902.9004000000001,0.03622216025931477,0.14285714285714285,0.0748
FE-01173,2010,Bridge,Steel (A588 Weathering),Industrial New Jersey,Moderate,27,0.0245,Overload,Moderate,917843.0,102555.0,0.1117,Sensor alert,0,0,1,0,2,0.2234,11455.3935,0.111734795602298,2.0,0.049
FE-01174,2017,Pipeline,Steel (A36),Coastal California,Moderate,34,0.0658,Buckling,Minor,6846183.0,366487.0,0.0535,Routine inspection,1,2,0,0,1,0.0535,19607.0545,0.053531581028435846,0.3333333333333333,0.0658
FE-01175,2009,Building,Timber,Rural Midwest,Mild,24,0.0306,Fatigue crack,Catastrophic,389412.0,260004.0,0.6677,Routine inspection,0,0,1,1,4,2.6708,173604.6708,0.6676835844812178,4.0,0.1224
FE-01176,2018,Pipeline,Timber,Rural South,Mild,43,0.0262,Buckling,Moderate,1607389.0,303440.0,0.1888,Public report,0,0,1,0,2,0.3776,57289.472,0.18877819868121531,2.0,0.0524
FE-01177,2019,Bridge,Steel (A36),Desert Southwest,Mild,47,0.0169,Overload,Major,124367.0,71417.0,0.5742,Emergency,0,0,1,1,3,1.7226000000000001,41007.6414,0.5742439714715318,3.0,0.050699999999999995
FE-01178,2014,Bridge,Prestressed Concrete,Industrial Ohio,Moderate,53,0.0419,Fatigue crack,Major,276805.0,204294.0,0.738,Routine inspection,1,15,1,0,3,2.214,150768.972,0.7380430266794313,0.1875,0.1257
FE-01179,2006,Bridge,Prestressed Concrete,Industrial Michigan,Moderate,40,0.0424,Buckling,Minor,1051221.0,50260.0,0.0478,Routine inspection,1,1,1,0,1,0.0478,2402.4280000000003,0.0478110692233127,0.5,0.0424
FE-01180,2019,Power Plant,Steel (A588 Weathering),Desert Southwest,Mild,51,0.0071,Settlement,Minor,1948443.0,122641.0,0.0629,Routine inspection,0,0,0,0,1,0.0629,7714.1188999999995,0.06294307813982754,1.0,0.0071
FE-01181,2012,Pipeline,Aluminium Alloy,Coastal Texas,Severe,25,0.0911,Overload,Major,2126302.0,557889.0,0.2624,Load test,0,0,1,0,3,0.7872000000000001,146390.0736,0.26237524114636585,3.0,0.2733
FE-01182,2018,Bridge,Prestressed Concrete,Coastal Carolina,Severe,55,0.1119,Fatigue crack,Minor,16533408.0,510441.0,0.0309,Sensor alert,1,2,1,0,1,0.0309,15772.6269,0.03087330815280189,0.3333333333333333,0.1119
FE-01183,2022,Building,Steel (A514 HY),Coastal California,Moderate,34,0.0864,Fatigue crack,Minor,1351286.0,91514.0,0.0677,Sensor alert,0,0,1,0,1,0.0677,6195.4978,0.06772363511499416,1.0,0.0864
FE-01184,2019,Pipeline,Prestressed Concrete,Industrial Michigan,Moderate,43,0.072,Overload,Moderate,696605.0,177821.0,0.2553,Routine inspection,1,26,1,0,2,0.5106,45397.70130000001,0.25526805004270714,0.07407407407407407,0.144
FE-01185,2015,Bridge,Composite Steel-Concrete,Coastal Carolina,Severe,39,0.0975,Fatigue crack,Minor,1026297.0,30016.0,0.0292,Public report,1,2,1,0,1,0.0292,876.4672,0.029246894417502927,0.3333333333333333,0.0975
FE-01186,2006,Bridge,Prestressed Concrete,Coastal Texas,Severe,44,0.105,Overload,Catastrophic,1055133.0,602917.0,0.5714,Load test,0,0,0,0,4,2.2856,344506.7738,0.5714132720709143,4.0,0.42
FE-01187,2016,Bridge,Steel (A588 Weathering),Industrial Ohio,Moderate,37,0.0317,Brittle fracture,Minor,414442.0,29779.0,0.0719,Routine inspection,0,0,1,0,1,0.0719,2141.1101000000003,0.0718532388126686,1.0,0.0317
FE-01188,2014,Building,Reinforced Concrete,Industrial New Jersey,Moderate,62,0.0774,Erosion,Minor,1318930.0,81976.0,0.0622,Routine inspection,0,0,0,0,1,0.0622,5098.9072,0.06215341223567589,1.0,0.0774
FE-01189,2020,Pipeline,Composite Steel-Concrete,Coastal Texas,Severe,16,0.1305,Erosion,Moderate,1324904.0,192763.0,0.1455,Routine inspection,1,9,1,0,2,0.291,28047.016499999998,0.14549205074480867,0.2,0.261
FE-01190,2011,Pipeline,Steel (A36),Industrial New Jersey,Moderate,46,0.0838,Corrosion,Moderate,919079.0,208690.0,0.2271,Routine inspection,0,0,0,0,2,0.4542,47393.498999999996,0.227064267598324,2.0,0.1676
FE-01191,2007,Bridge,Composite Steel-Concrete,Urban Northeast,Moderate,20,0.0324,Settlement,Minor,847260.0,62721.0,0.074,Emergency,0,0,1,0,1,0.074,4641.353999999999,0.07402804333970682,1.0,0.0324
FE-01192,2018,Pipeline,Steel (A588 Weathering),Industrial Ohio,Moderate,22,0.036,Fatigue crack,Moderate,715781.0,156082.0,0.2181,Public report,0,0,1,0,2,0.4362,34041.4842,0.21805831671977882,2.0,0.072
FE-01193,2023,Bridge,Steel (A514 HY),Coastal California,Moderate,16,0.0559,Fatigue crack,Major,1040389.0,508735.0,0.489,Routine inspection,0,0,1,0,3,1.467,248771.415,0.4889853698952988,3.0,0.1677
FE-01194,2011,Bridge,Steel (A588 Weathering),Urban Midwest,Moderate,28,0.0185,Erosion,Catastrophic,244134.0,141088.0,0.5779,Routine inspection,1,11,1,0,4,2.3116,81534.7552,0.5779121302235658,0.3333333333333333,0.074
FE-01195,2016,Pipeline,Composite Steel-Concrete,Desert Southwest,Mild,27,0.017,Corrosion,Major,812185.0,572629.0,0.705,Sensor alert,0,0,1,1,3,2.1149999999999998,403703.44499999995,0.7050474953366536,3.0,0.051000000000000004
FE-01196,2006,Bridge,Prestressed Concrete,Coastal California,Moderate,26,0.0574,Fatigue crack,Moderate,1092586.0,171607.0,0.1571,Load test,0,0,1,0,2,0.3142,26959.4597,0.15706498161243143,2.0,0.1148
FE-01197,2006,Bridge,Reinforced Concrete,Rural Midwest,Mild,16,0.0436,Corrosion,Catastrophic,902891.0,602771.0,0.6676,Emergency,1,5,1,1,4,2.6704,402409.91959999996,0.6676010725547159,0.6666666666666666,0.1744
FE-01198,2009,Bridge,Reinforced Concrete,Urban West,Mild,31,0.0276,Creep,Minor,6865097.0,433782.0,0.0632,Routine inspection,0,0,1,0,1,0.0632,27415.0224,0.06318657988372196,1.0,0.0276
FE-01199,2019,Bridge,Reinforced Concrete,Coastal Texas,Severe,30,0.0504,Overload,Minor,1968156.0,54092.0,0.0275,Routine inspection,0,0,1,0,1,0.0275,1487.53,0.027483593780167834,1.0,0.0504
FE-01200,2013,Pipeline,Prestressed Concrete,Desert Southwest,Mild,34,0.0188,Erosion,Moderate,14460268.0,1765628.0,0.1221,Routine inspection,0,0,0,0,2,0.2442,215583.1788,0.12210202466510303,2.0,0.0376
FE-01201,2006,Bridge,Reinforced Concrete,Coastal Florida,Severe,42,0.1109,Overload,Catastrophic,8538561.0,11746234.0,1.3757,Public report,0,0,0,1,4,5.5028,16159294.113799999,1.375669038377778,4.0,0.4436
FE-01202,2020,Bridge,Reinforced Concrete,Industrial New Jersey,Moderate,60,0.0567,Fatigue crack,Major,624465.0,225619.0,0.3613,Public report,0,0,1,1,3,1.0839,81516.1447,0.3612996725196768,3.0,0.1701
FE-01203,2011,Bridge,Composite Steel-Concrete,Industrial New Jersey,Moderate,61,0.1043,Buckling,Major,992388.0,350234.0,0.3529,Public report,1,28,1,1,3,1.0587,123597.5786,0.3529204303155621,0.10344827586206896,0.3129
FE-01204,2012,Building,Reinforced Concrete,Desert Southwest,Mild,27,0.0215,Overload,Minor,713027.0,30075.0,0.0422,Sensor alert,0,0,1,0,1,0.0422,1269.165,0.042179328412528555,1.0,0.0215
FE-01205,2014,Building,Steel (A588 Weathering),Urban Northeast,Moderate,46,0.0415,Erosion,Catastrophic,806825.0,592961.0,0.7349,Routine inspection,1,0,1,0,4,2.9396,435767.0389,0.7349313667771822,4.0,0.166
FE-01206,2006,Pipeline,Steel (A514 HY),Industrial New Jersey,Moderate,65,0.0795,Fatigue crack,Major,344717.0,177487.0,0.5149,Public report,0,0,1,1,3,1.5447000000000002,91388.05630000001,0.5148774211889753,3.0,0.2385
FE-01207,2013,Power Plant,Reinforced Concrete,Industrial Michigan,Moderate,44,0.0478,Overload,Moderate,8371809.0,2361693.0,0.2821,Emergency,1,50,1,0,2,0.5642,666233.5953,0.2821006785988548,0.0392156862745098,0.0956
FE-01208,2008,Power Plant,Steel (A36),Rural South,Mild,63,0.0567,Creep,Catastrophic,2221864.0,1640958.0,0.7386,Emergency,0,0,0,1,4,2.9544,1212011.5788,0.7385501542848707,4.0,0.2268
FE-01209,2014,Bridge,Prestressed Concrete,Urban Midwest,Moderate,57,0.0566,Corrosion,Moderate,2609097.0,579845.0,0.2222,Emergency,0,0,1,0,2,0.4444,128841.55900000001,0.22223972508496234,2.0,0.1132
FE-01210,2011,Bridge,Composite Steel-Concrete,Industrial Ohio,Moderate,52,0.0886,Fatigue crack,Catastrophic,932466.0,1333604.0,1.4302,Routine inspection,1,1,1,1,4,5.7208,1907320.4408,1.4301904841570632,2.0,0.3544
FE-01211,2015,Power Plant,Steel (A36),Urban West,Mild,50,0.0289,Fatigue crack,Catastrophic,408088.0,347695.0,0.852,Load test,0,0,1,1,4,3.408,296236.14,0.852009860618298,4.0,0.1156
FE-01212,2017,Building,Prestressed Concrete,Urban Northeast,Moderate,35,0.0305,Corrosion,Moderate,1549311.0,376550.0,0.243,Emergency,0,0,1,0,2,0.486,91501.65,0.2430435206359472,2.0,0.061
FE-01213,2009,Building,Reinforced Concrete,Rural South,Mild,54,0.0289,Overload,Major,2186569.0,1360837.0,0.6224,Load test,1,3,1,1,3,1.8672,846984.9487999999,0.6223617914641615,0.75,0.0867
FE-01214,2009,Bridge,Steel (A514 HY),Rural Mountain,Mild,34,0.0157,Brittle fracture,Major,6344932.0,2705509.0,0.4264,Sensor alert,0,0,0,1,3,1.2792,1153629.0376,0.42640472742655083,3.0,0.047099999999999996
FE-01215,2017,Building,Reinforced Concrete,Rural Mountain,Mild,23,0.0116,Buckling,Moderate,1482523.0,278030.0,0.1875,Emergency,0,0,1,0,2,0.375,52130.625,0.18753840581225384,2.0,0.0232
FE-01216,2015,Building,Composite Steel-Concrete,Industrial Ohio,Moderate,55,0.0788,Fatigue crack,Moderate,2173463.0,593790.0,0.2732,Sensor alert,0,0,0,0,2,0.5464,162223.42799999999,0.2731999578552752,2.0,0.1576
FE-01217,2022,Bridge,Reinforced Concrete,Rural Mountain,Mild,21,0.027,Creep,Moderate,236838.0,67026.0,0.283,Load test,0,0,0,0,2,0.566,18968.357999999997,0.28300357206191573,2.0,0.054
FE-01218,2022,Bridge,Steel (A36),Desert Southwest,Mild,34,0.0255,Corrosion,Major,1693427.0,546320.0,0.3226,Routine inspection,0,0,1,1,3,0.9678,176242.832,0.32261207598556063,3.0,0.0765
FE-01219,2015,Bridge,Timber,Urban Midwest,Moderate,32,0.0458,Fatigue crack,Minor,880744.0,39371.0,0.0447,Public report,0,0,1,0,1,0.0447,1759.8836999999999,0.04470197923573706,1.0,0.0458
FE-01220,2006,Building,Reinforced Concrete,Urban Midwest,Moderate,32,0.0743,Corrosion,Minor,2957214.0,110829.0,0.0375,Load test,0,0,1,0,1,0.0375,4156.0875,0.037477504164392564,1.0,0.0743
FE-01221,2008,Building,Steel (A36),Rural Mountain,Mild,53,0.0116,Corrosion,Minor,634725.0,45125.0,0.0711,Public report,1,4,1,0,1,0.0711,3208.3875,0.07109378077120013,0.2,0.0116
FE-01222,2022,Pipeline,Reinforced Concrete,Rural South,Mild,51,0.0589,Settlement,Minor,764490.0,49044.0,0.0642,Routine inspection,0,0,0,0,1,0.0642,3148.6247999999996,0.06415257230310403,1.0,0.0589
FE-01223,2015,Bridge,Aluminium Alloy,Coastal California,Moderate,24,0.0523,Brittle fracture,Moderate,1663121.0,216476.0,0.1302,Routine inspection,1,0,1,0,2,0.2604,28185.1752,0.13016250771892124,2.0,0.1046
FE-01224,2007,Bridge,Prestressed Concrete,Coastal Carolina,Severe,22,0.091,Corrosion,Moderate,1237428.0,147225.0,0.119,Emergency,1,4,1,0,2,0.238,17519.774999999998,0.1189766192457258,0.4,0.182
FE-01225,2009,Bridge,Reinforced Concrete,Industrial New Jersey,Moderate,51,0.0732,Overload,Minor,363978.0,14328.0,0.0394,Routine inspection,0,0,1,0,1,0.0394,564.5232,0.03936501656693536,1.0,0.0732
FE-01226,2016,Bridge,Stainless Steel 316L,Rural Mountain,Mild,29,0.0039,Brittle fracture,Minor,2390363.0,91052.0,0.0381,Load test,0,0,1,0,1,0.0381,3469.0812,0.03809128571685556,1.0,0.0039
FE-01227,2015,Power Plant,Reinforced Concrete,Rural Mountain,Mild,50,0.0167,Fatigue crack,Major,18862388.0,8779099.0,0.4654,Load test,0,0,0,0,3,1.3961999999999999,4085792.6746,0.4654288205713932,3.0,0.0501
FE-01228,2017,Bridge,Aluminium Alloy,Industrial New Jersey,Moderate,50,0.0804,Brittle fracture,Minor,222062.0,15244.0,0.0686,Public report,0,0,1,0,1,0.0686,1045.7384,0.06864749484378237,1.0,0.0804
FE-01229,2010,Bridge,Reinforced Concrete,Coastal Texas,Severe,44,0.07,Erosion,Minor,1108902.0,49796.0,0.0449,Load test,0,0,0,0,1,0.0449,2235.8404,0.044905681475910404,1.0,0.07
FE-01230,2022,Bridge,Cast Iron,Pacific Northwest,Mild,60,0.0587,Creep,Moderate,4345639.0,1218131.0,0.2803,Sensor alert,0,0,0,0,2,0.5606,341442.1193,0.2803111349101939,2.0,0.1174
FE-01231,2020,Bridge,Stainless Steel 316L,Urban Northeast,Moderate,56,0.0071,Overload,Minor,234447.0,16153.0,0.0689,Public report,0,0,1,0,1,0.0689,1112.9417,0.06889830110856611,1.0,0.0071
FE-01232,2016,Pipeline,Reinforced Concrete,Coastal Texas,Severe,48,0.0621,Buckling,Major,1597889.0,426168.0,0.2667,Routine inspection,0,0,0,0,3,0.8001,113659.0056,0.2667068863982417,3.0,0.18630000000000002
FE-01233,2016,Bridge,Reinforced Concrete,Rural Mountain,Mild,57,0.0295,Corrosion,Major,992604.0,416614.0,0.4197,Emergency,0,0,0,1,3,1.2591,174852.8958,0.4197182360740033,3.0,0.0885
FE-01234,2014,Bridge,Reinforced Concrete,Coastal Texas,Severe,29,0.0899,Fatigue crack,Major,8209872.0,4124585.0,0.5024,Routine inspection,1,5,0,0,3,1.5071999999999999,2072191.5039999997,0.502393338166539,0.5,0.2697
FE-01235,2023,Bridge,Prestressed Concrete,Industrial Ohio,Moderate,71,0.0338,Corrosion,Minor,195050.0,8381.0,0.043,Routine inspection,0,0,1,0,1,0.043,360.383,0.04296846962317354,1.0,0.0338
FE-01236,2009,Bridge,Composite Steel-Concrete,Coastal California,Moderate,39,0.0464,Overload,Major,1067557.0,385687.0,0.3613,Sensor alert,0,0,1,1,3,1.0839,139348.7131,0.36128000659449566,3.0,0.1392
FE-01237,2023,Pipeline,Composite Steel-Concrete,Urban Northeast,Moderate,77,0.0496,Corrosion,Moderate,1890610.0,431076.0,0.228,Routine inspection,0,0,1,0,2,0.456,98285.32800000001,0.22800894949249184,2.0,0.0992
FE-01238,2012,Bridge,Stainless Steel 316L,Coastal Carolina,Severe,30,0.0121,Corrosion,Minor,1741100.0,78420.0,0.045,Sensor alert,0,0,1,0,1,0.045,3528.9,0.04504049164321406,1.0,0.0121
FE-01239,2012,Bridge,Prestressed Concrete,Coastal Carolina,Severe,19,0.1101,Erosion,Moderate,196696.0,58182.0,0.2958,Sensor alert,1,6,0,0,2,0.5916,17210.2356,0.29579655915727826,0.2857142857142857,0.2202
FE-01240,2022,Bridge,Reinforced Concrete,Industrial New Jersey,Moderate,31,0.0865,Fatigue crack,Minor,1483390.0,100756.0,0.0679,Routine inspection,0,0,1,0,1,0.0679,6841.3324,0.06792279845489049,1.0,0.0865
FE-01241,2016,Bridge,Cast Iron,Industrial Michigan,Moderate,34,0.07,Brittle fracture,Minor,855322.0,43346.0,0.0507,Public report,1,3,1,0,1,0.0507,2197.6422000000002,0.05067799027734584,0.25,0.07
FE-01242,2017,Pipeline,Prestressed Concrete,Industrial New Jersey,Moderate,42,0.0428,Settlement,Moderate,745523.0,115106.0,0.1544,Load test,0,0,1,0,2,0.3088,17772.366400000003,0.15439630970473078,2.0,0.0856
FE-01243,2010,Bridge,Steel (A36),Coastal California,Moderate,39,0.0863,Corrosion,Moderate,1591871.0,422732.0,0.2656,Routine inspection,0,0,1,0,2,0.5312,112277.6192,0.26555669397834375,2.0,0.1726
FE-01244,2010,Bridge,Stainless Steel 316L,Rural Midwest,Mild,27,0.0045,Buckling,Catastrophic,1828330.0,2109524.0,1.1538,Load test,0,0,1,0,4,4.6152,2433968.7912,1.1537982749284867,4.0,0.018
FE-01245,2022,Pipeline,Reinforced Concrete,Rural Midwest,Mild,40,0.0292,Overload,Major,99415.0,61536.0,0.619,Public report,1,15,1,1,3,1.857,38090.784,0.6189810390786099,0.1875,0.0876
FE-01246,2005,Bridge,Steel (A514 HY),Coastal Texas,Severe,39,0.1249,Erosion,Moderate,2352365.0,496218.0,0.2109,Public report,0,0,1,0,2,0.4218,104652.3762,0.21094430498668362,2.0,0.2498
FE-01247,2021,Bridge,Steel (A36),Urban West,Mild,38,0.0459,Fatigue crack,Major,82362.0,29718.0,0.3608,Sensor alert,0,0,0,0,3,1.0824,10722.2544,0.3608217381802287,3.0,0.13770000000000002
FE-01248,2015,Building,Steel (A36),Rural Mountain,Mild,66,0.0108,Erosion,Minor,2366665.0,76773.0,0.0324,Routine inspection,0,0,1,0,1,0.0324,2487.4451999999997,0.03243931861923846,1.0,0.0108
FE-01249,2008,Building,Prestressed Concrete,Coastal Texas,Severe,45,0.1338,Fatigue crack,Moderate,909433.0,272812.0,0.3,Sensor alert,0,0,0,0,2,0.6,81843.59999999999,0.2999803174065599,2.0,0.2676
FE-01250,2005,Building,Steel (A588 Weathering),Coastal Florida,Severe,36,0.0365,Brittle fracture,Major,1457152.0,1015728.0,0.6971,Routine inspection,0,0,1,0,3,2.0913000000000004,708063.9888,0.6970638615600844,3.0,0.10949999999999999
FE-01251,2015,Bridge,Steel (A36),Urban Midwest,Moderate,35,0.036,Corrosion,Moderate,2178905.0,435640.0,0.1999,Emergency,0,0,1,0,2,0.3998,87084.436,0.19993528859679519,2.0,0.072
FE-01252,2017,Bridge,Steel (A588 Weathering),Coastal Texas,Severe,57,0.0632,Brittle fracture,Minor,985166.0,72301.0,0.0734,Sensor alert,1,3,0,0,1,0.0734,5306.893400000001,0.07338966224981373,0.25,0.0632
FE-01253,2019,Bridge,Prestressed Concrete,Pacific Northwest,Mild,63,0.058,Settlement,Moderate,844423.0,162958.0,0.193,Routine inspection,0,0,1,0,2,0.386,31450.894,0.1929814796612598,2.0,0.116
FE-01254,2018,Bridge,Reinforced Concrete,Industrial New Jersey,Moderate,18,0.0423,Fatigue crack,Minor,362040.0,12838.0,0.0355,Routine inspection,1,16,0,0,1,0.0355,455.74899999999997,0.03546017014694509,0.058823529411764705,0.0423
FE-01255,2009,Building,Composite Steel-Concrete,Urban Northeast,Moderate,45,0.0898,Overload,Major,381595.0,267720.0,0.7016,Sensor alert,1,8,0,1,3,2.1048,187832.352,0.701581519674,0.3333333333333333,0.26940000000000003
FE-01256,2014,Building,Steel (A36),Industrial New Jersey,Moderate,41,0.0568,Fatigue crack,Moderate,1201022.0,170305.0,0.1418,Routine inspection,0,0,1,0,2,0.2836,24149.249,0.14180006694298689,2.0,0.1136
FE-01257,2008,Pipeline,Steel (A588 Weathering),Rural South,Mild,54,0.0287,Corrosion,Minor,5379617.0,252705.0,0.047,Sensor alert,0,0,1,0,1,0.047,11877.135,0.04697453368892247,1.0,0.0287
FE-01258,2006,Building,Timber,Industrial Ohio,Moderate,37,0.0797,Overload,Minor,3253356.0,129391.0,0.0398,Emergency,1,2,0,0,1,0.0398,5149.7618,0.039771546673650224,0.3333333333333333,0.0797
FE-01259,2020,Pipeline,Steel (A36),Desert Southwest,Mild,52,0.0213,Fatigue crack,Minor,1777649.0,111898.0,0.0629,Load test,0,0,1,0,1,0.0629,7038.3841999999995,0.06294718473669436,1.0,0.0213
FE-01260,2018,Building,Reinforced Concrete,Rural Midwest,Mild,61,0.0346,Creep,Major,2108014.0,1499838.0,0.7115,Routine inspection,0,0,0,1,3,2.1345,1067134.737,0.7114933771787094,3.0,0.1038
FE-01261,2006,Bridge,Steel (A36),Pacific Northwest,Mild,53,0.0332,Fatigue crack,Major,876886.0,549778.0,0.627,Routine inspection,1,8,0,0,3,1.881,344710.806,0.6269663331379449,0.3333333333333333,0.0996
FE-01262,2005,Bridge,Reinforced Concrete,Coastal Florida,Severe,55,0.083,Fatigue crack,Minor,1213753.0,64887.0,0.0535,Routine inspection,1,7,1,0,1,0.0535,3471.4545,0.053459806072569956,0.125,0.083
FE-01263,2006,Pipeline,FRP Composite,Urban Midwest,Moderate,49,0.048,Settlement,Major,531869.0,242248.0,0.4555,Emergency,0,0,1,1,3,1.3665,110343.964,0.45546553756658126,3.0,0.14400000000000002
FE-01264,2008,Power Plant,Stainless Steel 316L,Urban West,Mild,39,0.0061,Creep,Moderate,343496.0,77615.0,0.226,Load test,0,0,0,0,2,0.452,17540.99,0.22595605188997833,2.0,0.0122
FE-01265,2021,Bridge,Steel (A36),Industrial New Jersey,Moderate,53,0.0902,Fatigue crack,Major,946781.0,408015.0,0.4309,Routine inspection,0,0,1,1,3,1.2927,175813.6635,0.43094971276356414,3.0,0.2706
FE-01266,2005,Bridge,Steel (A588 Weathering),Coastal Carolina,Severe,51,0.0498,Erosion,Catastrophic,1048258.0,985639.0,0.9403,Emergency,0,0,1,1,4,3.7612,926796.3517,0.940263751862614,4.0,0.1992
FE-01267,2017,Bridge,Prestressed Concrete,Pacific Northwest,Mild,39,0.0394,Fatigue crack,Moderate,3830937.0,675666.0,0.1764,Emergency,0,0,0,0,2,0.3528,119187.48240000001,0.1763709505011437,2.0,0.0788
FE-01268,2011,Bridge,Composite Steel-Concrete,Coastal Texas,Severe,36,0.0745,Settlement,Moderate,282841.0,57754.0,0.2042,Public report,0,0,1,0,2,0.4084,11793.3668,0.20419246148896378,2.0,0.149
FE-01269,2008,Bridge,Steel (A36),Coastal Carolina,Severe,57,0.0911,Brittle fracture,Moderate,967081.0,212827.0,0.2201,Emergency,1,9,1,0,2,0.4402,46843.2227,0.2200715348559221,0.2,0.1822
FE-01270,2017,Bridge,Steel (A588 Weathering),Desert Southwest,Mild,46,0.0139,Erosion,Moderate,1343016.0,383157.0,0.2853,Routine inspection,1,25,0,0,2,0.5706,109314.6921,0.2852959309494451,0.07692307692307693,0.0278
FE-01271,2023,Bridge,Prestressed Concrete,Coastal Texas,Severe,66,0.0926,Corrosion,Major,782699.0,550222.0,0.703,Emergency,1,30,1,1,3,2.109,386806.066,0.7029803283254482,0.0967741935483871,0.2778
FE-01272,2007,Power Plant,Reinforced Concrete,Coastal Texas,Severe,35,0.1328,Fatigue crack,Moderate,1003872.0,115216.0,0.1148,Public report,0,0,1,0,2,0.2296,13226.7968,0.11477160434796468,2.0,0.2656
FE-01273,2023,Building,Steel (A588 Weathering),Rural Mountain,Mild,40,0.0106,Buckling,Moderate,4693116.0,577030.0,0.123,Routine inspection,1,16,1,0,2,0.246,70974.69,0.12295242649020395,0.11764705882352941,0.0212
FE-01274,2015,Pipeline,Composite Steel-Concrete,Industrial New Jersey,Moderate,22,0.0624,Fatigue crack,Major,663847.0,301297.0,0.4539,Routine inspection,0,0,0,1,3,1.3617000000000001,136758.7083,0.453865122535765,3.0,0.18719999999999998
FE-01275,2012,Bridge,Reinforced Concrete,Coastal Texas,Severe,55,0.0461,Buckling,Minor,755496.0,19245.0,0.0255,Public report,0,0,0,0,1,0.0255,490.74749999999995,0.025473331427300742,1.0,0.0461
FE-01276,2016,Bridge,Reinforced Concrete,Desert Southwest,Mild,42,0.0133,Settlement,Major,1358808.0,458029.0,0.3371,Emergency,1,2,1,1,3,1.0113,154401.5759,0.3370814714072923,1.0,0.0399
FE-01277,2021,Bridge,Prestressed Concrete,Industrial New Jersey,Moderate,55,0.0765,Fatigue crack,Moderate,524893.0,94102.0,0.1793,Public report,0,0,1,0,2,0.3586,16872.4886,0.1792784434160867,2.0,0.153
FE-01278,2007,Bridge,Steel (A36),Coastal Florida,Severe,47,0.058,Creep,Major,786096.0,380448.0,0.484,Routine inspection,1,20,1,1,3,1.452,184136.832,0.4839714233376076,0.14285714285714285,0.17400000000000002
FE-01279,2023,Pipeline,Steel (A588 Weathering),Industrial Michigan,Moderate,63,0.0307,Overload,Moderate,801672.0,126012.0,0.1572,Load test,0,0,1,0,2,0.3144,19809.0864,0.15718648025626442,2.0,0.0614
FE-01280,2007,Pipeline,Steel (A36),Urban Northeast,Moderate,20,0.0751,Overload,Major,388480.0,286277.0,0.7369,Routine inspection,0,0,1,0,3,2.2107,210957.5213,0.7369156713344316,3.0,0.2253
FE-01281,2014,Bridge,Stainless Steel 316L,Urban Northeast,Moderate,33,0.0062,Buckling,Major,2741258.0,1359258.0,0.4959,Emergency,0,0,0,1,3,1.4877,674056.0422,0.495851904490566,3.0,0.0186
FE-01282,2023,Bridge,Reinforced Concrete,Urban West,Mild,63,0.0557,Corrosion,Moderate,144165.0,40022.0,0.2776,Emergency,1,20,0,0,2,0.5552,11110.1072,0.27761245794749073,0.09523809523809523,0.1114
FE-01283,2009,Bridge,Reinforced Concrete,Coastal California,Moderate,42,0.0573,Brittle fracture,Moderate,5040131.0,738677.0,0.1466,Routine inspection,0,0,1,0,2,0.2932,108290.0482,0.14655908745229043,2.0,0.1146
FE-01284,2011,Building,Timber,Urban Northeast,Moderate,38,0.035,Corrosion,Catastrophic,2991110.0,2398634.0,0.8019,Emergency,1,3,1,0,4,3.2076,1923464.6046,0.8019210259736352,1.0,0.14
FE-01285,2022,Pipeline,Reinforced Concrete,Desert Southwest,Mild,31,0.0216,Overload,Major,329522.0,198541.0,0.6025,Routine inspection,0,0,1,1,3,1.8075,119620.95250000001,0.6025121236214881,3.0,0.0648
FE-01286,2011,Pipeline,Reinforced Concrete,Rural South,Mild,31,0.0464,Brittle fracture,Moderate,74290.0,18099.0,0.2436,Emergency,0,0,1,0,2,0.4872,4408.9164,0.24362632925023556,2.0,0.0928
FE-01287,2017,Pipeline,Steel (A36),Coastal California,Moderate,18,0.0449,Overload,Major,137500.0,59067.0,0.4296,Emergency,0,0,0,0,3,1.2888,25375.1832,0.4295781818181818,3.0,0.13470000000000001
FE-01288,2009,Bridge,Prestressed Concrete,Rural Mountain,Mild,63,0.0275,Fatigue crack,Major,749093.0,476553.0,0.6362,Routine inspection,0,0,1,0,3,1.9085999999999999,303183.0186,0.6361733456326517,3.0,0.0825
FE-01289,2023,Pipeline,Steel (A588 Weathering),Desert Southwest,Mild,40,0.0119,Fatigue crack,Major,668000.0,221106.0,0.331,Routine inspection,0,0,0,1,3,0.9930000000000001,73186.08600000001,0.33099700598802395,3.0,0.0357
FE-01290,2011,Bridge,Steel (A36),Coastal Texas,Severe,34,0.0828,Creep,Minor,1140828.0,78002.0,0.0684,Emergency,1,38,1,0,1,0.0684,5335.3368,0.06837314652164919,0.02564102564102564,0.0828
FE-01291,2014,Building,Prestressed Concrete,Rural South,Mild,50,0.0248,Corrosion,Major,94045.0,53295.0,0.5667,Routine inspection,0,0,1,0,3,1.7001,30202.2765,0.5666967940879366,3.0,0.0744
FE-01292,2009,Power Plant,Steel (A36),Rural Mountain,Mild,53,0.025,Brittle fracture,Major,1470996.0,813362.0,0.5529,Emergency,1,34,0,1,3,1.6586999999999998,449707.84979999997,0.5529328427813536,0.08571428571428572,0.07500000000000001
FE-01293,2020,Bridge,Reinforced Concrete,Coastal California,Moderate,67,0.0896,Brittle fracture,Moderate,529089.0,129022.0,0.2439,Routine inspection,0,0,1,0,2,0.4878,31468.4658,0.24385689364171245,2.0,0.1792
FE-01294,2012,Pipeline,Steel (A36),Desert Southwest,Mild,19,0.0241,Creep,Minor,279610.0,14661.0,0.0524,Public report,0,0,1,0,1,0.0524,768.2364,0.05243374700475663,1.0,0.0241
FE-01295,2017,Bridge,Steel (A588 Weathering),Urban West,Mild,33,0.0288,Fatigue crack,Minor,2182183.0,92443.0,0.0424,Sensor alert,0,0,1,0,1,0.0424,3919.5832,0.04236262494941992,1.0,0.0288
FE-01296,2010,Pipeline,Reinforced Concrete,Coastal California,Moderate,27,0.0832,Overload,Minor,1955877.0,112449.0,0.0575,Load test,0,0,0,0,1,0.0575,6465.8175,0.0574928791534437,1.0,0.0832
FE-01297,2007,Building,Steel (A588 Weathering),Rural South,Mild,48,0.0193,Brittle fracture,Minor,893098.0,50647.0,0.0567,Public report,1,2,1,0,1,0.0567,2871.6849,0.056709342087878374,0.3333333333333333,0.0193
FE-01298,2008,Bridge,Steel (A36),Industrial New Jersey,Moderate,46,0.0773,Fatigue crack,Moderate,11198545.0,2897596.0,0.2587,Routine inspection,0,0,1,0,2,0.5174,749608.0852,0.25874754264951383,2.0,0.1546
FE-01299,2007,Building,Steel (A36),Rural South,Mild,34,0.0396,Settlement,Major,846944.0,364595.0,0.4305,Routine inspection,1,54,1,1,3,1.2915,156958.1475,0.430483007140968,0.05454545454545454,0.11880000000000002
FE-01300,2010,Bridge,Reinforced Concrete,Industrial New Jersey,Moderate,44,0.0606,Overload,Moderate,850247.0,102512.0,0.1206,Public report,1,5,1,0,2,0.2412,12362.9472,0.12056731749715083,0.3333333333333333,0.1212
FE-01301,2016,Building,Reinforced Concrete,Coastal Florida,Severe,33,0.0817,Fatigue crack,Minor,2247356.0,154248.0,0.0686,Routine inspection,0,0,1,0,1,0.0686,10581.412799999998,0.06863532079474725,1.0,0.0817
FE-01302,2006,Bridge,Steel (A36),Urban Midwest,Moderate,27,0.0454,Settlement,Minor,1037579.0,48499.0,0.0467,Emergency,0,0,1,0,1,0.0467,2264.9033,0.04674246491110556,1.0,0.0454
FE-01303,2005,Bridge,Reinforced Concrete,Coastal Florida,Severe,41,0.1467,Settlement,Major,1593964.0,1047847.0,0.6574,Routine inspection,0,0,1,1,3,1.9722,688854.6178,0.6573843574886259,3.0,0.4401
FE-01304,2011,Bridge,Prestressed Concrete,Coastal Carolina,Severe,81,0.068,Fatigue crack,Minor,2161164.0,99128.0,0.0459,Load test,1,7,1,0,1,0.0459,4549.975200000001,0.045867874904449636,0.125,0.068
FE-01305,2007,Power Plant,Steel (A36),Pacific Northwest,Mild,56,0.0531,Brittle fracture,Catastrophic,891316.0,1172767.0,1.3158,Routine inspection,1,19,1,1,4,5.2632,1543126.8186,1.3157701645656534,0.2,0.2124
FE-01306,2007,Building,Timber,Rural Midwest,Mild,46,0.0285,Fatigue crack,Minor,2878021.0,82388.0,0.0286,Sensor alert,0,0,1,0,1,0.0286,2356.2968,0.028626615302668048,1.0,0.0285
FE-01307,2017,Building,Steel (A36),Rural South,Mild,30,0.0205,Fatigue crack,Minor,1437801.0,84538.0,0.0588,Sensor alert,1,10,0,0,1,0.0588,4970.8344,0.05879673195386566,0.09090909090909091,0.0205
FE-01308,2023,Building,Timber,Coastal Texas,Severe,60,0.083,Fatigue crack,Minor,3446513.0,141956.0,0.0412,Public report,0,0,0,0,1,0.0412,5848.5872,0.04118829669291832,1.0,0.083
FE-01309,2011,Pipeline,Reinforced Concrete,Urban Midwest,Moderate,55,0.0529,Settlement,Minor,396415.0,29214.0,0.0737,Sensor alert,0,0,0,0,1,0.0737,2153.0718,0.073695495881841,1.0,0.0529
FE-01310,2011,Pipeline,Steel (A36),Urban West,Mild,28,0.0494,Overload,Minor,1218027.0,84547.0,0.0694,Load test,1,4,1,0,1,0.0694,5867.5618,0.0694130754080164,0.2,0.0494
FE-01311,2022,Bridge,Cast Iron,Rural Mountain,Mild,50,0.0225,Creep,Major,199768.0,133705.0,0.6693,Emergency,1,16,1,1,3,2.0079000000000002,89488.7565,0.6693013896119498,0.17647058823529413,0.0675
FE-01312,2007,Bridge,Reinforced Concrete,Rural Midwest,Mild,28,0.0302,Overload,Major,3343759.0,1548304.0,0.463,Sensor alert,0,0,1,1,3,1.389,716864.752,0.46304294059470197,3.0,0.0906
FE-01313,2009,Building,Steel (A36),Urban Midwest,Moderate,40,0.0552,Fatigue crack,Moderate,2067280.0,586535.0,0.2837,Routine inspection,0,0,1,0,2,0.5674,166399.97950000002,0.2837230563832669,2.0,0.1104
FE-01314,2016,Pipeline,Steel (A36),Urban West,Mild,50,0.0374,Creep,Major,1701772.0,929796.0,0.5464,Routine inspection,0,0,1,0,3,1.6392,508040.5344,0.5463693138681327,3.0,0.11220000000000001
FE-01315,2015,Pipeline,Prestressed Concrete,Industrial Ohio,Moderate,59,0.0822,Corrosion,Major,1079041.0,408460.0,0.3785,Public report,1,47,1,1,3,1.1355,154602.11000000002,0.3785398330554631,0.0625,0.24659999999999999
FE-01316,2023,Bridge,Steel (A514 HY),Industrial New Jersey,Moderate,70,0.0625,Corrosion,Minor,1211304.0,87813.0,0.0725,Emergency,0,0,1,0,1,0.0725,6366.442499999999,0.07249460085989974,1.0,0.0625
FE-01317,2007,Pipeline,Steel (A36),Industrial Michigan,Moderate,54,0.0806,Fatigue crack,Moderate,1029675.0,140558.0,0.1365,Routine inspection,1,0,1,0,2,0.273,19186.167,0.1365071503144196,2.0,0.1612
FE-01318,2008,Bridge,Prestressed Concrete,Coastal Carolina,Severe,63,0.0698,Corrosion,Minor,484224.0,23502.0,0.0485,Sensor alert,0,0,1,0,1,0.0485,1139.847,0.048535388580491674,1.0,0.0698
FE-01319,2008,Building,Aluminium Alloy,Rural South,Mild,38,0.0384,Overload,Major,1324887.0,752946.0,0.5683,Sensor alert,0,0,1,0,3,1.7049,427899.21180000005,0.568309599233746,3.0,0.1152
FE-01320,2013,Bridge,Timber,Industrial New Jersey,Moderate,61,0.0556,Corrosion,Moderate,2177462.0,483548.0,0.2221,Routine inspection,1,4,0,0,2,0.4442,107396.01079999999,0.22206954702309387,0.4,0.1112
FE-01321,2007,Bridge,Steel (A36),Urban West,Mild,44,0.0309,Corrosion,Major,906225.0,606160.0,0.6689,Sensor alert,1,1,1,1,3,2.0067000000000004,405460.42400000006,0.6688846588871417,1.5,0.0927
FE-01322,2013,Bridge,Composite Steel-Concrete,Rural Mountain,Mild,44,0.0242,Fatigue crack,Minor,865788.0,59958.0,0.0693,Routine inspection,0,0,1,0,1,0.0693,4155.0894,0.06925251909243371,1.0,0.0242
FE-01323,2007,Pipeline,Steel (A36),Industrial Michigan,Moderate,58,0.0643,Corrosion,Moderate,14559731.0,2239104.0,0.1538,Public report,0,0,1,0,2,0.3076,344374.19519999996,0.1537874566501263,2.0,0.1286
FE-01324,2012,Power Plant,Composite Steel-Concrete,Industrial Michigan,Moderate,14,0.0841,Brittle fracture,Major,994599.0,449738.0,0.4522,Public report,0,0,1,1,3,1.3566,203371.5236,0.4521802253973712,3.0,0.25229999999999997
FE-01325,2012,Building,Aluminium Alloy,Coastal California,Moderate,30,0.0686,Fatigue crack,Moderate,932891.0,116674.0,0.1251,Public report,1,5,1,0,2,0.2502,14595.917399999998,0.1250671300291245,0.3333333333333333,0.1372
FE-01326,2017,Bridge,Composite Steel-Concrete,Rural Mountain,Mild,17,0.0272,Fatigue crack,Major,461822.0,154588.0,0.3347,Routine inspection,1,37,1,0,3,1.0041,51740.6036,0.33473502778126635,0.07894736842105263,0.08159999999999999
FE-01327,2017,Power Plant,Composite Steel-Concrete,Pacific Northwest,Mild,42,0.0417,Settlement,Catastrophic,2676579.0,1696964.0,0.634,Sensor alert,0,0,0,1,4,2.536,1075875.176,0.6340048248155574,4.0,0.1668
FE-01328,2013,Building,Prestressed Concrete,Rural Midwest,Mild,46,0.0384,Corrosion,Minor,1864993.0,55025.0,0.0295,Sensor alert,0,0,1,0,1,0.0295,1623.2375,0.02950413218709132,1.0,0.0384
FE-01329,2005,Pipeline,Composite Steel-Concrete,Rural Midwest,Mild,56,0.04,Buckling,Major,232580.0,95627.0,0.4112,Sensor alert,0,0,1,0,3,1.2336,39321.822400000005,0.41115745119958724,3.0,0.12
FE-01330,2015,Bridge,Steel (A588 Weathering),Urban Midwest,Moderate,64,0.0331,Fatigue crack,Moderate,2753568.0,617077.0,0.2241,Load test,1,1,1,0,2,0.4482,138286.9557,0.22410087566386594,1.0,0.0662
FE-01331,2021,Power Plant,Steel (A588 Weathering),Coastal Texas,Severe,53,0.0422,Erosion,Minor,1296325.0,45297.0,0.0349,Routine inspection,0,0,0,0,1,0.0349,1580.8653,0.034942626270418296,1.0,0.0422
FE-01332,2008,Bridge,Steel (A36),Coastal Carolina,Severe,43,0.0443,Corrosion,Moderate,1061095.0,242282.0,0.2283,Public report,0,0,1,0,2,0.4566,55312.9806,0.22833205320918484,2.0,0.0886
FE-01333,2018,Bridge,Steel (A588 Weathering),Rural Midwest,Mild,36,0.01,Overload,Minor,1235828.0,76290.0,0.0617,Routine inspection,0,0,1,0,1,0.0617,4707.093,0.06173189149299094,1.0,0.01
FE-01334,2009,Pipeline,Timber,Industrial Ohio,Moderate,66,0.0357,Corrosion,Major,2038989.0,1083671.0,0.5315,Public report,1,7,0,0,3,1.5945,575971.1365,0.5314746671021766,0.375,0.1071
FE-01335,2019,Bridge,Prestressed Concrete,Coastal California,Moderate,54,0.0777,Fatigue crack,Minor,143774.0,9497.0,0.0661,Emergency,0,0,1,0,1,0.0661,627.7517,0.06605505863368899,1.0,0.0777
FE-01336,2015,Bridge,Reinforced Concrete,Rural South,Mild,62,0.0308,Settlement,Minor,753382.0,54015.0,0.0717,Sensor alert,1,12,0,0,1,0.0717,3872.8755,0.07169669570018929,0.07692307692307693,0.0308
FE-01337,2013,Pipeline,Aluminium Alloy,Coastal Carolina,Severe,57,0.0691,Erosion,Major,742665.0,360852.0,0.4859,Routine inspection,1,1,1,0,3,1.4577,175337.9868,0.4858879844882955,1.5,0.20729999999999998
FE-01338,2014,Building,Prestressed Concrete,Pacific Northwest,Mild,53,0.0321,Brittle fracture,Minor,2018567.0,98521.0,0.0488,Routine inspection,0,0,0,0,1,0.0488,4807.8248,0.048807396534274065,1.0,0.0321
FE-01339,2005,Bridge,Steel (A36),Rural Midwest,Mild,30,0.0344,Creep,Minor,2723038.0,160792.0,0.059,Public report,0,0,0,0,1,0.059,9486.728,0.05904875363472709,1.0,0.0344
FE-01340,2011,Bridge,Steel (A36),Rural Midwest,Mild,47,0.0392,Corrosion,Minor,1043623.0,58268.0,0.0558,Public report,0,0,1,0,1,0.0558,3251.3544,0.055832422244431176,1.0,0.0392
FE-01341,2020,Bridge,Prestressed Concrete,Industrial New Jersey,Moderate,15,0.0391,Overload,Moderate,1382640.0,260800.0,0.1886,Sensor alert,0,0,1,0,2,0.3772,49186.88,0.1886246600705896,2.0,0.0782
FE-01342,2022,Building,Reinforced Concrete,Urban Northeast,Moderate,69,0.0803,Corrosion,Moderate,1083530.0,221811.0,0.2047,Sensor alert,0,0,1,0,2,0.4094,45404.7117,0.20471145238249056,2.0,0.1606
FE-01343,2018,Bridge,Steel (A588 Weathering),Coastal Texas,Severe,43,0.044,Fatigue crack,Moderate,593580.0,156623.0,0.2639,Routine inspection,1,24,1,0,2,0.5278,41332.809700000005,0.26386165302065434,0.08,0.088
FE-01344,2019,Power Plant,Timber,Urban West,Mild,35,0.0245,Corrosion,Catastrophic,810291.0,794719.0,0.9808,Sensor alert,1,2,1,1,4,3.9232,779460.3952,0.9807822128099658,1.3333333333333333,0.098
FE-01345,2017,Pipeline,Prestressed Concrete,Pacific Northwest,Mild,78,0.052,Creep,Moderate,2916483.0,502147.0,0.1722,Public report,0,0,1,0,2,0.3444,86469.7134,0.17217552785323967,2.0,0.104
FE-01346,2021,Bridge,Stainless Steel 316L,Industrial Michigan,Moderate,73,0.0082,Brittle fracture,Minor,8270748.0,594300.0,0.0719,Routine inspection,0,0,1,0,1,0.0719,42730.170000000006,0.0718556532008955,1.0,0.0082
FE-01347,2014,Bridge,Prestressed Concrete,Rural South,Mild,42,0.0349,Corrosion,Moderate,2656382.0,709752.0,0.2672,Public report,0,0,1,0,2,0.5344,189645.7344,0.2671874752953453,2.0,0.0698
FE-01348,2017,Pipeline,Steel (A588 Weathering),Industrial Michigan,Moderate,51,0.0158,Corrosion,Moderate,4925522.0,1290262.0,0.262,Routine inspection,0,0,1,0,2,0.524,338048.64400000003,0.2619543674761782,2.0,0.0316
FE-01349,2016,Pipeline,Composite Steel-Concrete,Urban Northeast,Moderate,32,0.0399,Creep,Moderate,1972216.0,285579.0,0.1448,Routine inspection,0,0,0,0,2,0.2896,41351.8392,0.14480107655550914,2.0,0.0798
FE-01350,2014,Power Plant,Prestressed Concrete,Industrial Ohio,Moderate,43,0.0841,Creep,Moderate,174641.0,19153.0,0.1097,Load test,0,0,1,0,2,0.2194,2101.0841,0.10967069588470062,2.0,0.1682
FE-01351,2022,Power Plant,Steel (A36),Industrial Michigan,Moderate,41,0.0691,Corrosion,Major,2257806.0,1123199.0,0.4975,Public report,0,0,1,0,3,1.4925,558791.5025,0.49747365362657375,3.0,0.20729999999999998
FE-01352,2005,Bridge,Steel (A36),Desert Southwest,Mild,29,0.0196,Creep,Moderate,3627906.0,1044022.0,0.2878,Routine inspection,0,0,0,0,2,0.5756,300469.5316,0.28777537234977973,2.0,0.0392
FE-01353,2023,Pipeline,Prestressed Concrete,Coastal Carolina,Severe,33,0.1043,Corrosion,Moderate,4178929.0,1242619.0,0.2974,Public report,0,0,0,0,2,0.5948,369554.8906,0.29735346065941776,2.0,0.2086
FE-01354,2021,Bridge,Steel (A36),Rural Mountain,Mild,22,0.0115,Brittle fracture,Moderate,447932.0,77266.0,0.1725,Emergency,0,0,1,0,2,0.345,13328.384999999998,0.17249493226650472,2.0,0.023
FE-01355,2007,Pipeline,Prestressed Concrete,Coastal Carolina,Severe,76,0.0584,Corrosion,Major,360362.0,230452.0,0.6395,Routine inspection,0,0,1,1,3,1.9184999999999999,147374.054,0.6395013902686743,3.0,0.1752
FE-01356,2017,Bridge,Steel (A36),Coastal California,Moderate,44,0.0874,Fatigue crack,Moderate,558651.0,56432.0,0.101,Load test,1,7,0,0,2,0.202,5699.6320000000005,0.10101476592720679,0.25,0.1748
FE-01357,2020,Building,Reinforced Concrete,Pacific Northwest,Mild,54,0.0359,Fatigue crack,Minor,730808.0,22899.0,0.0313,Sensor alert,1,9,0,0,1,0.0313,716.7387,0.03133381134306138,0.1,0.0359
FE-01358,2010,Bridge,Reinforced Concrete,Coastal Texas,Severe,16,0.0746,Corrosion,Moderate,1794137.0,460311.0,0.2566,Sensor alert,0,0,1,0,2,0.5132,118115.8026,0.25656401935861084,2.0,0.1492
FE-01359,2023,Pipeline,Prestressed Concrete,Urban Northeast,Moderate,50,0.067,Overload,Moderate,900554.0,187030.0,0.2077,Load test,0,0,0,0,2,0.4154,38846.131,0.20768327052014648,2.0,0.134
FE-01360,2005,Bridge,Steel (A588 Weathering),Desert Southwest,Mild,33,0.006,Corrosion,Minor,1149341.0,46124.0,0.0401,Sensor alert,1,2,1,0,1,0.0401,1849.5723999999998,0.040130822793235425,0.3333333333333333,0.006
FE-01361,2021,Bridge,Prestressed Concrete,Coastal California,Moderate,37,0.0406,Buckling,Minor,311560.0,20112.0,0.0646,Sensor alert,0,0,0,0,1,0.0646,1299.2352,0.0645525741430222,1.0,0.0406
FE-01362,2011,Bridge,Steel (A36),Desert Southwest,Mild,51,0.0291,Creep,Moderate,554872.0,108778.0,0.196,Routine inspection,1,96,1,0,2,0.392,21320.488,0.19604160959644748,0.020618556701030927,0.0582
FE-01363,2017,Bridge,Timber,Industrial Michigan,Moderate,57,0.0427,Corrosion,Moderate,621697.0,140732.0,0.2264,Emergency,0,0,1,0,2,0.4528,31861.7248,0.2263675070009989,2.0,0.0854
FE-01364,2015,Power Plant,Reinforced Concrete,Rural Mountain,Mild,15,0.0201,Buckling,Minor,769193.0,43657.0,0.0568,Routine inspection,0,0,1,0,1,0.0568,2479.7176,0.05675688676314007,1.0,0.0201
FE-01365,2012,Pipeline,Aluminium Alloy,Rural Mountain,Mild,62,0.0171,Corrosion,Catastrophic,790426.0,532878.0,0.6742,Public report,1,8,1,1,4,2.6968,359266.34760000004,0.6741655765372091,0.4444444444444444,0.0684
FE-01366,2010,Power Plant,Steel (A36),Coastal Florida,Severe,24,0.0743,Settlement,Moderate,804856.0,107527.0,0.1336,Routine inspection,0,0,1,0,2,0.2672,14365.6072,0.13359781128549703,2.0,0.1486
FE-01367,2005,Bridge,Composite Steel-Concrete,Rural South,Mild,29,0.0467,Buckling,Major,564721.0,372688.0,0.66,Public report,1,3,0,1,3,1.98,245974.08000000002,0.6599506659040482,0.75,0.1401
FE-01368,2023,Bridge,Prestressed Concrete,Coastal Carolina,Severe,61,0.0642,Overload,Minor,695595.0,17599.0,0.0253,Sensor alert,1,11,1,0,1,0.0253,445.2547,0.025300641896505868,0.08333333333333333,0.0642
FE-01369,2023,Power Plant,Steel (A36),Coastal Florida,Severe,49,0.1336,Brittle fracture,Major,1189660.0,467293.0,0.3928,Sensor alert,0,0,0,0,3,1.1784,183552.6904,0.39279542054032246,3.0,0.4008
FE-01370,2020,Bridge,Prestressed Concrete,Industrial Michigan,Moderate,28,0.0601,Overload,Major,2028648.0,833685.0,0.411,Routine inspection,0,0,1,1,3,1.2329999999999999,342644.535,0.4109559667325233,3.0,0.18030000000000002
FE-01371,2018,Bridge,Composite Steel-Concrete,Industrial Ohio,Moderate,40,0.0697,Corrosion,Major,2614619.0,1589440.0,0.6079,Routine inspection,0,0,1,1,3,1.8237,966220.576,0.6079050140766207,3.0,0.2091
FE-01372,2021,Bridge,Prestressed Concrete,Industrial Michigan,Moderate,44,0.0859,Fatigue crack,Moderate,262879.0,67615.0,0.2572,Routine inspection,1,36,0,0,2,0.5144,17390.577999999998,0.25720959072424954,0.05405405405405406,0.1718
FE-01373,2013,Pipeline,Reinforced Concrete,Industrial Michigan,Moderate,43,0.0616,Fatigue crack,Moderate,3509281.0,1001593.0,0.2854,Load test,0,0,1,0,2,0.5708,285854.6422,0.28541259591352186,2.0,0.1232
FE-01374,2013,Bridge,Reinforced Concrete,Pacific Northwest,Mild,15,0.032,Fatigue crack,Major,755755.0,431201.0,0.5706,Public report,0,0,1,1,3,1.7118,246043.2906,0.5705565957221587,3.0,0.096
FE-01375,2006,Bridge,Steel (A588 Weathering),Rural Midwest,Mild,47,0.0137,Fatigue crack,Major,1447970.0,923548.0,0.6378,Sensor alert,1,12,1,1,3,1.9134000000000002,589038.9144,0.6378226068219646,0.23076923076923078,0.0411
FE-01376,2009,Power Plant,Steel (A36),Rural Midwest,Mild,34,0.0445,Brittle fracture,Catastrophic,1048701.0,1284937.0,1.2253,Sensor alert,1,7,1,1,4,4.9012,1574433.3061000002,1.2252653520879642,0.5,0.178
FE-01377,2005,Bridge,Steel (A36),Coastal Carolina,Severe,64,0.0568,Fatigue crack,Minor,10279284.0,653954.0,0.0636,Sensor alert,1,21,1,0,1,0.0636,41591.4744,0.0636186333600667,0.045454545454545456,0.0568
FE-01378,2021,Pipeline,Steel (A36),Desert Southwest,Mild,42,0.0142,Corrosion,Moderate,406992.0,44464.0,0.1093,Routine inspection,0,0,1,0,2,0.2186,4859.9151999999995,0.10925030467429335,2.0,0.0284
FE-01379,2016,Bridge,Reinforced Concrete,Urban Northeast,Moderate,35,0.0329,Brittle fracture,Moderate,1470517.0,242065.0,0.1646,Routine inspection,0,0,1,0,2,0.3292,39843.899,0.16461217381369952,2.0,0.0658
FE-01380,2021,Building,Steel (A36),Industrial New Jersey,Moderate,35,0.0387,Buckling,Major,726180.0,389540.0,0.5364,Public report,0,0,0,0,3,1.6092,208949.256,0.5364234762731004,3.0,0.1161
FE-01381,2012,Building,Composite Steel-Concrete,Coastal Carolina,Severe,58,0.0495,Erosion,Moderate,3771693.0,772659.0,0.2049,Public report,0,0,1,0,2,0.4098,158317.8291,0.20485734125232355,2.0,0.099
FE-01382,2009,Power Plant,Steel (A36),Rural Mountain,Mild,49,0.0115,Corrosion,Moderate,4343295.0,485145.0,0.1117,Load test,0,0,1,0,2,0.2234,54190.6965,0.1116997579026983,2.0,0.023
FE-01383,2016,Power Plant,Prestressed Concrete,Industrial New Jersey,Moderate,55,0.1045,Fatigue crack,Moderate,844043.0,207325.0,0.2456,Sensor alert,0,0,1,0,2,0.4912,50919.020000000004,0.2456332201084542,2.0,0.209
FE-01384,2005,Bridge,Steel (A36),Pacific Northwest,Mild,47,0.0421,Corrosion,Major,1598785.0,459105.0,0.2872,Sensor alert,0,0,1,1,3,0.8616,131854.956,0.2871586861272779,3.0,0.1263
FE-01385,2017,Building,Reinforced Concrete,Coastal Florida,Severe,56,0.1375,Fatigue crack,Major,912539.0,410792.0,0.4502,Sensor alert,0,0,0,1,3,1.3506,184938.5584,0.4501637738222695,3.0,0.41250000000000003
FE-01386,2021,Bridge,Steel (A36),Rural South,Mild,60,0.0558,Corrosion,Minor,1264529.0,40082.0,0.0317,Load test,0,0,0,0,1,0.0317,1270.5994,0.031697177368016076,1.0,0.0558
FE-01387,2017,Bridge,Steel (A588 Weathering),Coastal Carolina,Severe,30,0.0464,Overload,Moderate,395652.0,106037.0,0.268,Load test,0,0,0,0,2,0.536,28417.916,0.26800572220031743,2.0,0.0928
FE-01388,2012,Power Plant,Prestressed Concrete,Urban West,Mild,34,0.0236,Corrosion,Minor,2166136.0,96180.0,0.0444,Load test,0,0,0,0,1,0.0444,4270.392,0.04440164421809157,1.0,0.0236
FE-01389,2009,Bridge,Reinforced Concrete,Coastal Texas,Severe,24,0.0769,Corrosion,Moderate,1171420.0,199513.0,0.1703,Public report,0,0,1,0,2,0.3406,33977.0639,0.17031722183333048,2.0,0.1538
FE-01390,2016,Pipeline,Composite Steel-Concrete,Rural Midwest,Mild,77,0.0323,Brittle fracture,Minor,241813.0,17463.0,0.0722,Routine inspection,0,0,1,0,1,0.0722,1260.8286,0.0722169610401426,1.0,0.0323
FE-01391,2006,Power Plant,Reinforced Concrete,Rural Mountain,Mild,85,0.0287,Creep,Moderate,1129097.0,208255.0,0.1844,Routine inspection,0,0,1,0,2,0.3688,38402.222,0.1844438520339705,2.0,0.0574
FE-01392,2018,Bridge,Steel (A36),Urban Midwest,Moderate,52,0.0426,Overload,Major,1319511.0,444725.0,0.337,Routine inspection,1,19,1,0,3,1.0110000000000001,149872.325,0.3370377359491509,0.15,0.1278
FE-01393,2016,Bridge,Steel (A588 Weathering),Rural Midwest,Mild,41,0.0179,Fatigue crack,Moderate,10392356.0,2201087.0,0.2118,Routine inspection,1,6,0,0,2,0.4236,466190.2266,0.21179865277902335,0.2857142857142857,0.0358
FE-01394,2018,Building,FRP Composite,Urban Northeast,Moderate,43,0.037,Corrosion,Major,2626404.0,1114378.0,0.4243,Sensor alert,0,0,1,1,3,1.2729,472830.58540000004,0.42429801355770097,3.0,0.11099999999999999
FE-01395,2005,Bridge,Steel (A36),Rural Mountain,Mild,49,0.0101,Corrosion,Minor,5366208.0,198942.0,0.0371,Load test,0,0,1,0,1,0.0371,7380.7482,0.037073106372321016,1.0,0.0101
FE-01396,2023,Power Plant,Steel (A588 Weathering),Urban Northeast,Moderate,41,0.0406,Fatigue crack,Minor,5801622.0,329953.0,0.0569,Emergency,0,0,1,0,1,0.0569,18774.3257,0.05687254357488302,1.0,0.0406
FE-01397,2016,Building,Steel (A36),Coastal Texas,Severe,41,0.1337,Creep,Catastrophic,1146475.0,711538.0,0.6206,Routine inspection,0,0,1,0,4,2.4824,441580.48280000006,0.6206310647855383,4.0,0.5348
FE-01398,2008,Bridge,Prestressed Concrete,Coastal Florida,Severe,35,0.1443,Creep,Minor,477537.0,31286.0,0.0655,Routine inspection,0,0,1,0,1,0.0655,2049.233,0.06551534226667254,1.0,0.1443
FE-01399,2020,Bridge,Timber,Pacific Northwest,Mild,52,0.0491,Brittle fracture,Major,121448.0,33233.0,0.2736,Load test,0,0,0,1,3,0.8208,9092.5488,0.27363974705223637,3.0,0.1473
FE-01400,2023,Pipeline,Reinforced Concrete,Industrial Michigan,Moderate,47,0.0413,Buckling,Major,4180319.0,2433428.0,0.5821,Emergency,0,0,0,1,3,1.7462999999999997,1416498.4388,0.5821153840173441,3.0,0.12390000000000001
FE-01401,2019,Bridge,Reinforced Concrete,Industrial Michigan,Moderate,59,0.0396,Overload,Moderate,651401.0,91559.0,0.1406,Sensor alert,0,0,0,0,2,0.2812,12873.1954,0.1405570455065313,2.0,0.0792
FE-01402,2021,Bridge,Reinforced Concrete,Industrial Ohio,Moderate,34,0.0464,Fatigue crack,Moderate,361955.0,66766.0,0.1845,Sensor alert,1,8,1,0,2,0.369,12318.327,0.1844593941235789,0.2222222222222222,0.0928
FE-01403,2011,Power Plant,Timber,Urban Northeast,Moderate,37,0.0802,Fatigue crack,Major,6967753.0,4336115.0,0.6223,Public report,0,0,1,1,3,1.8668999999999998,2698364.3644999997,0.6223118127178159,3.0,0.24059999999999998
FE-01404,2020,Building,Steel (A36),Pacific Northwest,Mild,22,0.0265,Brittle fracture,Minor,2255918.0,73723.0,0.0327,Emergency,0,0,1,0,1,0.0327,2410.7421,0.03267982258220378,1.0,0.0265
FE-01405,2007,Pipeline,Steel (A36),Industrial Michigan,Moderate,54,0.0313,Fatigue crack,Moderate,607517.0,128774.0,0.212,Routine inspection,1,21,1,0,2,0.424,27300.088,0.21196773094415464,0.09090909090909091,0.0626
FE-01406,2012,Bridge,Steel (A514 HY),Desert Southwest,Mild,39,0.0133,Erosion,Minor,665559.0,26791.0,0.0403,Routine inspection,0,0,0,0,1,0.0403,1079.6773,0.04025338099251907,1.0,0.0133
FE-01407,2009,Bridge,Prestressed Concrete,Rural Mountain,Mild,57,0.0241,Fatigue crack,Major,882910.0,594255.0,0.6731,Sensor alert,0,0,1,1,3,2.0193000000000003,399993.0405,0.6730640722157412,3.0,0.0723
FE-01408,2018,Building,Reinforced Concrete,Coastal Carolina,Severe,26,0.0776,Corrosion,Moderate,3781489.0,693979.0,0.1835,Public report,0,0,1,0,2,0.367,127345.1465,0.18352003668396233,2.0,0.1552
FE-01409,2013,Building,Reinforced Concrete,Pacific Northwest,Mild,71,0.0256,Settlement,Major,1011565.0,586891.0,0.5802,Sensor alert,0,0,1,0,3,1.7406000000000001,340514.1582,0.5801812043714443,3.0,0.07680000000000001
FE-01410,2008,Pipeline,Stainless Steel 316L,Industrial Michigan,Moderate,40,0.0071,Fatigue crack,Moderate,73194.0,11298.0,0.1544,Routine inspection,0,0,1,0,2,0.3088,1744.4112,0.15435691450118863,2.0,0.0142
FE-01411,2013,Building,Steel (A514 HY),Rural Mountain,Mild,55,0.0164,Fatigue crack,Moderate,597142.0,65123.0,0.1091,Routine inspection,1,8,1,0,2,0.2182,7104.9193000000005,0.10905781204470628,0.2222222222222222,0.0328
FE-01412,2019,Pipeline,Steel (A36),Coastal Florida,Severe,26,0.054,Creep,Minor,667669.0,41331.0,0.0619,Routine inspection,0,0,1,0,1,0.0619,2558.3889,0.06190342819570775,1.0,0.054
FE-01413,2006,Bridge,Prestressed Concrete,Rural Mountain,Mild,25,0.0216,Corrosion,Moderate,12185384.0,1892701.0,0.1553,Sensor alert,0,0,0,0,2,0.3106,293936.4653,0.15532551128466693,2.0,0.0432
FE-01414,2010,Bridge,Cast Iron,Rural Midwest,Mild,43,0.0349,Creep,Moderate,451334.0,54288.0,0.1203,Routine inspection,0,0,1,0,2,0.2406,6530.8464,0.1202834264646581,2.0,0.0698
FE-01415,2022,Building,FRP Composite,Urban Midwest,Moderate,25,0.032,Overload,Major,230673.0,79415.0,0.3443,Routine inspection,0,0,1,0,3,1.0329,27342.5845,0.344275229437342,3.0,0.096
FE-01416,2009,Building,Aluminium Alloy,Pacific Northwest,Mild,33,0.0394,Erosion,Major,1389330.0,860298.0,0.6192,Routine inspection,1,2,1,1,3,1.8576,532696.5216,0.6192178963961046,1.0,0.1182
FE-01417,2005,Building,Composite Steel-Concrete,Industrial Ohio,Moderate,42,0.0799,Creep,Moderate,1114855.0,123574.0,0.1108,Routine inspection,0,0,1,0,2,0.2216,13691.9992,0.11084311412694925,2.0,0.1598
FE-01418,2020,Bridge,Steel (A588 Weathering),Coastal Texas,Severe,39,0.0606,Creep,Moderate,478943.0,67521.0,0.141,Routine inspection,1,4,1,0,2,0.282,9520.461,0.14097919794213506,0.4,0.1212
FE-01419,2011,Pipeline,Timber,Coastal Carolina,Severe,34,0.0794,Settlement,Major,2482210.0,786572.0,0.3169,Routine inspection,0,0,1,1,3,0.9507000000000001,249264.6668,0.31688374472748077,3.0,0.2382
FE-01420,2021,Building,Reinforced Concrete,Urban West,Mild,38,0.0288,Corrosion,Major,1623103.0,879789.0,0.542,Routine inspection,1,1,1,0,3,1.6260000000000001,476845.63800000004,0.54204138615972,1.5,0.0864
FE-01421,2012,Pipeline,Prestressed Concrete,Industrial Ohio,Moderate,41,0.0699,Fatigue crack,Minor,266498.0,7565.0,0.0284,Routine inspection,1,2,1,0,1,0.0284,214.846,0.028386704590653587,0.3333333333333333,0.0699
FE-01422,2016,Bridge,Steel (A36),Industrial Ohio,Moderate,29,0.0498,Fatigue crack,Major,3897226.0,2099907.0,0.5388,Sensor alert,1,2,1,0,3,1.6163999999999998,1131429.8916,0.5388209459754194,1.0,0.14939999999999998
FE-01423,2019,Building,Steel (A36),Rural Midwest,Mild,31,0.0369,Erosion,Moderate,380321.0,73949.0,0.1944,Routine inspection,0,0,1,0,2,0.3888,14375.685599999999,0.1944383823138875,2.0,0.0738
FE-01424,2019,Bridge,Reinforced Concrete,Rural Midwest,Mild,37,0.0224,Fatigue crack,Catastrophic,786164.0,678438.0,0.863,Routine inspection,0,0,1,1,4,3.452,585491.994,0.8629726113126523,4.0,0.0896
FE-01425,2010,Bridge,Steel (A36),Industrial New Jersey,Moderate,53,0.0514,Corrosion,Minor,1740768.0,52641.0,0.0302,Routine inspection,1,7,0,0,1,0.0302,1589.7582,0.03024010092097281,0.125,0.0514
FE-01426,2008,Pipeline,Cast Iron,Industrial New Jersey,Moderate,27,0.0776,Erosion,Minor,1592781.0,101487.0,0.0637,Load test,0,0,1,0,1,0.0637,6464.7219000000005,0.06371685749641665,1.0,0.0776
FE-01427,2012,Bridge,Composite Steel-Concrete,Industrial Ohio,Moderate,39,0.0559,Corrosion,Moderate,1523224.0,417129.0,0.2738,Routine inspection,0,0,1,0,2,0.5476,114209.9202,0.2738461316260773,2.0,0.1118
FE-01428,2021,Bridge,Reinforced Concrete,Industrial New Jersey,Moderate,34,0.0765,Creep,Moderate,465695.0,88370.0,0.1898,Public report,1,1,0,0,2,0.3796,16772.626,0.18975939187665747,1.0,0.153
FE-01429,2008,Building,Composite Steel-Concrete,Industrial New Jersey,Moderate,22,0.0379,Corrosion,Minor,1129532.0,64085.0,0.0567,Public report,1,15,1,0,1,0.0567,3633.6195000000002,0.0567358870753551,0.0625,0.0379
FE-01430,2008,Pipeline,Steel (A588 Weathering),Coastal Carolina,Severe,66,0.0587,Erosion,Minor,1850674.0,128139.0,0.0692,Load test,0,0,0,0,1,0.0692,8867.2188,0.06923909883642392,1.0,0.0587
FE-01431,2006,Bridge,Steel (A588 Weathering),Industrial New Jersey,Moderate,67,0.0242,Fatigue crack,Moderate,6171544.0,906219.0,0.1468,Sensor alert,0,0,0,0,2,0.2936,133032.9492,0.14683829524670003,2.0,0.0484
FE-01432,2021,Bridge,Steel (A36),Coastal Florida,Severe,44,0.0994,Fatigue crack,Moderate,985899.0,260397.0,0.2641,Sensor alert,1,1,1,0,2,0.5282,68770.8477,0.2641213755161533,1.0,0.1988
FE-01433,2023,Bridge,Steel (A36),Desert Southwest,Mild,42,0.0181,Fatigue crack,Moderate,1944377.0,214854.0,0.1105,Routine inspection,0,0,1,0,2,0.221,23741.367000000002,0.11050017563466344,2.0,0.0362
FE-01434,2006,Bridge,Reinforced Concrete,Industrial Michigan,Moderate,40,0.0726,Overload,Minor,204857.0,6109.0,0.0298,Emergency,0,0,0,0,1,0.0298,182.0482,0.029820801827616338,1.0,0.0726
FE-01435,2010,Power Plant,Aluminium Alloy,Coastal Texas,Severe,50,0.1128,Corrosion,Moderate,946017.0,96359.0,0.1019,Routine inspection,0,0,1,0,2,0.2038,9818.982100000001,0.10185757761224164,2.0,0.2256
FE-01436,2012,Building,Steel (A514 HY),Rural South,Mild,39,0.0417,Buckling,Moderate,2122552.0,536347.0,0.2527,Public report,0,0,1,0,2,0.5054,135534.88689999998,0.2526896867544352,2.0,0.0834
FE-01437,2018,Building,Reinforced Concrete,Industrial Ohio,Moderate,40,0.0431,Corrosion,Moderate,883516.0,126174.0,0.1428,Routine inspection,0,0,1,0,2,0.2856,18017.647200000003,0.14280895875117144,2.0,0.0862
FE-01438,2009,Power Plant,Steel (A36),Industrial New Jersey,Moderate,32,0.0883,Corrosion,Catastrophic,297002.0,409398.0,1.3784,Routine inspection,0,0,1,1,4,5.5136,564314.2032,1.3784351620527808,4.0,0.3532
FE-01439,2013,Bridge,Steel (A36),Industrial Michigan,Moderate,29,0.0672,Fatigue crack,Moderate,1912520.0,394408.0,0.2062,Public report,0,0,1,0,2,0.4124,81326.9296,0.2062242486353084,2.0,0.1344
FE-01440,2013,Pipeline,Steel (A36),Industrial New Jersey,Moderate,37,0.0937,Brittle fracture,Moderate,446967.0,117198.0,0.2622,Emergency,0,0,1,0,2,0.5244,30729.315599999998,0.2622072770472988,2.0,0.1874
FE-01441,2011,Building,Steel (A588 Weathering),Rural South,Mild,48,0.0249,Creep,Minor,1456817.0,86389.0,0.0593,Routine inspection,0,0,1,0,1,0.0593,5122.8677,0.05929982969720974,1.0,0.0249
FE-01442,2012,Bridge,Composite Steel-Concrete,Industrial New Jersey,Moderate,46,0.0738,Fatigue crack,Major,771109.0,558256.0,0.724,Load test,0,0,1,0,3,2.1719999999999997,404177.344,0.7239650944289329,3.0,0.2214
FE-01443,2006,Pipeline,Steel (A588 Weathering),Coastal Texas,Severe,43,0.0316,Erosion,Major,1336276.0,917166.0,0.6864,Routine inspection,1,3,1,0,3,2.0592,629542.7424,0.6863597041329785,0.75,0.09480000000000001
FE-01444,2006,Pipeline,Reinforced Concrete,Rural South,Mild,62,0.0201,Corrosion,Major,446611.0,117289.0,0.2626,Sensor alert,1,1,0,1,3,0.7878000000000001,30800.0914,0.26262004294565067,1.5,0.0603
FE-01445,2005,Pipeline,Aluminium Alloy,Industrial Michigan,Moderate,40,0.07,Corrosion,Moderate,328379.0,83251.0,0.2535,Routine inspection,0,0,1,0,2,0.507,21104.1285,0.2535210838695532,2.0,0.14
FE-01446,2019,Building,Timber,Urban West,Mild,66,0.0581,Erosion,Moderate,2063494.0,563554.0,0.2731,Sensor alert,0,0,0,0,2,0.5462,153906.5974,0.27310668216142137,2.0,0.1162
FE-01447,2017,Power Plant,Cast Iron,Industrial Michigan,Moderate,31,0.0608,Fatigue crack,Major,953042.0,711494.0,0.7466,Public report,1,15,1,1,3,2.2398000000000002,531201.4204000001,0.7465505192845646,0.1875,0.1824
FE-01448,2008,Bridge,Timber,Rural Mountain,Mild,42,0.0276,Fatigue crack,Major,671858.0,414810.0,0.6174,Load test,1,2,1,1,3,1.8521999999999998,256103.694,0.6174072497462262,1.0,0.0828
FE-01449,2006,Bridge,FRP Composite,Rural South,Mild,33,0.0318,Fatigue crack,Major,2163770.0,984797.0,0.4551,Routine inspection,0,0,1,1,3,1.3653,448181.1147,0.4551301663300628,3.0,0.09540000000000001
FE-01450,2012,Pipeline,Composite Steel-Concrete,Coastal Carolina,Severe,48,0.1118,Creep,Minor,1095545.0,56817.0,0.0519,Routine inspection,0,0,1,0,1,0.0519,2948.8023000000003,0.05186185870959203,1.0,0.1118
FE-01451,2021,Power Plant,Prestressed Concrete,Desert Southwest,Mild,41,0.0104,Erosion,Moderate,1510293.0,220853.0,0.1462,Routine inspection,0,0,0,0,2,0.2924,32288.708599999998,0.1462318901034435,2.0,0.0208
FE-01452,2018,Bridge,Steel (A588 Weathering),Urban Midwest,Moderate,31,0.0222,Fatigue crack,Major,619786.0,454982.0,0.7341,Routine inspection,1,10,1,0,3,2.2023,334002.2862,0.7340953167706272,0.2727272727272727,0.0666
FE-01453,2022,Bridge,Steel (A36),Industrial Ohio,Moderate,63,0.0413,Settlement,Moderate,816088.0,151888.0,0.1861,Sensor alert,1,12,0,0,2,0.3722,28266.356799999998,0.18611718344100145,0.15384615384615385,0.0826
FE-01454,2006,Bridge,FRP Composite,Industrial Michigan,Moderate,49,0.0594,Fatigue crack,Major,980215.0,383399.0,0.3911,Routine inspection,0,0,1,1,3,1.1733,149947.3489,0.3911376585749045,3.0,0.1782
FE-01455,2016,Building,Steel (A588 Weathering),Coastal Texas,Severe,27,0.0565,Creep,Minor,1426072.0,52537.0,0.0368,Routine inspection,1,75,1,0,1,0.0368,1933.3616,0.0368403558866593,0.013157894736842105,0.0565
FE-01456,2020,Bridge,Prestressed Concrete,Rural South,Mild,70,0.025,Corrosion,Major,1796548.0,849732.0,0.473,Load test,1,60,0,0,3,1.419,401923.236,0.47298040464268143,0.04918032786885246,0.07500000000000001
FE-01457,2008,Pipeline,Reinforced Concrete,Rural South,Mild,32,0.052,Erosion,Moderate,3363185.0,705065.0,0.2096,Routine inspection,0,0,1,0,2,0.4192,147781.624,0.209642050615711,2.0,0.104
FE-01458,2014,Bridge,Prestressed Concrete,Coastal Texas,Severe,33,0.1107,Overload,Catastrophic,3583496.0,2544044.0,0.7099,Emergency,0,0,1,1,4,2.8396,1806016.8355999999,0.7099335397611718,4.0,0.4428
FE-01459,2010,Bridge,Steel (A588 Weathering),Pacific Northwest,Mild,85,0.0219,Fatigue crack,Minor,1875679.0,93692.0,0.05,Public report,0,0,0,0,1,0.05,4684.6,0.04995097775258986,1.0,0.0219
FE-01460,2023,Building,Steel (A36),Pacific Northwest,Mild,25,0.0437,Brittle fracture,Minor,9809965.0,618784.0,0.0631,Public report,1,12,1,0,1,0.0631,39045.2704,0.06307708539225165,0.07692307692307693,0.0437
FE-01461,2013,Pipeline,Steel (A36),Coastal Carolina,Severe,60,0.0509,Erosion,Moderate,1346412.0,241220.0,0.1792,Sensor alert,1,12,0,0,2,0.3584,43226.623999999996,0.1791576426829232,0.15384615384615385,0.1018
FE-01462,2018,Power Plant,Steel (A36),Urban West,Mild,51,0.0418,Fatigue crack,Moderate,1369081.0,387002.0,0.2827,Sensor alert,0,0,1,0,2,0.5654,109405.4654,0.28267282943814137,2.0,0.0836
FE-01463,2013,Building,Steel (A588 Weathering),Urban Midwest,Moderate,20,0.0362,Settlement,Minor,5065320.0,319528.0,0.0631,Sensor alert,0,0,1,0,1,0.0631,20162.216800000002,0.06308150324165107,1.0,0.0362
FE-01464,2010,Bridge,Reinforced Concrete,Urban Midwest,Moderate,62,0.0678,Erosion,Moderate,2303560.0,655551.0,0.2846,Routine inspection,0,0,0,0,2,0.5692,186569.8146,0.28458169094792407,2.0,0.1356
FE-01465,2019,Pipeline,Steel (A36),Rural Midwest,Mild,51,0.0364,Fatigue crack,Major,5467055.0,3287022.0,0.6012,Routine inspection,0,0,1,0,3,1.8035999999999999,1976157.6264,0.6012418020305265,3.0,0.1092
FE-01466,2011,Building,Reinforced Concrete,Desert Southwest,Mild,68,0.0142,Overload,Moderate,1253490.0,284852.0,0.2272,Routine inspection,1,3,1,0,2,0.4544,64718.3744,0.2272471260241406,0.5,0.0284
FE-01467,2017,Pipeline,Steel (A588 Weathering),Pacific Northwest,Mild,24,0.0196,Overload,Minor,547987.0,15241.0,0.0278,Routine inspection,0,0,1,0,1,0.0278,423.6998,0.027812703586033976,1.0,0.0196
FE-01468,2007,Bridge,Reinforced Concrete,Rural Mountain,Mild,82,0.0295,Fatigue crack,Moderate,1830152.0,400343.0,0.2187,Emergency,0,0,0,0,2,0.4374,87555.0141,0.2187484973925663,2.0,0.059
FE-01469,2017,Bridge,Steel (A588 Weathering),Coastal Texas,Severe,21,0.0347,Fatigue crack,Minor,2503650.0,63278.0,0.0253,Routine inspection,1,6,1,0,1,0.0253,1600.9334,0.02527429952269686,0.14285714285714285,0.0347
FE-01470,2012,Bridge,Steel (A36),Industrial Ohio,Moderate,75,0.0852,Fatigue crack,Major,2197947.0,1432913.0,0.6519,Emergency,0,0,1,1,3,1.9557000000000002,934115.9847,0.6519324624297128,3.0,0.2556
FE-01471,2021,Pipeline,Stainless Steel 316L,Industrial Michigan,Moderate,63,0.0105,Corrosion,Major,3780088.0,967188.0,0.2559,Routine inspection,1,14,0,0,3,0.7677,247503.40920000002,0.25586388465030446,0.2,0.0315
FE-01472,2011,Building,Reinforced Concrete,Coastal Florida,Severe,25,0.125,Erosion,Major,959231.0,450601.0,0.4698,Routine inspection,1,26,1,0,3,1.4094,211692.3498,0.46975233285830004,0.1111111111111111,0.375
FE-01473,2009,Bridge,Reinforced Concrete,Urban Northeast,Moderate,76,0.0457,Creep,Moderate,658828.0,176652.0,0.2681,Sensor alert,0,0,1,0,2,0.5362,47360.4012,0.2681306805418106,2.0,0.0914
FE-01474,2014,Bridge,Composite Steel-Concrete,Industrial New Jersey,Moderate,41,0.0375,Fatigue crack,Minor,270626.0,12360.0,0.0457,Load test,1,27,0,0,1,0.0457,564.852,0.045671886662774455,0.03571428571428571,0.0375
FE-01475,2014,Building,Steel (A588 Weathering),Coastal Texas,Severe,45,0.0237,Buckling,Catastrophic,871500.0,1030137.0,1.182,Routine inspection,1,17,1,1,4,4.728,1217621.934,1.182027538726334,0.2222222222222222,0.0948
FE-01476,2005,Bridge,Reinforced Concrete,Industrial Ohio,Moderate,60,0.0643,Fatigue crack,Minor,1267420.0,65361.0,0.0516,Routine inspection,0,0,1,0,1,0.0516,3372.6276,0.05157011882406779,1.0,0.0643
FE-01477,2013,Power Plant,Steel (A588 Weathering),Industrial Ohio,Moderate,55,0.0291,Fatigue crack,Moderate,2725976.0,350916.0,0.1287,Emergency,0,0,1,0,2,0.2574,45162.889200000005,0.12873040701752325,2.0,0.0582
FE-01478,2005,Power Plant,Steel (A36),Coastal Florida,Severe,53,0.1182,Corrosion,Moderate,2220285.0,403823.0,0.1819,Sensor alert,1,24,0,0,2,0.3638,73455.4037,0.1818789029336324,0.08,0.2364
FE-01479,2016,Power Plant,Composite Steel-Concrete,Industrial Michigan,Moderate,36,0.0316,Brittle fracture,Minor,2387075.0,115305.0,0.0483,Routine inspection,0,0,1,0,1,0.0483,5569.2315,0.04830388655572196,1.0,0.0316
FE-01480,2009,Building,Steel (A36),Industrial New Jersey,Moderate,38,0.0647,Creep,Catastrophic,517040.0,566676.0,1.096,Routine inspection,1,6,1,0,4,4.384,621076.8960000001,1.096000309453814,0.5714285714285714,0.2588
FE-01481,2006,Pipeline,Steel (A36),Industrial New Jersey,Moderate,52,0.0949,Erosion,Catastrophic,930118.0,1027685.0,1.1049,Sensor alert,1,4,1,0,4,4.4196,1135489.1565,1.1048974431201202,0.8,0.3796
FE-01482,2016,Pipeline,Prestressed Concrete,Rural Midwest,Mild,17,0.042,Buckling,Minor,782296.0,46173.0,0.059,Public report,0,0,0,0,1,0.059,2724.207,0.059022416067575446,1.0,0.042
FE-01483,2008,Bridge,Timber,Rural Midwest,Mild,55,0.0184,Brittle fracture,Major,1547399.0,482495.0,0.3118,Sensor alert,1,14,0,1,3,0.9354,150441.94100000002,0.3118103346325027,0.2,0.0552
FE-01484,2012,Bridge,Timber,Coastal California,Moderate,39,0.0785,Fatigue crack,Moderate,5056077.0,723835.0,0.1432,Routine inspection,0,0,0,0,2,0.2864,103653.17199999999,0.14316138777158655,2.0,0.157
FE-01485,2014,Bridge,Reinforced Concrete,Urban Midwest,Moderate,39,0.0604,Erosion,Minor,1111760.0,51401.0,0.0462,Emergency,1,30,1,0,1,0.0462,2374.7262,0.046233899402748795,0.03225806451612903,0.0604
FE-01486,2021,Bridge,Reinforced Concrete,Industrial Ohio,Moderate,47,0.0772,Creep,Minor,313898.0,13701.0,0.0436,Emergency,1,4,0,0,1,0.0436,597.3636,0.0436479365908671,0.2,0.0772
FE-01487,2023,Building,Composite Steel-Concrete,Pacific Northwest,Mild,30,0.0431,Corrosion,Catastrophic,2151851.0,2399575.0,1.1151,Routine inspection,0,0,0,0,4,4.4604,2675766.0825,1.115121353662498,4.0,0.1724
FE-01488,2008,Bridge,Prestressed Concrete,Pacific Northwest,Mild,49,0.0578,Brittle fracture,Moderate,815667.0,161478.0,0.198,Sensor alert,0,0,0,0,2,0.396,31972.644,0.1979704953124253,2.0,0.1156
FE-01489,2006,Building,Prestressed Concrete,Coastal California,Moderate,23,0.0866,Fatigue crack,Major,1460434.0,885155.0,0.6061,Routine inspection,0,0,1,1,3,1.8182999999999998,536492.4455,0.6060903813523925,3.0,0.2598
FE-01490,2006,Bridge,Steel (A36),Urban Northeast,Moderate,57,0.0826,Corrosion,Moderate,786713.0,175592.0,0.2232,Public report,0,0,0,0,2,0.4464,39192.1344,0.2231970235651375,2.0,0.1652
FE-01491,2006,Bridge,Composite Steel-Concrete,Industrial New Jersey,Moderate,26,0.0504,Fatigue crack,Major,4249631.0,2083205.0,0.4902,Routine inspection,1,43,1,1,3,1.4706000000000001,1021187.091,0.490208443980195,0.06818181818181818,0.1512
FE-01492,2005,Bridge,Reinforced Concrete,Urban Northeast,Moderate,48,0.0368,Fatigue crack,Minor,2995782.0,205987.0,0.0688,Sensor alert,1,9,1,0,1,0.0688,14171.9056,0.06875900849928332,0.1,0.0368
FE-01493,2015,Power Plant,Prestressed Concrete,Urban Midwest,Moderate,36,0.0609,Creep,Moderate,3265035.0,758044.0,0.2322,Routine inspection,0,0,1,0,2,0.4644,176017.8168,0.23217025238626846,2.0,0.1218
FE-01494,2005,Bridge,Aluminium Alloy,Industrial New Jersey,Moderate,60,0.0507,Fatigue crack,Moderate,1801824.0,231642.0,0.1286,Emergency,0,0,0,0,2,0.2572,29789.1612,0.1285597261441739,2.0,0.1014
FE-01495,2013,Pipeline,Steel (A514 HY),Coastal Florida,Severe,26,0.0866,Fatigue crack,Minor,142456.0,5187.0,0.0364,Load test,0,0,0,0,1,0.0364,188.8068,0.03641124276969731,1.0,0.0866
FE-01496,2020,Building,Steel (A514 HY),Coastal Texas,Severe,67,0.1023,Fatigue crack,Moderate,5816915.0,683130.0,0.1174,Emergency,1,1,1,0,2,0.2348,80199.462,0.11743853915692425,1.0,0.2046
FE-01497,2019,Bridge,Reinforced Concrete,Industrial New Jersey,Moderate,24,0.0459,Overload,Minor,575566.0,25578.0,0.0444,Emergency,0,0,0,0,1,0.0444,1135.6632,0.044439734105211216,1.0,0.0459
FE-01498,2019,Pipeline,Reinforced Concrete,Urban Northeast,Moderate,45,0.0635,Brittle fracture,Major,869973.0,383232.0,0.4405,Public report,0,0,0,1,3,1.3215,168813.696,0.4405102227310503,3.0,0.1905
FE-01499,2013,Bridge,Steel (A36),Urban West,Mild,31,0.0538,Settlement,Moderate,791737.0,125530.0,0.1585,Routine inspection,0,0,1,0,2,0.317,19896.505,0.15855012459945664,2.0,0.1076
FE-01500,2005,Pipeline,Reinforced Concrete,Industrial New Jersey,Moderate,68,0.036,Brittle fracture,Major,214945.0,80182.0,0.373,Public report,0,0,1,0,3,1.119,29907.886,0.3730349624322501,3.0,0.10799999999999998
FE-01501,2013,Bridge,Reinforced Concrete,Rural Midwest,Mild,45,0.0296,Corrosion,Minor,1737248.0,51783.0,0.0298,Sensor alert,1,70,1,0,1,0.0298,1543.1334,0.029807488625688446,0.014084507042253521,0.0296
FE-01502,2006,Pipeline,Stainless Steel 316L,Industrial New Jersey,Moderate,53,0.0106,Corrosion,Major,330976.0,245926.0,0.743,Routine inspection,1,2,1,1,3,2.229,182723.018,0.7430327274485159,1.0,0.0318
FE-01503,2007,Pipeline,Reinforced Concrete,Industrial Ohio,Moderate,71,0.0861,Fatigue crack,Minor,1280361.0,79953.0,0.0624,Routine inspection,0,0,1,0,1,0.0624,4989.0671999999995,0.06244566961974006,1.0,0.0861
FE-01504,2009,Power Plant,FRP Composite,Industrial Michigan,Moderate,75,0.0567,Corrosion,Moderate,602117.0,119639.0,0.1987,Load test,0,0,1,0,2,0.3974,23772.2693,0.19869726315649616,2.0,0.1134
FE-01505,2018,Pipeline,Prestressed Concrete,Urban Northeast,Moderate,85,0.0617,Fatigue crack,Minor,11068444.0,639281.0,0.0578,Sensor alert,0,0,0,0,1,0.0578,36950.4418,0.05775707949554608,1.0,0.0617
FE-01506,2018,Pipeline,Prestressed Concrete,Industrial Michigan,Moderate,63,0.0856,Buckling,Catastrophic,844447.0,984040.0,1.1653,Routine inspection,0,0,0,1,4,4.6612,1146701.812,1.1653069997288166,4.0,0.3424
FE-01507,2023,Building,Steel (A36),Pacific Northwest,Mild,57,0.0224,Fatigue crack,Moderate,178682.0,25640.0,0.1435,Public report,0,0,1,0,2,0.287,3679.3399999999997,0.14349514780447947,2.0,0.0448
FE-01508,2019,Bridge,Steel (A588 Weathering),Urban West,Mild,63,0.0187,Buckling,Major,1219404.0,878243.0,0.7202,Public report,1,5,0,0,3,2.1605999999999996,632510.6085999999,0.7202231581985954,0.5,0.056100000000000004
FE-01509,2019,Power Plant,Prestressed Concrete,Industrial New Jersey,Moderate,51,0.0578,Fatigue crack,Moderate,5946883.0,748792.0,0.1259,Routine inspection,0,0,1,0,2,0.2518,94272.9128,0.12591335662732897,2.0,0.1156
FE-01510,2009,Power Plant,Stainless Steel 316L,Industrial New Jersey,Moderate,25,0.0081,Overload,Moderate,1086807.0,310189.0,0.2854,Routine inspection,0,0,1,0,2,0.5708,88527.9406,0.28541314143173535,2.0,0.0162
FE-01511,2015,Bridge,Stainless Steel 316L,Urban West,Mild,38,0.004,Corrosion,Minor,987739.0,27597.0,0.0279,Routine inspection,1,8,1,0,1,0.0279,769.9563,0.027939567031371647,0.1111111111111111,0.004
FE-01512,2011,Bridge,Steel (A36),Coastal Texas,Severe,32,0.0487,Fatigue crack,Catastrophic,8784501.0,6987410.0,0.7954,Sensor alert,0,0,1,0,4,3.1816,5557785.914,0.7954248055751829,4.0,0.1948
FE-01513,2017,Pipeline,Composite Steel-Concrete,Desert Southwest,Mild,56,0.0189,Corrosion,Major,460652.0,273746.0,0.5943,Sensor alert,0,0,1,0,3,1.7829000000000002,162687.2478,0.5942577042973872,3.0,0.0567
FE-01514,2015,Bridge,Composite Steel-Concrete,Rural Midwest,Mild,77,0.0228,Corrosion,Minor,2246048.0,126031.0,0.0561,Routine inspection,0,0,1,0,1,0.0561,7070.339099999999,0.05611233597857214,1.0,0.0228
FE-01515,2007,Bridge,Prestressed Concrete,Urban West,Mild,48,0.0201,Corrosion,Moderate,5276031.0,577456.0,0.1094,Public report,1,18,0,0,2,0.2188,63173.6864,0.10944893993230896,0.10526315789473684,0.0402
FE-01516,2018,Building,Reinforced Concrete,Pacific Northwest,Mild,45,0.0304,Corrosion,Catastrophic,1701604.0,911667.0,0.5358,Routine inspection,1,0,0,0,4,2.1432,488471.17860000004,0.5357691918918855,4.0,0.1216
FE-01517,2014,Building,Steel (A588 Weathering),Industrial New Jersey,Moderate,44,0.0228,Corrosion,Minor,1947124.0,141048.0,0.0724,Routine inspection,0,0,0,0,1,0.0724,10211.8752,0.07243914614580273,1.0,0.0228
FE-01518,2020,Bridge,Steel (A36),Rural Midwest,Mild,64,0.0412,Corrosion,Minor,923384.0,31741.0,0.0344,Public report,1,23,1,0,1,0.0344,1091.8904,0.034374648033754104,0.041666666666666664,0.0412
FE-01519,2014,Bridge,Reinforced Concrete,Coastal Texas,Severe,67,0.0824,Settlement,Major,1001928.0,463662.0,0.4628,Sensor alert,0,0,1,0,3,1.3883999999999999,214582.7736,0.4627697798644214,3.0,0.2472
FE-01520,2014,Pipeline,Composite Steel-Concrete,Urban West,Mild,27,0.0337,Buckling,Moderate,876070.0,181834.0,0.2076,Routine inspection,0,0,1,0,2,0.4152,37748.7384,0.20755647379775588,2.0,0.0674
FE-01521,2023,Pipeline,Steel (A36),Industrial Michigan,Moderate,76,0.0695,Brittle fracture,Moderate,10198391.0,2121179.0,0.208,Emergency,0,0,1,0,2,0.416,441205.23199999996,0.20799153513529733,2.0,0.139
FE-01522,2021,Building,Steel (A588 Weathering),Pacific Northwest,Mild,70,0.0115,Creep,Major,1202042.0,742145.0,0.6174,Routine inspection,1,7,1,0,3,1.8521999999999998,458200.323,0.6174035516229882,0.375,0.0345
FE-01523,2017,Bridge,Reinforced Concrete,Rural Mountain,Mild,30,0.0116,Settlement,Minor,1081453.0,48769.0,0.0451,Public report,0,0,1,0,1,0.0451,2199.4819,0.04509581091365043,1.0,0.0116
FE-01524,2018,Bridge,Steel (A588 Weathering),Coastal Carolina,Severe,28,0.0409,Buckling,Moderate,12688611.0,2775462.0,0.2187,Sensor alert,0,0,1,0,2,0.4374,606993.5394,0.218736471627982,2.0,0.0818
FE-01525,2023,Bridge,Reinforced Concrete,Rural Midwest,Mild,37,0.0166,Corrosion,Minor,1610669.0,104210.0,0.0647,Sensor alert,0,0,0,0,1,0.0647,6742.387,0.06469982348949412,1.0,0.0166
FE-01526,2022,Power Plant,Steel (A588 Weathering),Industrial New Jersey,Moderate,31,0.0262,Overload,Minor,337219.0,17579.0,0.0521,Routine inspection,0,0,1,0,1,0.0521,915.8659,0.052129328418624096,1.0,0.0262
FE-01527,2008,Building,Steel (A588 Weathering),Industrial Michigan,Moderate,39,0.0261,Fatigue crack,Moderate,2080686.0,362696.0,0.1743,Routine inspection,0,0,1,0,2,0.3486,63217.912800000006,0.17431558630182545,2.0,0.0522
FE-01528,2008,Pipeline,Steel (A36),Coastal Florida,Severe,34,0.1235,Erosion,Major,1029478.0,484637.0,0.4708,Emergency,0,0,0,1,3,1.4123999999999999,228167.0996,0.470759938531955,3.0,0.3705
FE-01529,2023,Power Plant,Stainless Steel 316L,Coastal Florida,Severe,28,0.0099,Overload,Major,696879.0,466291.0,0.6691,Routine inspection,1,30,1,0,3,2.0073,311995.3081,0.669113289394572,0.0967741935483871,0.029700000000000004
FE-01530,2005,Pipeline,Steel (A36),Coastal Texas,Severe,30,0.1082,Settlement,Minor,1351504.0,54174.0,0.0401,Emergency,1,22,1,0,1,0.0401,2172.3774,0.04008423208514366,0.043478260869565216,0.1082
FE-01531,2011,Power Plant,Reinforced Concrete,Urban Northeast,Moderate,61,0.0737,Settlement,Moderate,6963705.0,1579696.0,0.2268,Public report,0,0,1,0,2,0.4536,358275.0528,0.2268470591445215,2.0,0.1474
FE-01532,2019,Bridge,Reinforced Concrete,Coastal California,Moderate,41,0.0468,Fatigue crack,Major,2944955.0,1197990.0,0.4068,Routine inspection,0,0,0,0,3,1.2204,487342.332,0.4067939917587875,3.0,0.1404
FE-01533,2022,Pipeline,FRP Composite,Rural Midwest,Mild,50,0.0325,Corrosion,Minor,1583149.0,103780.0,0.0656,Sensor alert,1,6,0,0,1,0.0656,6807.968000000001,0.06555289489492146,0.14285714285714285,0.0325
FE-01534,2015,Bridge,Reinforced Concrete,Rural Midwest,Mild,55,0.035,Fatigue crack,Moderate,231874.0,40335.0,0.174,Load test,1,16,1,0,2,0.348,7018.29,0.1739522326780924,0.11764705882352941,0.07
FE-01535,2010,Bridge,Reinforced Concrete,Coastal California,Moderate,55,0.0996,Fatigue crack,Moderate,1734361.0,412497.0,0.2378,Routine inspection,0,0,1,0,2,0.4756,98091.7866,0.23783802795381123,2.0,0.1992
FE-01536,2014,Pipeline,Steel (A36),Coastal Carolina,Severe,54,0.1167,Corrosion,Moderate,7539364.0,864526.0,0.1147,Emergency,0,0,1,0,2,0.2294,99161.1322,0.11466829297537565,2.0,0.2334
FE-01537,2017,Bridge,Steel (A36),Coastal California,Moderate,52,0.057,Creep,Minor,2574081.0,71088.0,0.0276,Load test,0,0,1,0,1,0.0276,1962.0288,0.027616846556110707,1.0,0.057
FE-01538,2015,Power Plant,Reinforced Concrete,Coastal Carolina,Severe,20,0.0655,Corrosion,Minor,415137.0,30093.0,0.0725,Sensor alert,0,0,1,0,1,0.0725,2181.7425,0.07248932280187023,1.0,0.0655
FE-01539,2010,Bridge,Composite Steel-Concrete,Desert Southwest,Mild,45,0.0238,Fatigue crack,Minor,2508902.0,154182.0,0.0615,Load test,0,0,1,0,1,0.0615,9482.193,0.06145397468693476,1.0,0.0238
FE-01540,2009,Bridge,Reinforced Concrete,Urban Midwest,Moderate,26,0.0454,Fatigue crack,Major,357344.0,129632.0,0.3628,Public report,0,0,1,0,3,1.0884,47030.4896,0.36276529058834067,3.0,0.13620000000000002
FE-01541,2009,Bridge,Steel (A36),Coastal Florida,Severe,46,0.1282,Corrosion,Catastrophic,1868034.0,1136842.0,0.6086,Routine inspection,0,0,0,1,4,2.4344,691882.0412,0.6085767175543914,4.0,0.5128
FE-01542,2017,Bridge,Steel (A36),Rural Mountain,Mild,63,0.027,Fatigue crack,Major,479151.0,163904.0,0.3421,Emergency,0,0,1,1,3,1.0263,56071.5584,0.3420717059966482,3.0,0.081
FE-01543,2016,Bridge,Reinforced Concrete,Coastal Florida,Severe,25,0.1251,Creep,Moderate,290764.0,77176.0,0.2654,Emergency,1,5,0,0,2,0.5308,20482.510400000003,0.2654248806592288,0.3333333333333333,0.2502
FE-01544,2022,Pipeline,Prestressed Concrete,Rural South,Mild,44,0.0297,Fatigue crack,Moderate,868702.0,224640.0,0.2586,Routine inspection,1,9,0,0,2,0.5172,58091.904,0.2585927049782319,0.2,0.0594
FE-01545,2006,Pipeline,Steel (A36),Pacific Northwest,Mild,38,0.0285,Fatigue crack,Catastrophic,384505.0,384430.0,0.9998,Sensor alert,0,0,0,1,4,3.9992,384353.114,0.9998049440189334,4.0,0.114
FE-01546,2023,Pipeline,Composite Steel-Concrete,Rural South,Mild,43,0.0474,Brittle fracture,Moderate,2295136.0,634820.0,0.2766,Emergency,0,0,1,0,2,0.5532,175591.212,0.2765936310528004,2.0,0.0948
FE-01547,2006,Bridge,Prestressed Concrete,Pacific Northwest,Mild,50,0.0559,Fatigue crack,Major,1277754.0,940834.0,0.7363,Routine inspection,0,0,1,1,3,2.2089,692736.0741999999,0.7363185714934174,3.0,0.1677
FE-01548,2006,Pipeline,Prestressed Concrete,Pacific Northwest,Mild,36,0.026,Erosion,Major,3381116.0,2074106.0,0.6134,Routine inspection,0,0,0,0,3,1.8401999999999998,1272256.6204,0.6134382848739883,3.0,0.078
FE-01549,2018,Pipeline,Composite Steel-Concrete,Urban Northeast,Moderate,48,0.0441,Fatigue crack,Moderate,2458504.0,257010.0,0.1045,Routine inspection,0,0,1,0,2,0.209,26857.545,0.10453918317806275,2.0,0.0882
FE-01550,2013,Building,Steel (A36),Industrial Michigan,Moderate,66,0.0636,Settlement,Major,827099.0,341025.0,0.4123,Emergency,0,0,1,1,3,1.2368999999999999,140604.6075,0.4123146080457116,3.0,0.19080000000000003
FE-01551,2021,Bridge,Steel (A36),Coastal Texas,Severe,54,0.0625,Corrosion,Minor,790894.0,58366.0,0.0738,Sensor alert,1,35,0,0,1,0.0738,4307.410800000001,0.07379750004425371,0.027777777777777776,0.0625
FE-01552,2016,Building,Steel (A36),Industrial Ohio,Moderate,54,0.0754,Corrosion,Major,867353.0,577797.0,0.6662,Routine inspection,0,0,1,1,3,1.9986000000000002,384928.3614,0.6661612976492847,3.0,0.22619999999999998
FE-01553,2009,Bridge,Prestressed Concrete,Urban West,Mild,54,0.0204,Fatigue crack,Minor,1386768.0,76209.0,0.055,Routine inspection,1,38,1,0,1,0.055,4191.495,0.05495439756325499,0.02564102564102564,0.0204
FE-01554,2013,Pipeline,Steel (A36),Rural Midwest,Mild,49,0.0192,Corrosion,Major,116520.0,50124.0,0.4302,Sensor alert,0,0,1,0,3,1.2906,21563.344800000003,0.4301750772399588,3.0,0.0576
FE-01555,2008,Bridge,Steel (A36),Rural Mountain,Mild,28,0.0138,Buckling,Major,3037384.0,1291439.0,0.4252,Emergency,0,0,0,0,3,1.2756,549119.8628,0.42518134025859095,3.0,0.0414
FE-01556,2018,Pipeline,Prestressed Concrete,Coastal Carolina,Severe,64,0.0551,Fatigue crack,Moderate,603296.0,103756.0,0.172,Emergency,1,0,0,0,2,0.344,17846.032,0.1719819126929401,2.0,0.1102
FE-01557,2008,Bridge,Prestressed Concrete,Desert Southwest,Mild,35,0.0278,Fatigue crack,Minor,992085.0,33552.0,0.0338,Emergency,1,1,1,0,1,0.0338,1134.0575999999999,0.033819682789277127,0.5,0.0278
FE-01558,2012,Bridge,Prestressed Concrete,Industrial New Jersey,Moderate,44,0.0418,Erosion,Minor,851758.0,51396.0,0.0603,Routine inspection,0,0,0,0,1,0.0603,3099.1788,0.06034108279581759,1.0,0.0418
FE-01559,2019,Bridge,Reinforced Concrete,Coastal California,Moderate,51,0.0707,Buckling,Minor,999886.0,44698.0,0.0447,Routine inspection,0,0,1,0,1,0.0447,1998.0005999999998,0.04470309615296144,1.0,0.0707
FE-01560,2007,Pipeline,Timber,Rural Midwest,Mild,47,0.0296,Fatigue crack,Minor,9655388.0,473745.0,0.0491,Routine inspection,1,1,0,0,1,0.0491,23260.8795,0.049065350869379874,0.5,0.0296
FE-01561,2023,Bridge,Reinforced Concrete,Urban Midwest,Moderate,48,0.0533,Overload,Major,419095.0,310806.0,0.7416,Load test,0,0,1,1,3,2.2248,230493.72960000002,0.7416122836111144,3.0,0.1599
FE-01562,2006,Bridge,Steel (A36),Industrial Ohio,Moderate,53,0.0682,Corrosion,Moderate,199691.0,30156.0,0.151,Public report,1,4,1,0,2,0.302,4553.556,0.1510133155725596,0.4,0.1364
FE-01563,2011,Building,Reinforced Concrete,Coastal Carolina,Severe,36,0.1123,Creep,Moderate,3439099.0,668017.0,0.1942,Sensor alert,0,0,1,0,2,0.3884,129728.9014,0.19424186393005843,2.0,0.2246
FE-01564,2022,Bridge,FRP Composite,Desert Southwest,Mild,40,0.0161,Corrosion,Moderate,745170.0,164733.0,0.2211,Routine inspection,0,0,1,0,2,0.4422,36422.4663,0.2210676758323604,2.0,0.0322
FE-01565,2019,Building,Cast Iron,Industrial New Jersey,Moderate,51,0.0953,Corrosion,Major,3818708.0,1824237.0,0.4777,Routine inspection,0,0,1,0,3,1.4331,871438.0149000001,0.47771052408301445,3.0,0.2859
FE-01566,2012,Pipeline,Cast Iron,Industrial Michigan,Moderate,69,0.0695,Fatigue crack,Minor,542194.0,32472.0,0.0599,Load test,0,0,1,0,1,0.0599,1945.0728000000001,0.059890002471440114,1.0,0.0695
FE-01567,2020,Pipeline,Reinforced Concrete,Coastal Texas,Severe,33,0.0929,Creep,Major,217827.0,110989.0,0.5095,Sensor alert,0,0,1,0,3,1.5284999999999997,56548.89549999999,0.5095282035743962,3.0,0.2787
FE-01568,2023,Bridge,Steel (A36),Urban Midwest,Moderate,78,0.0534,Overload,Major,1693926.0,1038273.0,0.6129,Routine inspection,0,0,1,0,3,1.8387,636357.5217,0.6129388178704382,3.0,0.1602
FE-01569,2017,Bridge,Steel (A514 HY),Urban Northeast,Moderate,60,0.0408,Corrosion,Minor,367445.0,20009.0,0.0545,Public report,1,14,0,0,1,0.0545,1090.4904999999999,0.05445440814271524,0.06666666666666667,0.0408
FE-01570,2021,Building,Steel (A588 Weathering),Industrial Ohio,Moderate,48,0.0184,Creep,Moderate,1190434.0,145603.0,0.1223,Routine inspection,0,0,1,0,2,0.2446,17807.246900000002,0.12231085469669045,2.0,0.0368
FE-01571,2013,Pipeline,Timber,Coastal Carolina,Severe,41,0.0518,Erosion,Major,1313156.0,331695.0,0.2526,Load test,0,0,1,1,3,0.7578,83786.15699999999,0.25259375123747674,3.0,0.15539999999999998
FE-01572,2016,Bridge,Prestressed Concrete,Rural South,Mild,71,0.0548,Fatigue crack,Catastrophic,117862.0,155487.0,1.3192,Routine inspection,1,0,0,1,4,5.2768,205118.4504,1.3192292681271318,4.0,0.2192
FE-01573,2006,Pipeline,Prestressed Concrete,Rural South,Mild,34,0.0354,Settlement,Catastrophic,732565.0,662597.0,0.9045,Emergency,0,0,0,1,4,3.618,599318.9865,0.9044890214520214,4.0,0.1416
FE-01574,2006,Power Plant,Steel (A588 Weathering),Pacific Northwest,Mild,41,0.0132,Settlement,Catastrophic,2336235.0,2362997.0,1.0115,Load test,0,0,0,0,4,4.046,2390171.4655,1.011455183232851,4.0,0.0528
FE-01575,2012,Building,Steel (A36),Industrial Ohio,Moderate,24,0.0636,Fatigue crack,Moderate,2937334.0,562059.0,0.1913,Public report,0,0,1,0,2,0.3826,107521.8867,0.1913500473558676,2.0,0.1272
FE-01576,2023,Bridge,Steel (A36),Industrial New Jersey,Moderate,56,0.0576,Erosion,Major,5116080.0,1958100.0,0.3827,Load test,1,3,0,1,3,1.1481,749364.87,0.38273443730356055,0.75,0.1728
FE-01577,2009,Bridge,Reinforced Concrete,Coastal Carolina,Severe,38,0.0415,Creep,Moderate,2620707.0,354273.0,0.1352,Sensor alert,0,0,1,0,2,0.2704,47897.709599999995,0.13518222372817718,2.0,0.083
FE-01578,2015,Building,Reinforced Concrete,Urban Northeast,Moderate,57,0.0652,Brittle fracture,Minor,490477.0,22216.0,0.0453,Emergency,0,0,1,0,1,0.0453,1006.3848,0.04529468252333953,1.0,0.0652
FE-01579,2011,Bridge,Reinforced Concrete,Pacific Northwest,Mild,31,0.0206,Buckling,Moderate,60851213.0,12056759.0,0.1981,Emergency,0,0,0,0,2,0.3962,2388443.9579,0.1981350642919805,2.0,0.0412
FE-01580,2023,Bridge,Steel (A588 Weathering),Rural Midwest,Mild,48,0.0114,Fatigue crack,Minor,1432357.0,95077.0,0.0664,Load test,0,0,1,0,1,0.0664,6313.1128,0.0663780049247499,1.0,0.0114
FE-01581,2011,Power Plant,Steel (A36),Coastal Texas,Severe,61,0.0758,Fatigue crack,Major,1746429.0,1037658.0,0.5942,Sensor alert,0,0,1,1,3,1.7826,616576.3836,0.5941598541939008,3.0,0.22740000000000002
FE-01582,2005,Pipeline,Reinforced Concrete,Rural South,Mild,33,0.0511,Corrosion,Major,5204872.0,2542256.0,0.4884,Routine inspection,0,0,0,0,3,1.4652,1241637.8304,0.48843775601013817,3.0,0.1533
FE-01583,2006,Pipeline,Reinforced Concrete,Rural Midwest,Mild,73,0.0436,Erosion,Moderate,784731.0,97441.0,0.1242,Routine inspection,0,0,1,0,2,0.2484,12102.1722,0.12417121281050449,2.0,0.0872
FE-01584,2007,Pipeline,Reinforced Concrete,Coastal Florida,Severe,20,0.0564,Erosion,Minor,815800.0,57503.0,0.0705,Routine inspection,1,1,1,0,1,0.0705,4053.9614999999994,0.07048663888207894,0.5,0.0564
FE-01585,2022,Building,Prestressed Concrete,Urban Midwest,Moderate,28,0.0396,Creep,Major,2599188.0,666133.0,0.2563,Emergency,0,0,1,1,3,0.7688999999999999,170729.88789999997,0.2562850397893496,3.0,0.11880000000000002
FE-01586,2010,Bridge,Reinforced Concrete,Coastal Texas,Severe,27,0.0573,Overload,Catastrophic,1477508.0,869835.0,0.5887,Emergency,1,2,1,0,4,2.3548,512071.8645,0.5887176245407808,1.3333333333333333,0.2292
FE-01587,2011,Bridge,Steel (A36),Rural Mountain,Mild,26,0.0112,Corrosion,Major,2309358.0,1442751.0,0.6247,Sensor alert,0,0,1,1,3,1.8741,901286.5497000001,0.6247411618293915,3.0,0.0336
FE-01588,2011,Bridge,Steel (A588 Weathering),Industrial New Jersey,Moderate,47,0.0325,Creep,Minor,5422234.0,288737.0,0.0533,Routine inspection,0,0,1,0,1,0.0533,15389.6821,0.053250560562306974,1.0,0.0325
FE-01589,2005,Bridge,Composite Steel-Concrete,Coastal Florida,Severe,25,0.1179,Corrosion,Moderate,959148.0,259868.0,0.2709,Sensor alert,0,0,1,0,2,0.5418,70398.24119999999,0.2709362892900783,2.0,0.2358
FE-01590,2023,Power Plant,Prestressed Concrete,Rural Mountain,Mild,37,0.0198,Brittle fracture,Major,905715.0,389219.0,0.4297,Sensor alert,0,0,1,1,3,1.2891000000000001,167247.40430000002,0.42973672733696583,3.0,0.05940000000000001
FE-01591,2011,Bridge,Steel (A36),Coastal California,Moderate,47,0.0368,Erosion,Catastrophic,1225424.0,1256850.0,1.0256,Routine inspection,0,0,0,1,4,4.1024,1289025.36,1.025645001240387,4.0,0.1472
FE-01592,2019,Building,Steel (A514 HY),Industrial Michigan,Moderate,42,0.0351,Fatigue crack,Major,2577616.0,791196.0,0.3069,Routine inspection,0,0,1,1,3,0.9207000000000001,242818.05240000002,0.3069487464385696,3.0,0.1053
FE-01593,2020,Bridge,Steel (A514 HY),Coastal California,Moderate,32,0.036,Buckling,Minor,995233.0,49345.0,0.0496,Sensor alert,0,0,1,0,1,0.0496,2447.5119999999997,0.049581354316024485,1.0,0.036
FE-01594,2023,Pipeline,Prestressed Concrete,Urban Northeast,Moderate,38,0.0684,Corrosion,Major,2340881.0,1051908.0,0.4494,Routine inspection,0,0,1,1,3,1.3482,472727.4552,0.4493641496513492,3.0,0.2052
FE-01595,2006,Bridge,Prestressed Concrete,Urban Northeast,Moderate,28,0.0653,Erosion,Moderate,1227167.0,265618.0,0.2164,Routine inspection,0,0,0,0,2,0.4328,57479.7352,0.2164481280868863,2.0,0.1306
FE-01596,2013,Bridge,Reinforced Concrete,Desert Southwest,Mild,37,0.0287,Fatigue crack,Moderate,2560421.0,593248.0,0.2317,Load test,0,0,1,0,2,0.4634,137455.5616,0.23169939631021616,2.0,0.0574
FE-01597,2012,Bridge,Prestressed Concrete,Coastal California,Moderate,63,0.0767,Corrosion,Moderate,589181.0,79209.0,0.1344,Sensor alert,0,0,1,0,2,0.2688,10645.6896,0.13443916215899698,2.0,0.1534
FE-01598,2006,Pipeline,Steel (A36),Pacific Northwest,Mild,52,0.0531,Fatigue crack,Moderate,1346459.0,390481.0,0.29,Emergency,0,0,1,0,2,0.58,113239.48999999999,0.2900058598145209,2.0,0.1062
FE-01599,2007,Bridge,Steel (A588 Weathering),Desert Southwest,Mild,77,0.0117,Buckling,Minor,411175.0,24782.0,0.0603,Routine inspection,0,0,1,0,1,0.0603,1494.3546,0.060271174074299265,1.0,0.0117
FE-01600,2007,Pipeline,Prestressed Concrete,Industrial Ohio,Moderate,84,0.0424,Corrosion,Minor,1206557.0,77842.0,0.0645,Routine inspection,0,0,0,0,1,0.0645,5020.809,0.06451580820466832,1.0,0.0424
FE-01601,2018,Bridge,Steel (A36),Urban Northeast,Moderate,25,0.0597,Fatigue crack,Major,4651645.0,2720394.0,0.5848,Routine inspection,1,3,0,0,3,1.7544,1590886.4112,0.5848240783636757,0.75,0.1791
FE-01602,2013,Bridge,Prestressed Concrete,Urban Northeast,Moderate,24,0.0475,Fatigue crack,Minor,1215955.0,31262.0,0.0257,Routine inspection,0,0,0,0,1,0.0257,803.4334,0.025709833011912448,1.0,0.0475
FE-01603,2009,Building,Prestressed Concrete,Rural Mountain,Mild,56,0.0251,Fatigue crack,Moderate,6752795.0,1398794.0,0.2071,Public report,1,18,1,0,2,0.4142,289690.2374,0.20714296820797906,0.10526315789473684,0.0502
FE-01604,2013,Pipeline,Steel (A36),Industrial Ohio,Moderate,76,0.0553,Fatigue crack,Minor,614250.0,30536.0,0.0497,Sensor alert,1,18,1,0,1,0.0497,1517.6392,0.04971265771265771,0.05263157894736842,0.0553
FE-01605,2007,Bridge,Composite Steel-Concrete,Rural Mountain,Mild,53,0.0204,Fatigue crack,Moderate,604791.0,164318.0,0.2717,Emergency,1,33,1,0,2,0.5434,44645.2006,0.27169385787817607,0.058823529411764705,0.0408
FE-01606,2017,Power Plant,Steel (A588 Weathering),Rural South,Mild,66,0.0262,Fatigue crack,Minor,4277928.0,317582.0,0.0742,Public report,1,26,1,0,1,0.0742,23564.5844,0.07423734106791886,0.037037037037037035,0.0262
FE-01607,2017,Power Plant,Steel (A36),Industrial Michigan,Moderate,27,0.0661,Buckling,Major,2638158.0,746736.0,0.2831,Routine inspection,1,11,1,0,3,0.8493,211400.9616,0.28305203858146477,0.25,0.19830000000000003
FE-01608,2011,Bridge,Cast Iron,Coastal Texas,Severe,13,0.0832,Fatigue crack,Major,592143.0,433334.0,0.7318,Sensor alert,0,0,0,0,3,2.1954000000000002,317113.8212,0.7318063373205459,3.0,0.2496
FE-01609,2015,Bridge,Composite Steel-Concrete,Rural Midwest,Mild,47,0.0196,Creep,Moderate,398840.0,61576.0,0.1544,Routine inspection,0,0,1,0,2,0.3088,9507.3344,0.1543877244007622,2.0,0.0392
FE-01610,2023,Bridge,Composite Steel-Concrete,Rural Midwest,Mild,43,0.0353,Overload,Minor,411918.0,29940.0,0.0727,Load test,0,0,1,0,1,0.0727,2176.638,0.07268436921911643,1.0,0.0353
FE-01611,2012,Pipeline,Steel (A36),Coastal Carolina,Severe,66,0.1043,Erosion,Moderate,875672.0,104433.0,0.1193,Routine inspection,0,0,1,0,2,0.2386,12458.8569,0.11926040800665089,2.0,0.2086
FE-01612,2010,Bridge,Reinforced Concrete,Urban West,Mild,36,0.0475,Overload,Moderate,371900.0,41998.0,0.1129,Emergency,1,3,0,0,2,0.2258,4741.5742,0.11292820650712557,0.5,0.095
FE-01613,2022,Pipeline,Steel (A36),Urban Midwest,Moderate,54,0.0391,Fatigue crack,Major,2584769.0,1384811.0,0.5358,Routine inspection,1,3,1,1,3,1.6074000000000002,741981.7338,0.5357581277088977,0.75,0.11730000000000002
FE-01614,2009,Pipeline,Steel (A36),Urban Northeast,Moderate,56,0.062,Corrosion,Minor,475532.0,13422.0,0.0282,Load test,0,0,0,0,1,0.0282,378.5004,0.028225229847833586,1.0,0.062
FE-01615,2019,Building,Cast Iron,Pacific Northwest,Mild,21,0.0281,Corrosion,Catastrophic,436082.0,500058.0,1.1467,Public report,0,0,0,1,4,4.5868,573416.5086000001,1.146706353392252,4.0,0.1124
FE-01616,2007,Pipeline,Composite Steel-Concrete,Industrial Ohio,Moderate,47,0.0756,Overload,Catastrophic,2072644.0,1252245.0,0.6042,Emergency,0,0,0,0,4,2.4168,756606.429,0.6041775625722507,4.0,0.3024
FE-01617,2005,Bridge,Steel (A36),Urban Northeast,Moderate,31,0.0325,Settlement,Major,333792.0,182477.0,0.5467,Routine inspection,0,0,1,1,3,1.6401,99760.17589999999,0.5466787700124629,3.0,0.0975
FE-01618,2011,Bridge,Stainless Steel 316L,Rural Mountain,Mild,27,0.0028,Corrosion,Moderate,2926866.0,693842.0,0.2371,Routine inspection,0,0,1,0,2,0.4742,164509.9382,0.237059708233995,2.0,0.0056
FE-01619,2014,Bridge,Reinforced Concrete,Industrial New Jersey,Moderate,57,0.0642,Settlement,Catastrophic,293213.0,374761.0,1.2781,Routine inspection,0,0,1,1,4,5.1124,478982.0341,1.2781186373046216,4.0,0.2568
FE-01620,2016,Pipeline,Composite Steel-Concrete,Urban Northeast,Moderate,71,0.0753,Creep,Major,1657622.0,629125.0,0.3795,Routine inspection,0,0,0,1,3,1.1385,238752.9375,0.37953465868575587,3.0,0.22590000000000002
FE-01621,2007,Pipeline,Steel (A36),Industrial New Jersey,Moderate,51,0.0457,Settlement,Minor,1117823.0,74431.0,0.0666,Sensor alert,0,0,0,0,1,0.0666,4957.104600000001,0.06658567590754529,1.0,0.0457
FE-01622,2010,Pipeline,Reinforced Concrete,Desert Southwest,Mild,32,0.0256,Settlement,Minor,262357.0,19654.0,0.0749,Sensor alert,0,0,1,0,1,0.0749,1472.0846,0.07491319080489561,1.0,0.0256
FE-01623,2022,Bridge,Composite Steel-Concrete,Coastal California,Moderate,21,0.0462,Corrosion,Major,5299428.0,1710383.0,0.3227,Routine inspection,1,37,1,1,3,0.9681,551940.5941,0.3227486060759765,0.07894736842105263,0.1386
FE-01624,2020,Pipeline,Steel (A588 Weathering),Coastal Florida,Severe,66,0.0669,Creep,Major,1849134.0,777525.0,0.4205,Public report,0,0,1,0,3,1.2614999999999998,326949.2625,0.42048061416857835,3.0,0.2007
FE-01625,2013,Bridge,Steel (A36),Urban Northeast,Moderate,41,0.067,Fatigue crack,Minor,515849.0,26032.0,0.0505,Routine inspection,0,0,1,0,1,0.0505,1314.616,0.05046438008021727,1.0,0.067
FE-01626,2021,Building,Prestressed Concrete,Desert Southwest,Mild,28,0.0163,Corrosion,Moderate,446455.0,112985.0,0.2531,Sensor alert,0,0,0,0,2,0.5062,28596.5035,0.2530714181720442,2.0,0.0326
FE-01627,2013,Bridge,Composite Steel-Concrete,Coastal California,Moderate,29,0.0872,Corrosion,Minor,172465.0,8499.0,0.0493,Emergency,0,0,1,0,1,0.0493,419.0007,0.04927956396950106,1.0,0.0872
FE-01628,2012,Bridge,Prestressed Concrete,Industrial New Jersey,Moderate,68,0.0867,Corrosion,Moderate,1822412.0,288659.0,0.1584,Sensor alert,0,0,1,0,2,0.3168,45723.585600000006,0.15839393068087787,2.0,0.1734
FE-01629,2006,Bridge,Prestressed Concrete,Coastal Texas,Severe,44,0.0685,Fatigue crack,Minor,514588.0,28919.0,0.0562,Emergency,1,5,1,0,1,0.0562,1625.2478,0.05619835674364734,0.16666666666666666,0.0685
FE-01630,2019,Building,Timber,Coastal Texas,Severe,55,0.0766,Overload,Moderate,432095.0,73548.0,0.1702,Sensor alert,0,0,1,0,2,0.3404,12517.8696,0.1702125689952441,2.0,0.1532
FE-01631,2017,Building,Reinforced Concrete,Rural South,Mild,66,0.0501,Overload,Moderate,327100.0,51413.0,0.1572,Sensor alert,0,0,1,0,2,0.3144,8082.1236,0.15717823295628247,2.0,0.1002
FE-01632,2012,Bridge,Reinforced Concrete,Urban Midwest,Moderate,59,0.056,Brittle fracture,Moderate,1208689.0,318297.0,0.2633,Routine inspection,0,0,1,0,2,0.5266,83807.6001,0.2633406939254018,2.0,0.112
FE-01633,2014,Bridge,Steel (A36),Rural South,Mild,33,0.0402,Corrosion,Moderate,5716722.0,1403150.0,0.2454,Emergency,0,0,1,0,2,0.4908,344333.01,0.2454466038404526,2.0,0.0804
FE-01634,2016,Building,Steel (A36),Coastal California,Moderate,92,0.1021,Buckling,Major,1217734.0,484114.0,0.3976,Public report,1,2,0,1,3,1.1928,192483.7264,0.3975531602139712,1.0,0.3063
FE-01635,2007,Bridge,Steel (A588 Weathering),Urban Midwest,Moderate,42,0.0282,Brittle fracture,Major,1494264.0,960967.0,0.6431,Routine inspection,0,0,0,0,3,1.9293,617997.8777,0.6431038959648362,3.0,0.0846
FE-01636,2008,Bridge,Steel (A514 HY),Coastal California,Moderate,38,0.0651,Corrosion,Moderate,1308767.0,380028.0,0.2904,Emergency,1,33,1,0,2,0.5808,110360.1312,0.2903710133278116,0.058823529411764705,0.1302
FE-01637,2023,Bridge,Prestressed Concrete,Coastal Carolina,Severe,51,0.0698,Fatigue crack,Moderate,7410668.0,1197054.0,0.1615,Routine inspection,1,4,1,0,2,0.323,193324.22100000002,0.16153118720201742,0.4,0.1396
FE-01638,2020,Bridge,Steel (A36),Coastal California,Moderate,37,0.0874,Creep,Minor,3749322.0,132986.0,0.0355,Routine inspection,1,30,1,0,1,0.0355,4721.003,0.03546934619112469,0.03225806451612903,0.0874
FE-01639,2006,Building,Steel (A36),Coastal California,Moderate,52,0.0792,Buckling,Major,1220759.0,455997.0,0.3735,Sensor alert,1,2,0,0,3,1.1205,170314.8795,0.3735356446276456,1.0,0.23760000000000003
FE-01640,2008,Power Plant,Reinforced Concrete,Industrial Ohio,Moderate,39,0.0826,Corrosion,Catastrophic,2245203.0,2662364.0,1.1858,Sensor alert,1,5,1,1,4,4.7432,3157031.2312,1.1858010166564004,0.6666666666666666,0.3304
FE-01641,2016,Building,Prestressed Concrete,Coastal Florida,Severe,52,0.1311,Fatigue crack,Minor,757592.0,31102.0,0.0411,Emergency,0,0,1,0,1,0.0411,1278.2921999999999,0.04105375980738973,1.0,0.1311
FE-01642,2022,Pipeline,Reinforced Concrete,Coastal Carolina,Severe,32,0.0659,Corrosion,Minor,1527392.0,107260.0,0.0702,Emergency,0,0,1,0,1,0.0702,7529.652,0.07022427772307306,1.0,0.0659
FE-01643,2012,Power Plant,Stainless Steel 316L,Coastal Texas,Severe,41,0.0083,Creep,Minor,2685197.0,126696.0,0.0472,Routine inspection,1,3,1,0,1,0.0472,5980.0512,0.04718313032526105,0.25,0.0083
FE-01644,2008,Bridge,Prestressed Concrete,Coastal California,Moderate,45,0.0747,Buckling,Moderate,418167.0,110864.0,0.2651,Routine inspection,0,0,0,0,2,0.5302,29390.0464,0.26511895965009197,2.0,0.1494
FE-01645,2010,Pipeline,Prestressed Concrete,Industrial Michigan,Moderate,26,0.0694,Settlement,Minor,6347102.0,431016.0,0.0679,Emergency,0,0,0,0,1,0.0679,29265.9864,0.06790752693118844,1.0,0.0694
FE-01646,2017,Pipeline,Steel (A36),Rural Mountain,Mild,38,0.0239,Fatigue crack,Minor,234361.0,12376.0,0.0528,Routine inspection,1,19,1,0,1,0.0528,653.4528,0.05280742102994952,0.05,0.0239
FE-01647,2014,Pipeline,Cast Iron,Coastal Florida,Severe,40,0.1135,Buckling,Moderate,4063463.0,672328.0,0.1655,Routine inspection,0,0,1,0,2,0.331,111270.284,0.16545690215464,2.0,0.227
FE-01648,2007,Bridge,Prestressed Concrete,Desert Southwest,Mild,35,0.0161,Creep,Moderate,1173738.0,124062.0,0.1057,Load test,0,0,0,0,2,0.2114,13113.3534,0.10569820522126744,2.0,0.0322
FE-01649,2018,Pipeline,Timber,Coastal Florida,Severe,31,0.0988,Fatigue crack,Major,915134.0,658181.0,0.7192,Emergency,1,12,1,0,3,2.1576,473363.7752,0.7192181691424425,0.23076923076923078,0.2964
FE-01650,2020,Bridge,Prestressed Concrete,Industrial Michigan,Moderate,60,0.0825,Erosion,Minor,3813227.0,255310.0,0.067,Public report,1,5,0,0,1,0.067,17105.77,0.06695379005760738,0.16666666666666666,0.0825
FE-01651,2018,Building,Prestressed Concrete,Urban Northeast,Moderate,21,0.0665,Corrosion,Moderate,276968.0,73129.0,0.264,Sensor alert,1,7,1,0,2,0.528,19306.056,0.26403411224401374,0.25,0.133
FE-01652,2010,Building,Prestressed Concrete,Industrial New Jersey,Moderate,27,0.0992,Buckling,Moderate,591768.0,175201.0,0.2961,Public report,1,1,1,0,2,0.5922,51877.01609999999,0.2960636600830055,1.0,0.1984
FE-01653,2015,Bridge,Steel (A36),Urban Midwest,Moderate,47,0.044,Fatigue crack,Major,1578663.0,1084623.0,0.6871,Routine inspection,0,0,0,0,3,2.0613,745244.4633000001,0.6870516380000038,3.0,0.132
FE-01654,2022,Bridge,Steel (A36),Coastal Carolina,Severe,37,0.0617,Corrosion,Moderate,589911.0,132284.0,0.2242,Routine inspection,0,0,0,0,2,0.4484,29658.0728,0.2242439961282295,2.0,0.1234
FE-01655,2017,Pipeline,Steel (A588 Weathering),Industrial New Jersey,Moderate,55,0.0423,Fatigue crack,Moderate,215193.0,60039.0,0.279,Emergency,1,0,0,0,2,0.558,16750.881,0.2790007109896697,2.0,0.0846
FE-01656,2009,Building,Steel (A588 Weathering),Industrial Michigan,Moderate,48,0.0193,Creep,Major,2080777.0,1401276.0,0.6734,Sensor alert,0,0,0,0,3,2.0202,943619.2584,0.6734388163652328,3.0,0.05790000000000001
FE-01657,2007,Bridge,Reinforced Concrete,Coastal Texas,Severe,44,0.0737,Corrosion,Minor,5488090.0,203909.0,0.0372,Routine inspection,0,0,1,0,1,0.0372,7585.4148,0.03715482071175946,1.0,0.0737
FE-01658,2020,Bridge,Reinforced Concrete,Pacific Northwest,Mild,31,0.0341,Corrosion,Moderate,730025.0,210546.0,0.2884,Load test,1,11,1,0,2,0.5768,60721.4664,0.28840930105133383,0.16666666666666666,0.0682
FE-01659,2012,Power Plant,Cast Iron,Desert Southwest,Mild,49,0.0103,Overload,Major,2166373.0,1354061.0,0.625,Sensor alert,0,0,1,1,3,1.875,846288.125,0.6250359471799177,3.0,0.0309
FE-01660,2009,Bridge,Prestressed Concrete,Rural South,Mild,66,0.047,Corrosion,Moderate,318394.0,53762.0,0.1689,Routine inspection,0,0,0,0,2,0.3378,9080.4018,0.16885368442872667,2.0,0.094
FE-01661,2022,Building,Steel (A36),Urban West,Mild,38,0.0433,Buckling,Catastrophic,814176.0,1133400.0,1.3921,Routine inspection,0,0,1,1,4,5.5684,1577806.14,1.3920823016153756,4.0,0.1732
FE-01662,2012,Building,Steel (A36),Industrial Michigan,Moderate,32,0.0614,Fatigue crack,Minor,4395464.0,295443.0,0.0672,Sensor alert,0,0,1,0,1,0.0672,19853.7696,0.06721542936081379,1.0,0.0614
FE-01663,2014,Bridge,Steel (A514 HY),Rural Midwest,Mild,25,0.045,Corrosion,Major,1426667.0,1033745.0,0.7246,Routine inspection,1,89,0,1,3,2.1738,749051.627,0.7245874475262973,0.03333333333333333,0.135
FE-01664,2016,Building,Prestressed Concrete,Urban West,Mild,28,0.0239,Buckling,Minor,1028319.0,39503.0,0.0384,Sensor alert,0,0,1,0,1,0.0384,1516.9152,0.038415122155673484,1.0,0.0239
FE-01665,2015,Pipeline,Prestressed Concrete,Urban West,Mild,44,0.0216,Fatigue crack,Minor,297148.0,13614.0,0.0458,Public report,0,0,1,0,1,0.0458,623.5212,0.0458155531923486,1.0,0.0216
FE-01666,2013,Bridge,Steel (A36),Industrial Michigan,Moderate,28,0.0607,Buckling,Minor,1063420.0,68760.0,0.0647,Sensor alert,0,0,1,0,1,0.0647,4448.772,0.06465930676496587,1.0,0.0607
FE-01667,2015,Bridge,Reinforced Concrete,Industrial New Jersey,Moderate,33,0.0433,Corrosion,Catastrophic,738533.0,626776.0,0.8487,Public report,0,0,1,0,4,3.3948,531944.7912,0.8486770394823251,4.0,0.1732
FE-01668,2017,Building,Prestressed Concrete,Desert Southwest,Mild,63,0.0156,Brittle fracture,Moderate,972841.0,199982.0,0.2056,Routine inspection,1,26,1,0,2,0.4112,41116.2992,0.20556493815536145,0.07407407407407407,0.0312
FE-01669,2020,Building,Prestressed Concrete,Coastal Carolina,Severe,14,0.0548,Settlement,Catastrophic,11938514.0,11829372.0,0.9909,Public report,0,0,0,0,4,3.9636,11721724.7148,0.9908579912039304,4.0,0.2192
FE-01670,2017,Bridge,Cast Iron,Desert Southwest,Mild,47,0.0215,Brittle fracture,Moderate,1161666.0,325044.0,0.2798,Public report,0,0,0,0,2,0.5596,90947.3112,0.2798084819560872,2.0,0.043
FE-01671,2023,Bridge,Prestressed Concrete,Urban Northeast,Moderate,66,0.052,Fatigue crack,Minor,1234125.0,53804.0,0.0436,Sensor alert,0,0,0,0,1,0.0436,2345.8544,0.043596880380836624,1.0,0.052
FE-01672,2017,Building,Prestressed Concrete,Industrial Ohio,Moderate,63,0.0889,Corrosion,Major,938457.0,571256.0,0.6087,Routine inspection,0,0,1,1,3,1.8261,347723.5272,0.6087183536379397,3.0,0.26670000000000005
FE-01673,2022,Building,Prestressed Concrete,Industrial Michigan,Moderate,33,0.0545,Fatigue crack,Moderate,869455.0,108806.0,0.1251,Routine inspection,1,32,1,0,2,0.2502,13611.630599999999,0.12514276184506387,0.06060606060606061,0.109
FE-01674,2019,Bridge,Steel (A36),Coastal Carolina,Severe,17,0.0408,Brittle fracture,Moderate,66380301.0,15470387.0,0.2331,Routine inspection,0,0,0,0,2,0.4662,3606147.2097,0.23305689740695812,2.0,0.0816
FE-01675,2012,Bridge,Reinforced Concrete,Industrial Michigan,Moderate,41,0.042,Creep,Major,577292.0,234754.0,0.4066,Sensor alert,0,0,1,1,3,1.2198,95450.9764,0.4066468961981112,3.0,0.126
FE-01676,2005,Bridge,Timber,Industrial New Jersey,Moderate,26,0.044,Buckling,Moderate,1377628.0,186295.0,0.1352,Sensor alert,0,0,1,0,2,0.2704,25187.084,0.13522881358392833,2.0,0.088
FE-01677,2008,Building,Steel (A36),Industrial New Jersey,Moderate,38,0.0713,Brittle fracture,Moderate,2588934.0,711256.0,0.2747,Routine inspection,1,1,1,0,2,0.5494,195382.0232,0.27472929012481584,1.0,0.1426
FE-01678,2016,Building,Prestressed Concrete,Industrial New Jersey,Moderate,41,0.0442,Overload,Moderate,73123.0,7901.0,0.1081,Sensor alert,0,0,1,0,2,0.2162,854.0981,0.10805081848392435,2.0,0.0884
FE-01679,2009,Bridge,Steel (A36),Rural South,Mild,60,0.0472,Corrosion,Minor,576342.0,17319.0,0.03,Emergency,0,0,1,0,1,0.03,519.5699999999999,0.030049866225262085,1.0,0.0472
FE-01680,2007,Pipeline,Steel (A36),Urban West,Mild,24,0.0301,Fatigue crack,Catastrophic,7708502.0,8040346.0,1.043,Load test,1,3,0,0,4,4.172,8386080.878,1.0430490904717933,1.0,0.1204
FE-01681,2005,Bridge,Steel (A36),Rural Midwest,Mild,42,0.0213,Fatigue crack,Moderate,433098.0,46467.0,0.1073,Routine inspection,0,0,0,0,2,0.2146,4985.9091,0.10728980507875815,2.0,0.0426
FE-01682,2017,Building,Reinforced Concrete,Industrial Ohio,Moderate,19,0.0616,Corrosion,Major,1054481.0,329026.0,0.312,Routine inspection,0,0,1,1,3,0.9359999999999999,102656.112,0.31202648506706143,3.0,0.18480000000000002
FE-01683,2014,Bridge,FRP Composite,Coastal California,Moderate,43,0.0666,Brittle fracture,Catastrophic,1454316.0,1070653.0,0.7362,Emergency,0,0,1,0,4,2.9448,788214.7385999999,0.7361900714837766,4.0,0.2664
FE-01684,2009,Bridge,Reinforced Concrete,Urban Midwest,Moderate,32,0.028,Fatigue crack,Minor,432099.0,20714.0,0.0479,Routine inspection,0,0,1,0,1,0.0479,992.2006,0.047938088262180656,1.0,0.028
FE-01685,2022,Bridge,Timber,Coastal Carolina,Severe,46,0.0844,Fatigue crack,Minor,228072.0,16828.0,0.0738,Load test,1,4,1,0,1,0.0738,1241.9064,0.07378371742256831,0.2,0.0844
FE-01686,2010,Bridge,Reinforced Concrete,Coastal Florida,Severe,28,0.1469,Corrosion,Minor,2308249.0,137859.0,0.0597,Sensor alert,0,0,1,0,1,0.0597,8230.1823,0.059724492461601844,1.0,0.1469
FE-01687,2008,Building,Prestressed Concrete,Coastal Texas,Severe,79,0.0571,Fatigue crack,Moderate,759493.0,160842.0,0.2118,Sensor alert,0,0,1,0,2,0.4236,34066.3356,0.21177548706834692,2.0,0.1142
FE-01688,2008,Bridge,Prestressed Concrete,Urban Northeast,Moderate,39,0.0818,Buckling,Minor,373971.0,24051.0,0.0643,Routine inspection,1,5,0,0,1,0.0643,1546.4793,0.06431247342708392,0.16666666666666666,0.0818
FE-01689,2022,Bridge,Steel (A514 HY),Industrial Ohio,Moderate,32,0.057,Settlement,Moderate,2382087.0,279132.0,0.1172,Sensor alert,0,0,1,0,2,0.2344,32714.2704,0.11717959923378113,2.0,0.114
FE-01690,2021,Bridge,Composite Steel-Concrete,Rural Midwest,Mild,33,0.0189,Fatigue crack,Major,307745.0,91056.0,0.2959,Load test,1,41,0,0,3,0.8876999999999999,26943.4704,0.29588133032218233,0.07142857142857142,0.0567
FE-01691,2019,Bridge,Steel (A36),Coastal California,Moderate,32,0.0429,Fatigue crack,Moderate,456941.0,90835.0,0.1988,Routine inspection,1,6,1,0,2,0.3976,18057.998,0.19878934041812837,0.2857142857142857,0.0858
FE-01692,2021,Pipeline,Steel (A588 Weathering),Rural South,Mild,46,0.0134,Buckling,Moderate,2503544.0,399639.0,0.1596,Public report,1,2,1,0,2,0.3192,63782.384399999995,0.15962930949086576,0.6666666666666666,0.0268
FE-01693,2009,Building,Steel (A36),Rural Midwest,Mild,31,0.0428,Corrosion,Minor,618518.0,45429.0,0.0734,Routine inspection,0,0,1,0,1,0.0734,3334.4886,0.07344814540563088,1.0,0.0428
FE-01694,2007,Pipeline,Reinforced Concrete,Urban Midwest,Moderate,59,0.0671,Overload,Moderate,476632.0,97195.0,0.2039,Public report,1,16,0,0,2,0.4078,19818.0605,0.20392042498195673,0.11764705882352941,0.1342
FE-01695,2015,Building,Reinforced Concrete,Rural Mountain,Mild,49,0.0205,Corrosion,Moderate,446947.0,116368.0,0.2604,Public report,1,0,0,0,2,0.5208,30302.2272,0.26036196685513047,2.0,0.041
FE-01696,2015,Bridge,Aluminium Alloy,Industrial Michigan,Moderate,76,0.0705,Overload,Minor,914814.0,38156.0,0.0417,Load test,0,0,1,0,1,0.0417,1591.1052,0.04170902500398988,1.0,0.0705
FE-01697,2010,Bridge,Steel (A514 HY),Rural Midwest,Mild,42,0.0415,Fatigue crack,Catastrophic,1198794.0,1202725.0,1.0033,Routine inspection,1,10,0,1,4,4.0132,1206693.9925000002,1.0032791288578355,0.36363636363636365,0.166
FE-01698,2022,Bridge,Composite Steel-Concrete,Industrial Michigan,Moderate,54,0.0892,Buckling,Minor,1095098.0,82049.0,0.0749,Public report,1,8,1,0,1,0.0749,6145.4701,0.07492388809038095,0.1111111111111111,0.0892
FE-01699,2015,Bridge,Steel (A36),Rural Midwest,Mild,28,0.0384,Corrosion,Major,259410.0,102043.0,0.3934,Sensor alert,1,76,1,0,3,1.1802000000000001,40143.7162,0.3933657145059944,0.03896103896103896,0.1152
FE-01700,2006,Building,Steel (A36),Urban West,Mild,46,0.0573,Erosion,Moderate,2980558.0,429346.0,0.144,Sensor alert,0,0,1,0,2,0.288,61825.82399999999,0.14404886601770542,2.0,0.1146
FE-01701,2009,Bridge,Prestressed Concrete,Coastal Carolina,Severe,39,0.1105,Buckling,Moderate,5120856.0,673896.0,0.1316,Public report,1,0,1,0,2,0.2632,88684.7136,0.13159831090739518,2.0,0.221
FE-01702,2017,Bridge,Reinforced Concrete,Urban Northeast,Moderate,39,0.0454,Overload,Minor,796619.0,44835.0,0.0563,Routine inspection,0,0,0,0,1,0.0563,2524.2105,0.05628161015491722,1.0,0.0454
FE-01703,2008,Bridge,Stainless Steel 316L,Coastal Florida,Severe,69,0.0206,Fatigue crack,Major,2678883.0,1572853.0,0.5871,Public report,1,33,1,1,3,1.7612999999999999,923421.9962999999,0.5871301583533137,0.08823529411764706,0.0618
FE-01704,2006,Bridge,Composite Steel-Concrete,Pacific Northwest,Mild,38,0.0485,Fatigue crack,Minor,1821215.0,84177.0,0.0462,Routine inspection,0,0,1,0,1,0.0462,3888.9773999999998,0.04622024307948265,1.0,0.0485
FE-01705,2012,Bridge,Reinforced Concrete,Coastal Florida,Severe,58,0.0765,Creep,Moderate,446581.0,101574.0,0.2274,Routine inspection,1,8,1,0,2,0.4548,23097.9276,0.2274481001206948,0.2222222222222222,0.153
FE-01706,2022,Building,Prestressed Concrete,Pacific Northwest,Mild,26,0.0317,Buckling,Moderate,3469501.0,792030.0,0.2283,Sensor alert,0,0,0,0,2,0.4566,180820.449,0.22828354855640623,2.0,0.0634
FE-01707,2013,Bridge,Steel (A588 Weathering),Coastal Texas,Severe,26,0.0516,Settlement,Moderate,546321.0,151845.0,0.2779,Emergency,1,25,1,0,2,0.5558,42197.7255,0.27794099073621553,0.07692307692307693,0.1032
FE-01708,2020,Bridge,Steel (A588 Weathering),Rural South,Mild,26,0.0131,Fatigue crack,Major,742771.0,246496.0,0.3319,Routine inspection,0,0,0,0,3,0.9956999999999999,81812.02239999999,0.33186002146018084,3.0,0.0393
FE-01709,2009,Bridge,Prestressed Concrete,Coastal Carolina,Severe,32,0.0839,Corrosion,Moderate,416783.0,80018.0,0.192,Routine inspection,0,0,1,0,2,0.384,15363.456,0.1919895965046559,2.0,0.1678
FE-01710,2021,Building,Prestressed Concrete,Industrial Michigan,Moderate,31,0.0584,Fatigue crack,Major,888098.0,551340.0,0.6208,Routine inspection,0,0,1,1,3,1.8624,342271.87200000003,0.620809865577898,3.0,0.1752
FE-01711,2022,Bridge,Steel (A514 HY),Rural Midwest,Mild,64,0.0271,Brittle fracture,Major,534731.0,297947.0,0.5572,Public report,0,0,1,1,3,1.6716000000000002,166016.06840000002,0.557190437808917,3.0,0.0813
FE-01712,2010,Bridge,Stainless Steel 316L,Urban Northeast,Moderate,39,0.0087,Corrosion,Moderate,825124.0,153627.0,0.1862,Routine inspection,0,0,0,0,2,0.3724,28605.347400000002,0.1861865610502179,2.0,0.0174
FE-01713,2023,Pipeline,Reinforced Concrete,Desert Southwest,Mild,70,0.0162,Creep,Minor,1563824.0,90837.0,0.0581,Routine inspection,0,0,0,0,1,0.0581,5277.6296999999995,0.058086459857375254,1.0,0.0162
FE-01714,2014,Bridge,Steel (A36),Urban West,Mild,58,0.0268,Corrosion,Major,334901.0,246927.0,0.7373,Routine inspection,0,0,1,1,3,2.2119,182059.27709999998,0.7373134150092117,3.0,0.0804
FE-01715,2005,Power Plant,Prestressed Concrete,Urban West,Mild,39,0.0201,Corrosion,Moderate,321795.0,40879.0,0.127,Routine inspection,0,0,1,0,2,0.254,5191.633,0.12703429201821034,2.0,0.0402
FE-01716,2012,Bridge,FRP Composite,Rural South,Mild,52,0.0576,Fatigue crack,Moderate,1147753.0,202344.0,0.1763,Sensor alert,1,4,1,0,2,0.3526,35673.247200000005,0.17629577095420357,0.4,0.1152
FE-01717,2013,Building,Steel (A36),Coastal Carolina,Severe,40,0.0578,Buckling,Catastrophic,3029201.0,1564493.0,0.5165,Emergency,0,0,1,1,4,2.066,808060.6344999999,0.516470514832129,4.0,0.2312
FE-01718,2009,Bridge,Steel (A588 Weathering),Coastal Florida,Severe,64,0.0688,Fatigue crack,Moderate,2007881.0,282515.0,0.1407,Sensor alert,1,43,0,0,2,0.2814,39749.860499999995,0.14070305959367113,0.045454545454545456,0.1376
FE-01719,2020,Bridge,Prestressed Concrete,Rural Mountain,Mild,49,0.0287,Brittle fracture,Major,1108864.0,553591.0,0.4992,Routine inspection,0,0,1,0,3,1.4975999999999998,276352.6272,0.49924156614336834,3.0,0.0861
FE-01720,2019,Pipeline,Prestressed Concrete,Urban Northeast,Moderate,45,0.0625,Settlement,Catastrophic,1457755.0,2021169.0,1.3865,Sensor alert,0,0,0,1,4,5.546,2802350.8185,1.3864943011685777,4.0,0.25
FE-01721,2022,Building,Prestressed Concrete,Urban West,Mild,45,0.0424,Corrosion,Minor,1233205.0,36793.0,0.0298,Load test,0,0,1,0,1,0.0298,1096.4314,0.02983526664261011,1.0,0.0424
FE-01722,2014,Bridge,Steel (A36),Urban Midwest,Moderate,45,0.0691,Settlement,Moderate,1271778.0,164491.0,0.1293,Sensor alert,0,0,1,0,2,0.2586,21268.6863,0.12933939728474625,2.0,0.1382
FE-01723,2015,Pipeline,Steel (A36),Industrial Ohio,Moderate,62,0.0366,Buckling,Major,12156065.0,8159456.0,0.6712,Public report,1,27,1,1,3,2.0136000000000003,5476626.8672,0.6712251045054465,0.10714285714285714,0.10980000000000001
FE-01724,2016,Bridge,Stainless Steel 316L,Coastal California,Moderate,39,0.0054,Creep,Major,488233.0,246240.0,0.5043,Sensor alert,0,0,1,1,3,1.5129,124178.832,0.504349357786139,3.0,0.0162
FE-01725,2010,Building,Steel (A36),Urban Midwest,Moderate,51,0.0262,Corrosion,Minor,3740570.0,180020.0,0.0481,Emergency,0,0,1,0,1,0.0481,8658.962,0.048126355074226655,1.0,0.0262
FE-01726,2023,Building,Steel (A514 HY),Coastal Florida,Severe,50,0.11,Corrosion,Minor,2387295.0,115552.0,0.0484,Sensor alert,0,0,0,0,1,0.0484,5592.7168,0.04840289951597938,1.0,0.11
FE-01727,2023,Pipeline,Aluminium Alloy,Urban Northeast,Moderate,56,0.0808,Buckling,Major,1703653.0,562729.0,0.3303,Emergency,1,10,0,1,3,0.9908999999999999,185869.38869999998,0.33030728675381665,0.2727272727272727,0.2424
FE-01728,2020,Building,Composite Steel-Concrete,Urban West,Mild,34,0.0436,Corrosion,Minor,4385165.0,315590.0,0.072,Public report,0,0,1,0,1,0.072,22722.48,0.07196764545917884,1.0,0.0436
FE-01729,2008,Power Plant,Reinforced Concrete,Rural Midwest,Mild,47,0.0439,Creep,Catastrophic,566548.0,578518.0,1.0211,Sensor alert,0,0,1,1,4,4.0844,590724.7298,1.0211279538538658,4.0,0.1756
FE-01730,2020,Pipeline,Steel (A36),Desert Southwest,Mild,32,0.0199,Fatigue crack,Minor,7747670.0,404988.0,0.0523,Sensor alert,1,8,0,0,1,0.0523,21180.8724,0.05227223152250935,0.1111111111111111,0.0199
FE-01731,2013,Bridge,Prestressed Concrete,Rural South,Mild,39,0.042,Fatigue crack,Major,238280.0,103639.0,0.4349,Load test,1,3,0,1,3,1.3047,45072.6011,0.4349462816854121,0.75,0.126
FE-01732,2009,Bridge,Steel (A588 Weathering),Urban West,Mild,43,0.0191,Corrosion,Major,676969.0,502118.0,0.7417,Sensor alert,0,0,1,1,3,2.2251000000000003,372420.9206,0.7417149086590376,3.0,0.0573
FE-01733,2017,Building,Reinforced Concrete,Coastal Texas,Severe,23,0.1229,Fatigue crack,Minor,704261.0,19612.0,0.0278,Public report,0,0,0,0,1,0.0278,545.2135999999999,0.027847630352951534,1.0,0.1229
FE-01734,2021,Bridge,Reinforced Concrete,Urban West,Mild,45,0.0358,Overload,Major,1582461.0,785147.0,0.4962,Sensor alert,0,0,0,1,3,1.4886,389589.94139999995,0.49615567145098677,3.0,0.1074
FE-01735,2009,Building,Steel (A36),Desert Southwest,Mild,38,0.0109,Fatigue crack,Moderate,281681.0,67204.0,0.2386,Routine inspection,1,38,1,0,2,0.4772,16034.8744,0.2385819419840174,0.05128205128205128,0.0218
FE-01736,2016,Bridge,Cast Iron,Industrial New Jersey,Moderate,47,0.0609,Corrosion,Minor,1565674.0,112564.0,0.0719,Sensor alert,0,0,0,0,1,0.0719,8093.351600000001,0.07189491554435981,1.0,0.0609
FE-01737,2012,Bridge,Stainless Steel 316L,Rural South,Mild,28,0.0044,Erosion,Moderate,202769.0,20465.0,0.1009,Routine inspection,1,13,1,0,2,0.2018,2064.9185,0.10092765659444984,0.14285714285714285,0.0088
FE-01738,2010,Bridge,Steel (A36),Industrial Michigan,Moderate,56,0.0752,Fatigue crack,Major,12042696.0,4567117.0,0.3792,Routine inspection,1,1,0,0,3,1.1376,1731850.7663999998,0.3792437341273084,1.5,0.22560000000000002
FE-01739,2011,Pipeline,Prestressed Concrete,Coastal California,Moderate,50,0.084,Corrosion,Moderate,1202197.0,277698.0,0.231,Routine inspection,0,0,1,0,2,0.462,64148.238000000005,0.23099209197826978,2.0,0.168
FE-01740,2022,Building,Reinforced Concrete,Pacific Northwest,Mild,59,0.0248,Fatigue crack,Catastrophic,968612.0,663790.0,0.6853,Emergency,0,0,1,1,4,2.7412,454895.287,0.685300202764368,4.0,0.0992
FE-01741,2017,Building,Steel (A36),Coastal Carolina,Severe,64,0.0971,Overload,Moderate,493977.0,74139.0,0.1501,Sensor alert,0,0,1,0,2,0.3002,11128.2639,0.15008593517511948,2.0,0.1942
FE-01742,2011,Bridge,Composite Steel-Concrete,Rural South,Mild,41,0.0584,Fatigue crack,Moderate,1012969.0,273152.0,0.2697,Load test,1,28,0,0,2,0.5394,73669.0944,0.2696548462983566,0.06896551724137931,0.1168
FE-01743,2019,Bridge,Aluminium Alloy,Coastal Carolina,Severe,55,0.0823,Corrosion,Major,868764.0,413064.0,0.4755,Public report,0,0,1,1,3,1.4264999999999999,196411.932,0.47546169040153596,3.0,0.2469
FE-01744,2012,Bridge,Composite Steel-Concrete,Industrial New Jersey,Moderate,22,0.0991,Corrosion,Major,2354067.0,1548017.0,0.6576,Emergency,0,0,1,0,3,1.9727999999999999,1017975.9792,0.6575925833886631,3.0,0.2973
FE-01745,2020,Bridge,Steel (A588 Weathering),Coastal Texas,Severe,47,0.0613,Fatigue crack,Catastrophic,871201.0,910816.0,1.0455,Routine inspection,1,14,1,1,4,4.182,952258.1280000001,1.0454717108910574,0.26666666666666666,0.2452
FE-01746,2005,Bridge,Reinforced Concrete,Industrial Ohio,Moderate,58,0.0789,Erosion,Moderate,1985574.0,544419.0,0.2742,Load test,0,0,0,0,2,0.5484,149279.6898,0.27418721236277266,2.0,0.1578
FE-01747,2012,Pipeline,Steel (A36),Rural Mountain,Mild,32,0.0181,Overload,Major,5039975.0,2969226.0,0.5891,Routine inspection,0,0,0,1,3,1.7672999999999999,1749171.0365999998,0.589135065154093,3.0,0.0543
FE-01748,2022,Pipeline,Prestressed Concrete,Coastal Florida,Severe,45,0.0775,Erosion,Minor,1698821.0,43674.0,0.0257,Public report,0,0,0,0,1,0.0257,1122.4218,0.025708417779153895,1.0,0.0775
FE-01749,2023,Bridge,Steel (A36),Pacific Northwest,Mild,42,0.0218,Overload,Major,2997387.0,1280982.0,0.4274,Routine inspection,1,8,0,0,3,1.2822,547491.7068,0.42736623599154866,0.3333333333333333,0.0654
FE-01750,2021,Bridge,Steel (A588 Weathering),Desert Southwest,Mild,65,0.013,Corrosion,Moderate,1465061.0,399000.0,0.2723,Emergency,1,12,1,0,2,0.5446,108647.7,0.2723436089009263,0.15384615384615385,0.026
FE-01751,2008,Bridge,Steel (A36),Urban Northeast,Moderate,19,0.0325,Fatigue crack,Major,2390899.0,970362.0,0.4059,Sensor alert,0,0,1,1,3,1.2177,393869.9358,0.40585654182799025,3.0,0.0975
FE-01752,2012,Building,Reinforced Concrete,Industrial Michigan,Moderate,30,0.0749,Fatigue crack,Major,3418657.0,1174522.0,0.3436,Routine inspection,0,0,0,0,3,1.0308000000000002,403565.75920000003,0.3435623989186397,3.0,0.22469999999999998
FE-01753,2013,Bridge,Steel (A36),Industrial New Jersey,Moderate,39,0.0868,Corrosion,Major,1149131.0,699320.0,0.6086,Emergency,0,0,0,0,3,1.8258,425606.152,0.6085642106948642,3.0,0.2604
FE-01754,2022,Power Plant,Steel (A588 Weathering),Desert Southwest,Mild,53,0.0107,Creep,Minor,8669142.0,554009.0,0.0639,Public report,1,26,1,0,1,0.0639,35401.1751,0.06390586288700774,0.037037037037037035,0.0107
FE-01755,2022,Pipeline,Steel (A36),Urban Northeast,Moderate,36,0.0897,Corrosion,Minor,1489840.0,75118.0,0.0504,Load test,1,1,1,0,1,0.0504,3785.9472,0.05042017934811792,0.5,0.0897
FE-01756,2010,Bridge,Prestressed Concrete,Desert Southwest,Mild,56,0.0123,Fatigue crack,Major,4700900.0,2088360.0,0.4442,Sensor alert,1,4,1,1,3,1.3326,927649.512,0.44424684634857153,0.6,0.0369
FE-01757,2023,Bridge,Steel (A36),Coastal Carolina,Severe,32,0.0549,Erosion,Moderate,368642.0,51839.0,0.1406,Load test,0,0,0,0,2,0.2812,7288.5634,0.14062152440579206,2.0,0.1098
FE-01758,2008,Bridge,Reinforced Concrete,Pacific Northwest,Mild,65,0.039,Fatigue crack,Catastrophic,407973.0,502913.0,1.2327,Load test,0,0,1,1,4,4.9308,619940.8550999999,1.232711478455682,4.0,0.156
FE-01759,2020,Building,Reinforced Concrete,Urban West,Mild,63,0.0516,Fatigue crack,Minor,2344489.0,112720.0,0.0481,Routine inspection,0,0,0,0,1,0.0481,5421.831999999999,0.04807870712978393,1.0,0.0516
FE-01760,2007,Building,Timber,Desert Southwest,Mild,88,0.026,Erosion,Minor,510838.0,26895.0,0.0526,Routine inspection,0,0,1,0,1,0.0526,1414.6770000000001,0.05264878493769062,1.0,0.026
FE-01761,2012,Bridge,Steel (A36),Industrial New Jersey,Moderate,26,0.0903,Brittle fracture,Minor,1748089.0,129012.0,0.0738,Emergency,0,0,1,0,1,0.0738,9521.0856,0.07380173435105421,1.0,0.0903
FE-01762,2023,Power Plant,Prestressed Concrete,Rural Midwest,Mild,43,0.0275,Creep,Minor,308131.0,9076.0,0.0295,Emergency,1,0,1,0,1,0.0295,267.74199999999996,0.029455004527295207,1.0,0.0275
FE-01763,2005,Bridge,Reinforced Concrete,Coastal Texas,Severe,55,0.1027,Settlement,Major,2099385.0,811223.0,0.3864,Public report,0,0,1,1,3,1.1592,313456.5672,0.3864098295453192,3.0,0.3081
FE-01764,2023,Building,Steel (A36),Coastal California,Moderate,52,0.0411,Brittle fracture,Moderate,1758811.0,437954.0,0.249,Routine inspection,0,0,0,0,2,0.498,109050.546,0.2490057203417536,2.0,0.0822
FE-01765,2005,Pipeline,Prestressed Concrete,Coastal California,Moderate,63,0.0427,Corrosion,Major,1468614.0,795419.0,0.5416,Public report,0,0,1,1,3,1.6248,430798.93039999995,0.5416120233090519,3.0,0.1281
FE-01766,2009,Bridge,Aluminium Alloy,Rural Midwest,Mild,34,0.0394,Overload,Minor,2213322.0,153979.0,0.0696,Sensor alert,0,0,1,0,1,0.0696,10716.9384,0.06956918152894156,1.0,0.0394
FE-01767,2020,Building,Composite Steel-Concrete,Urban Midwest,Moderate,55,0.0338,Corrosion,Moderate,279769.0,83381.0,0.298,Sensor alert,1,3,1,0,2,0.596,24847.538,0.298035164725184,0.5,0.0676
FE-01768,2020,Bridge,Prestressed Concrete,Industrial Michigan,Moderate,45,0.0747,Buckling,Major,361241.0,163893.0,0.4537,Routine inspection,0,0,0,1,3,1.3611,74358.2541,0.4536943480944854,3.0,0.22410000000000002
FE-01769,2016,Bridge,Reinforced Concrete,Pacific Northwest,Mild,37,0.0554,Fatigue crack,Moderate,1347747.0,250084.0,0.1856,Public report,0,0,1,0,2,0.3712,46415.590399999994,0.185557081559076,2.0,0.1108
FE-01770,2019,Building,Reinforced Concrete,Coastal Carolina,Severe,19,0.0594,Fatigue crack,Major,239284.0,143628.0,0.6002,Public report,0,0,1,1,3,1.8005999999999998,86205.5256,0.6002407181424584,3.0,0.1782
FE-01771,2022,Bridge,Prestressed Concrete,Rural Mountain,Mild,41,0.0125,Settlement,Minor,4714942.0,276927.0,0.0587,Sensor alert,1,10,1,0,1,0.0587,16255.6149,0.058733914436275146,0.09090909090909091,0.0125
FE-01772,2018,Bridge,Steel (A36),Urban West,Mild,64,0.0237,Creep,Minor,1223885.0,71844.0,0.0587,Routine inspection,1,7,1,0,1,0.0587,4217.2428,0.058701593695486096,0.125,0.0237
FE-01773,2019,Bridge,Reinforced Concrete,Rural Midwest,Mild,49,0.0381,Fatigue crack,Major,494905.0,176862.0,0.3574,Routine inspection,0,0,1,0,3,1.0722,63210.4788,0.3573655550055061,3.0,0.11430000000000001
FE-01774,2016,Building,Reinforced Concrete,Urban Northeast,Moderate,32,0.064,Fatigue crack,Moderate,211312.0,61760.0,0.2923,Emergency,1,8,0,0,2,0.5846,18052.448,0.2922692511546907,0.2222222222222222,0.128
FE-01775,2017,Pipeline,Prestressed Concrete,Coastal Texas,Severe,41,0.1188,Corrosion,Catastrophic,2178504.0,2951777.0,1.355,Sensor alert,0,0,0,1,4,5.42,3999657.835,1.3549559697847697,4.0,0.4752
FE-01776,2009,Building,Steel (A36),Rural Midwest,Mild,23,0.0197,Erosion,Major,6510674.0,2956647.0,0.4541,Emergency,0,0,1,1,3,1.3623,1342613.4027,0.4541230293514926,3.0,0.0591
FE-01777,2009,Pipeline,Reinforced Concrete,Rural South,Mild,53,0.0508,Erosion,Minor,281051.0,15481.0,0.0551,Sensor alert,0,0,1,0,1,0.0551,853.0031,0.055082529505321096,1.0,0.0508
FE-01778,2006,Bridge,Steel (A588 Weathering),Coastal Carolina,Severe,42,0.0364,Buckling,Minor,271924.0,10067.0,0.037,Sensor alert,0,0,1,0,1,0.037,372.479,0.037021373619099456,1.0,0.0364
FE-01779,2013,Building,Steel (A36),Desert Southwest,Mild,62,0.0248,Fatigue crack,Minor,4888781.0,307252.0,0.0628,Emergency,0,0,1,0,1,0.0628,19295.4256,0.06284838694963019,1.0,0.0248
FE-01780,2012,Bridge,Steel (A36),Desert Southwest,Mild,76,0.0143,Buckling,Minor,1020958.0,54705.0,0.0536,Routine inspection,0,0,1,0,1,0.0536,2932.188,0.05358202786010786,1.0,0.0143
FE-01781,2013,Bridge,Steel (A588 Weathering),Coastal California,Moderate,32,0.0316,Fatigue crack,Minor,1300564.0,49648.0,0.0382,Public report,0,0,1,0,1,0.0382,1896.5536,0.03817420749767024,1.0,0.0316
FE-01782,2015,Bridge,Reinforced Concrete,Coastal Carolina,Severe,45,0.0854,Fatigue crack,Minor,276328.0,16875.0,0.0611,Routine inspection,1,19,1,0,1,0.0611,1031.0625,0.06106872991517327,0.05,0.0854
FE-01783,2009,Power Plant,Steel (A36),Coastal California,Moderate,55,0.048,Buckling,Minor,967373.0,47579.0,0.0492,Public report,1,17,1,0,1,0.0492,2340.8868,0.049183717139097326,0.05555555555555555,0.048
FE-01784,2015,Power Plant,Timber,Desert Southwest,Mild,51,0.0113,Overload,Minor,1602403.0,116420.0,0.0727,Sensor alert,1,5,1,0,1,0.0727,8463.734,0.07265338369935653,0.16666666666666666,0.0113
FE-01785,2023,Building,Reinforced Concrete,Desert Southwest,Mild,67,0.0158,Fatigue crack,Minor,375904.0,22641.0,0.0602,Routine inspection,1,14,1,0,1,0.0602,1362.9882,0.0602308036094322,0.06666666666666667,0.0158
FE-01786,2014,Pipeline,Prestressed Concrete,Desert Southwest,Mild,60,0.0225,Fatigue crack,Minor,673914.0,30431.0,0.0452,Routine inspection,1,11,1,0,1,0.0452,1375.4812,0.04515561332751657,0.08333333333333333,0.0225
FE-01787,2014,Building,Reinforced Concrete,Rural Midwest,Mild,57,0.0377,Fatigue crack,Minor,1030317.0,55771.0,0.0541,Routine inspection,0,0,1,0,1,0.0541,3017.2111,0.054129942532249786,1.0,0.0377
FE-01788,2022,Pipeline,Reinforced Concrete,Pacific Northwest,Mild,50,0.0326,Buckling,Moderate,711287.0,188894.0,0.2656,Routine inspection,1,8,1,0,2,0.5312,50170.2464,0.26556650128569764,0.2222222222222222,0.0652
FE-01789,2006,Pipeline,Composite Steel-Concrete,Industrial New Jersey,Moderate,58,0.0795,Overload,Moderate,673838.0,188919.0,0.2804,Load test,0,0,0,0,2,0.5608,52972.887599999995,0.28036263909129494,2.0,0.159
FE-01790,2016,Power Plant,Steel (A36),Rural Mountain,Mild,44,0.0193,Corrosion,Major,1032220.0,657480.0,0.637,Routine inspection,0,0,1,1,3,1.911,418814.76,0.6369572377981438,3.0,0.05790000000000001
FE-01791,2017,Building,Steel (A588 Weathering),Pacific Northwest,Mild,31,0.0283,Fatigue crack,Moderate,501888.0,62505.0,0.1245,Emergency,0,0,0,0,2,0.249,7781.8725,0.12453973794950268,2.0,0.0566
FE-01792,2017,Pipeline,Timber,Rural South,Mild,53,0.0349,Corrosion,Major,3777983.0,2556354.0,0.6766,Routine inspection,0,0,1,0,3,2.0298,1729629.1164,0.6766451834219477,3.0,0.1047
FE-01793,2016,Pipeline,Steel (A36),Pacific Northwest,Mild,50,0.031,Erosion,Catastrophic,609230.0,496286.0,0.8146,Routine inspection,0,0,1,1,4,3.2584,404274.5756,0.8146118871362211,4.0,0.124
FE-01794,2020,Pipeline,Reinforced Concrete,Rural South,Mild,74,0.0254,Creep,Moderate,1030708.0,297570.0,0.2887,Public report,1,5,1,0,2,0.5774,85908.459,0.2887044633397626,0.3333333333333333,0.0508
FE-01795,2010,Building,Composite Steel-Concrete,Rural South,Mild,62,0.0377,Brittle fracture,Moderate,905899.0,213678.0,0.2359,Public report,0,0,1,0,2,0.4718,50406.6402,0.23587397712106978,2.0,0.0754
FE-01796,2018,Building,Cast Iron,Coastal Texas,Severe,60,0.1055,Fatigue crack,Major,1297836.0,355820.0,0.2742,Routine inspection,0,0,1,1,3,0.8226,97565.844,0.274164070036584,3.0,0.3165
FE-01797,2012,Bridge,Steel (A36),Coastal Texas,Severe,55,0.0904,Corrosion,Minor,285384.0,13743.0,0.0482,Public report,0,0,1,0,1,0.0482,662.4126,0.04815616853082163,1.0,0.0904
FE-01798,2023,Power Plant,Reinforced Concrete,Industrial Ohio,Moderate,55,0.0896,Buckling,Moderate,409705.0,108547.0,0.2649,Routine inspection,1,1,1,0,2,0.5298,28754.100300000002,0.2649394076225577,1.0,0.1792
FE-01799,2006,Bridge,Prestressed Concrete,Coastal Texas,Severe,60,0.1251,Overload,Catastrophic,1677846.0,1062851.0,0.6335,Public report,0,0,1,0,4,2.534,673316.1085,0.633461593018668,4.0,0.5004
FE-01800,2017,Building,Reinforced Concrete,Rural Mountain,Mild,53,0.0248,Overload,Major,2579515.0,1675244.0,0.6494,Routine inspection,0,0,0,0,3,1.9482,1087903.4536,0.6494414647714783,3.0,0.0744
FE-01801,2023,Bridge,Composite Steel-Concrete,Desert Southwest,Mild,34,0.0115,Buckling,Moderate,686045.0,115030.0,0.1677,Emergency,1,3,0,0,2,0.3354,19290.531,0.1676712169026813,0.5,0.023
FE-01802,2008,Bridge,Reinforced Concrete,Coastal California,Moderate,53,0.1024,Creep,Minor,245139.0,17028.0,0.0695,Public report,1,6,1,0,1,0.0695,1183.4460000000001,0.0694626314050396,0.14285714285714285,0.1024
FE-01803,2016,Building,Reinforced Concrete,Industrial New Jersey,Moderate,45,0.0482,Fatigue crack,Moderate,301556.0,35772.0,0.1186,Public report,0,0,1,0,2,0.2372,4242.5592,0.1186247330512409,2.0,0.0964
FE-01804,2014,Pipeline,Steel (A36),Industrial Ohio,Moderate,55,0.0626,Fatigue crack,Minor,363102.0,25270.0,0.0696,Routine inspection,0,0,0,0,1,0.0696,1758.792,0.06959476951380053,1.0,0.0626
FE-01805,2015,Building,Steel (A588 Weathering),Coastal California,Moderate,59,0.0177,Overload,Moderate,751550.0,105525.0,0.1404,Routine inspection,0,0,1,0,2,0.2808,14815.71,0.14040981970594105,2.0,0.0354
FE-01806,2014,Bridge,FRP Composite,Urban Midwest,Moderate,57,0.0545,Fatigue crack,Moderate,380966.0,73685.0,0.1934,Public report,1,3,1,0,2,0.3868,14250.678999999998,0.19341621037047926,0.5,0.109
FE-01807,2017,Building,Steel (A588 Weathering),Urban Northeast,Moderate,51,0.0395,Buckling,Moderate,779730.0,147934.0,0.1897,Routine inspection,0,0,1,0,2,0.3794,28063.0798,0.18972464827568516,2.0,0.079
FE-01808,2022,Power Plant,Steel (A36),Desert Southwest,Mild,52,0.0163,Overload,Moderate,580682.0,70708.0,0.1218,Load test,1,9,1,0,2,0.2436,8612.234400000001,0.12176716343885294,0.2,0.0326
FE-01809,2011,Bridge,Reinforced Concrete,Rural Midwest,Mild,16,0.0342,Settlement,Moderate,3746625.0,901814.0,0.2407,Emergency,0,0,0,0,2,0.4814,217066.6298,0.2407003636606279,2.0,0.0684
FE-01810,2023,Bridge,Steel (A514 HY),Coastal Texas,Severe,42,0.076,Fatigue crack,Minor,717168.0,46461.0,0.0648,Emergency,0,0,1,0,1,0.0648,3010.6728,0.06478398366909846,1.0,0.076
FE-01811,2007,Building,Steel (A514 HY),Industrial Ohio,Moderate,86,0.0494,Corrosion,Minor,2989607.0,108162.0,0.0362,Routine inspection,1,14,1,0,1,0.0362,3915.4644000000003,0.03617933728413133,0.06666666666666667,0.0494
FE-01812,2019,Bridge,Steel (A36),Rural South,Mild,62,0.0341,Brittle fracture,Catastrophic,99271.0,96769.0,0.9748,Emergency,0,0,1,1,4,3.8992,94330.4212,0.9747962647701746,4.0,0.1364
FE-01813,2021,Bridge,Reinforced Concrete,Coastal Florida,Severe,32,0.093,Fatigue crack,Minor,4007442.0,282885.0,0.0706,Routine inspection,0,0,1,0,1,0.0706,19971.681,0.07058991745856834,1.0,0.093
FE-01814,2023,Pipeline,Timber,Urban West,Mild,25,0.0556,Overload,Minor,2623844.0,80606.0,0.0307,Routine inspection,1,25,1,0,1,0.0307,2474.6042,0.030720576375729655,0.038461538461538464,0.0556
FE-01815,2019,Bridge,Prestressed Concrete,Coastal California,Moderate,42,0.1035,Fatigue crack,Minor,1242946.0,68102.0,0.0548,Routine inspection,0,0,1,0,1,0.0548,3731.9896,0.054790795416695494,1.0,0.1035
FE-01816,2020,Bridge,Steel (A588 Weathering),Industrial New Jersey,Moderate,71,0.0388,Corrosion,Major,494825.0,228088.0,0.4609,Routine inspection,1,2,1,0,3,1.3826999999999998,105125.7592,0.4609467993735159,1.0,0.1164
FE-01817,2007,Bridge,Reinforced Concrete,Industrial Michigan,Moderate,51,0.0538,Corrosion,Moderate,408478.0,113249.0,0.2772,Routine inspection,0,0,1,0,2,0.5544,31392.6228,0.2772462654047464,2.0,0.1076
FE-01818,2020,Pipeline,Reinforced Concrete,Rural Midwest,Mild,40,0.0182,Creep,Major,830391.0,377004.0,0.454,Load test,0,0,1,0,3,1.362,171159.816,0.454007810778296,3.0,0.0546
FE-01819,2014,Pipeline,Reinforced Concrete,Coastal California,Moderate,53,0.0955,Buckling,Minor,1452544.0,55292.0,0.0381,Routine inspection,0,0,1,0,1,0.0381,2106.6252,0.03806562830454706,1.0,0.0955
FE-01820,2011,Bridge,Prestressed Concrete,Coastal Florida,Severe,28,0.1016,Overload,Minor,611671.0,37807.0,0.0618,Sensor alert,0,0,1,0,1,0.0618,2336.4726,0.06180937137775046,1.0,0.1016
FE-01821,2013,Bridge,Cast Iron,Urban West,Mild,25,0.0347,Overload,Major,734997.0,276648.0,0.3764,Public report,1,49,1,1,3,1.1292,104130.30720000001,0.37639337303417564,0.06,0.1041
FE-01822,2012,Power Plant,Prestressed Concrete,Rural South,Mild,63,0.0368,Corrosion,Major,3676573.0,1097728.0,0.2986,Routine inspection,1,21,1,0,3,0.8957999999999999,327781.5808,0.2985736989310426,0.13636363636363635,0.1104
FE-01823,2008,Bridge,Steel (A36),Pacific Northwest,Mild,25,0.0499,Fatigue crack,Major,6084803.0,2166673.0,0.3561,Public report,0,0,1,1,3,1.0683,771552.2553000001,0.35607939977678815,3.0,0.1497
FE-01824,2006,Pipeline,Stainless Steel 316L,Coastal Carolina,Severe,62,0.0173,Buckling,Catastrophic,527761.0,584860.0,1.1082,Public report,0,0,1,1,4,4.4328,648141.8520000001,1.108191018282897,4.0,0.0692
FE-01825,2005,Building,Timber,Coastal Texas,Severe,25,0.063,Fatigue crack,Major,316318.0,95651.0,0.3024,Routine inspection,0,0,1,1,3,0.9072,28924.8624,0.3023887353865414,3.0,0.189
FE-01826,2007,Pipeline,Composite Steel-Concrete,Coastal Texas,Severe,67,0.1009,Overload,Moderate,456440.0,49606.0,0.1087,Routine inspection,0,0,1,0,2,0.2174,5392.1722,0.10868022083954079,2.0,0.2018
FE-01827,2009,Pipeline,Composite Steel-Concrete,Urban Northeast,Moderate,55,0.0738,Fatigue crack,Moderate,3777657.0,469896.0,0.1244,Routine inspection,0,0,1,0,2,0.2488,58455.062399999995,0.12438821205842669,2.0,0.1476
FE-01828,2005,Bridge,Reinforced Concrete,Desert Southwest,Mild,39,0.0139,Fatigue crack,Moderate,4685660.0,1041994.0,0.2224,Public report,0,0,1,0,2,0.4448,231739.4656,0.22237934463874887,2.0,0.0278
FE-01829,2009,Power Plant,Steel (A514 HY),Coastal Florida,Severe,50,0.1119,Creep,Moderate,283567.0,80760.0,0.2848,Routine inspection,0,0,1,0,2,0.5696,23000.448,0.2848004175380069,2.0,0.2238
FE-01830,2009,Bridge,Composite Steel-Concrete,Rural Midwest,Mild,49,0.0268,Corrosion,Minor,1592051.0,79510.0,0.0499,Emergency,0,0,1,0,1,0.0499,3967.549,0.04994186744017622,1.0,0.0268
FE-01831,2022,Power Plant,Steel (A36),Urban Northeast,Moderate,45,0.0893,Fatigue crack,Minor,2223738.0,96871.0,0.0436,Routine inspection,0,0,1,0,1,0.0436,4223.5756,0.043562236198688875,1.0,0.0893
FE-01832,2016,Building,Composite Steel-Concrete,Rural Midwest,Mild,41,0.0448,Corrosion,Catastrophic,4166137.0,3333322.0,0.8001,Routine inspection,1,4,0,0,4,3.2004,2666990.9322,0.8000989885834288,0.8,0.1792
FE-01833,2020,Bridge,Steel (A36),Coastal California,Moderate,43,0.0663,Overload,Moderate,943693.0,99749.0,0.1057,Routine inspection,0,0,1,0,2,0.2114,10543.4693,0.10570068867735588,2.0,0.1326
FE-01834,2020,Building,Steel (A36),Coastal Texas,Severe,40,0.103,Corrosion,Major,2126427.0,912645.0,0.4292,Routine inspection,0,0,0,0,3,1.2876,391707.234,0.42919178509302225,3.0,0.309
FE-01835,2019,Bridge,Reinforced Concrete,Urban Midwest,Moderate,46,0.0433,Overload,Moderate,789959.0,225631.0,0.2856,Routine inspection,0,0,0,0,2,0.5712,64440.2136,0.2856236842671582,2.0,0.0866
FE-01836,2018,Pipeline,Steel (A36),Rural South,Mild,43,0.06,Fatigue crack,Minor,817999.0,56017.0,0.0685,Emergency,1,2,1,0,1,0.0685,3837.1645000000003,0.0684805238148213,0.3333333333333333,0.06
FE-01837,2007,Building,Steel (A36),Urban Northeast,Moderate,42,0.0824,Erosion,Moderate,323908.0,67325.0,0.2079,Load test,0,0,1,0,2,0.4158,13996.8675,0.20785222964545488,2.0,0.1648
FE-01838,2011,Bridge,Prestressed Concrete,Desert Southwest,Mild,68,0.0193,Settlement,Minor,1268901.0,74660.0,0.0588,Public report,0,0,1,0,1,0.0588,4390.008,0.05883831756772199,1.0,0.0193
FE-01839,2012,Bridge,Steel (A514 HY),Rural Midwest,Mild,39,0.0273,Creep,Moderate,1056820.0,311436.0,0.2947,Public report,0,0,1,0,2,0.5894,91780.18920000001,0.2946916220359191,2.0,0.0546
FE-01840,2014,Building,Steel (A36),Coastal California,Moderate,42,0.0599,Fatigue crack,Major,1299853.0,332994.0,0.2562,Routine inspection,0,0,1,1,3,0.7686,85313.0628,0.25617819861168917,3.0,0.1797
FE-01841,2008,Bridge,Steel (A514 HY),Coastal Florida,Severe,29,0.086,Fatigue crack,Minor,13530350.0,638242.0,0.0472,Emergency,0,0,0,0,1,0.0472,30125.022399999998,0.0471711374798139,1.0,0.086
FE-01842,2014,Pipeline,Prestressed Concrete,Coastal Florida,Severe,56,0.0517,Creep,Moderate,962593.0,274090.0,0.2847,Sensor alert,0,0,1,0,2,0.5694,78033.423,0.2847413185011734,2.0,0.1034
FE-01843,2013,Power Plant,Reinforced Concrete,Urban Midwest,Moderate,79,0.0511,Erosion,Moderate,1442948.0,431903.0,0.2993,Emergency,1,12,1,0,2,0.5986,129268.56790000001,0.2993198646105057,0.15384615384615385,0.1022
FE-01844,2018,Bridge,Timber,Coastal Texas,Severe,34,0.1082,Buckling,Moderate,1787866.0,258378.0,0.1445,Sensor alert,0,0,1,0,2,0.289,37335.621,0.14451754214242007,2.0,0.2164
FE-01845,2012,Bridge,Steel (A36),Industrial New Jersey,Moderate,58,0.0956,Corrosion,Moderate,1250877.0,316567.0,0.2531,Sensor alert,1,11,0,0,2,0.5062,80123.1077,0.2530760418490387,0.16666666666666666,0.1912
FE-01846,2008,Bridge,Steel (A36),Industrial New Jersey,Moderate,51,0.0994,Creep,Minor,812068.0,55394.0,0.0682,Load test,0,0,1,0,1,0.0682,3777.8707999999997,0.06821349936212238,1.0,0.0994
FE-01847,2023,Power Plant,Reinforced Concrete,Urban West,Mild,45,0.0319,Buckling,Minor,3381396.0,156118.0,0.0462,Routine inspection,0,0,0,0,1,0.0462,7212.6516,0.046169688495520785,1.0,0.0319
FE-01848,2018,Pipeline,Steel (A588 Weathering),Industrial Michigan,Moderate,55,0.0316,Corrosion,Minor,2897992.0,181258.0,0.0625,Emergency,0,0,1,0,1,0.0625,11328.625,0.06254606637975536,1.0,0.0316
FE-01849,2021,Power Plant,Steel (A36),Industrial Ohio,Moderate,58,0.0479,Overload,Minor,5822690.0,404703.0,0.0695,Load test,0,0,0,0,1,0.0695,28126.858500000002,0.06950447301848459,1.0,0.0479
FE-01850,2012,Bridge,Reinforced Concrete,Urban Northeast,Moderate,17,0.0661,Overload,Minor,2470764.0,163325.0,0.0661,Emergency,0,0,0,0,1,0.0661,10795.782500000001,0.06610303533643845,1.0,0.0661
FE-01851,2019,Bridge,Prestressed Concrete,Pacific Northwest,Mild,33,0.0254,Corrosion,Minor,1574437.0,84397.0,0.0536,Emergency,1,18,1,0,1,0.0536,4523.6792000000005,0.053604558327834013,0.05263157894736842,0.0254
FE-01852,2013,Bridge,Steel (A36),Coastal Carolina,Severe,25,0.0415,Erosion,Moderate,4835342.0,984198.0,0.2035,Routine inspection,0,0,0,0,2,0.407,200284.29299999998,0.20354258292381386,2.0,0.083
FE-01853,2012,Pipeline,Cast Iron,Pacific Northwest,Mild,41,0.0408,Creep,Catastrophic,1353089.0,1942205.0,1.4354,Sensor alert,1,16,1,1,4,5.7416,2787841.057,1.4353859945650287,0.23529411764705882,0.1632
FE-01854,2007,Bridge,Cast Iron,Urban Midwest,Moderate,46,0.0369,Corrosion,Minor,326609.0,13857.0,0.0424,Emergency,1,28,0,0,1,0.0424,587.5368,0.04242687739774471,0.034482758620689655,0.0369
FE-01855,2007,Bridge,Prestressed Concrete,Rural South,Mild,40,0.0365,Brittle fracture,Minor,1278841.0,58359.0,0.0456,Emergency,0,0,1,0,1,0.0456,2661.1704,0.04563428917277441,1.0,0.0365
FE-01856,2023,Bridge,Reinforced Concrete,Industrial New Jersey,Moderate,43,0.0822,Creep,Moderate,2626865.0,532418.0,0.2027,Emergency,1,9,0,0,2,0.4054,107921.1286,0.20268190409480502,0.2,0.1644
FE-01857,2020,Bridge,Steel (A588 Weathering),Coastal Carolina,Severe,46,0.0423,Corrosion,Minor,454018.0,22376.0,0.0493,Routine inspection,0,0,1,0,1,0.0493,1103.1368,0.049284389605698455,1.0,0.0423
FE-01858,2007,Pipeline,Prestressed Concrete,Rural Midwest,Mild,47,0.0257,Brittle fracture,Minor,1788960.0,129430.0,0.0723,Routine inspection,0,0,1,0,1,0.0723,9357.789,0.07234929791610768,1.0,0.0257
FE-01859,2007,Bridge,Composite Steel-Concrete,Desert Southwest,Mild,15,0.0167,Overload,Moderate,3115963.0,774499.0,0.2486,Load test,1,16,1,0,2,0.4972,192540.4514,0.24855847132973016,0.11764705882352941,0.0334
FE-01860,2010,Pipeline,Prestressed Concrete,Urban West,Mild,49,0.0528,Corrosion,Minor,431195.0,19733.0,0.0458,Routine inspection,0,0,1,0,1,0.0458,903.7714,0.04576351766602117,1.0,0.0528
FE-01861,2011,Pipeline,Prestressed Concrete,Coastal Carolina,Severe,28,0.0515,Buckling,Catastrophic,838109.0,657276.0,0.7842,Routine inspection,1,33,1,0,4,3.1368,515435.8392,0.7842368952009822,0.11764705882352941,0.206
FE-01862,2019,Pipeline,Steel (A36),Industrial New Jersey,Moderate,59,0.0635,Fatigue crack,Moderate,173184.0,35205.0,0.2033,Routine inspection,0,0,0,0,2,0.4066,7157.1765000000005,0.20328090354767184,2.0,0.127
FE-01863,2022,Building,Reinforced Concrete,Industrial New Jersey,Moderate,33,0.0787,Buckling,Moderate,1704118.0,205045.0,0.1203,Routine inspection,1,1,1,0,2,0.2406,24666.913500000002,0.12032324052677103,1.0,0.1574
FE-01864,2018,Bridge,Steel (A588 Weathering),Rural South,Mild,30,0.0111,Overload,Major,4747155.0,2416049.0,0.5089,Load test,1,7,1,0,3,1.5267,1229527.3361,0.508946727039669,0.375,0.0333
FE-01865,2010,Building,Composite Steel-Concrete,Urban Northeast,Moderate,29,0.032,Fatigue crack,Catastrophic,2661337.0,1941835.0,0.7296,Routine inspection,0,0,1,0,4,2.9184,1416762.816,0.7296464145653105,4.0,0.128
FE-01866,2022,Pipeline,Steel (A514 HY),Industrial New Jersey,Moderate,56,0.0724,Corrosion,Moderate,142069.0,40695.0,0.2864,Emergency,1,12,1,0,2,0.5728,11655.047999999999,0.28644531882395174,0.15384615384615385,0.1448
FE-01867,2005,Building,Aluminium Alloy,Rural South,Mild,53,0.0587,Overload,Minor,141719.0,6485.0,0.0458,Load test,0,0,0,0,1,0.0458,297.013,0.0457595664660349,1.0,0.0587
FE-01868,2012,Pipeline,Reinforced Concrete,Urban Midwest,Moderate,52,0.0365,Brittle fracture,Minor,1215628.0,83292.0,0.0685,Load test,0,0,1,0,1,0.0685,5705.502,0.06851767152451244,1.0,0.0365
FE-01869,2020,Bridge,Steel (A36),Rural Midwest,Mild,20,0.0184,Overload,Minor,1227129.0,43263.0,0.0353,Load test,1,26,1,0,1,0.0353,1527.1839,0.03525546213967724,0.037037037037037035,0.0184
FE-01870,2021,Pipeline,Composite Steel-Concrete,Urban Midwest,Moderate,18,0.0425,Overload,Minor,495299.0,19846.0,0.0401,Emergency,1,26,1,0,1,0.0401,795.8245999999999,0.04006872616338818,0.037037037037037035,0.0425
FE-01871,2009,Bridge,Steel (A36),Industrial New Jersey,Moderate,53,0.0362,Creep,Minor,1048404.0,53542.0,0.0511,Emergency,1,0,1,0,1,0.0511,2735.9962,0.05107000736357358,1.0,0.0362
FE-01872,2021,Bridge,Timber,Rural Mountain,Mild,70,0.0298,Corrosion,Moderate,3185249.0,572617.0,0.1798,Load test,1,9,0,0,2,0.3596,102956.53659999999,0.17977150295000485,0.2,0.0596
FE-01873,2011,Bridge,Prestressed Concrete,Industrial New Jersey,Moderate,41,0.0401,Brittle fracture,Major,924322.0,552665.0,0.5979,Emergency,0,0,1,0,3,1.7936999999999999,330438.4035,0.5979139304268426,3.0,0.12029999999999999
FE-01874,2017,Bridge,Steel (A588 Weathering),Rural Mountain,Mild,68,0.014,Overload,Minor,151961.0,9366.0,0.0616,Sensor alert,0,0,0,0,1,0.0616,576.9456,0.06163423509979534,1.0,0.014
FE-01875,2017,Bridge,Steel (A36),Urban Midwest,Moderate,39,0.0448,Overload,Minor,1698368.0,47040.0,0.0277,Sensor alert,0,0,1,0,1,0.0277,1303.008,0.02769717752571881,1.0,0.0448
FE-01876,2022,Power Plant,Steel (A36),Coastal Carolina,Severe,36,0.0426,Corrosion,Minor,3358335.0,152116.0,0.0453,Routine inspection,0,0,1,0,1,0.0453,6890.8548,0.045295064369695104,1.0,0.0426
FE-01877,2010,Power Plant,Steel (A588 Weathering),Coastal Florida,Severe,32,0.0557,Settlement,Moderate,870118.0,240043.0,0.2759,Emergency,0,0,1,0,2,0.5518,66227.8637,0.2758740768493469,2.0,0.1114
FE-01878,2006,Building,Steel (A36),Rural Mountain,Mild,18,0.0179,Overload,Moderate,96043.0,20442.0,0.2128,Load test,0,0,1,0,2,0.4256,4350.0576,0.21284216444717471,2.0,0.0358
FE-01879,2007,Bridge,Reinforced Concrete,Industrial New Jersey,Moderate,40,0.0461,Creep,Minor,6865759.0,205648.0,0.03,Emergency,0,0,1,0,1,0.03,6169.44,0.02995269714535567,1.0,0.0461
FE-01880,2006,Bridge,Steel (A36),Urban Midwest,Moderate,29,0.0271,Brittle fracture,Major,474767.0,194615.0,0.4099,Routine inspection,0,0,0,0,3,1.2297,79772.6885,0.409916864482999,3.0,0.0813
FE-01881,2022,Bridge,Prestressed Concrete,Coastal Florida,Severe,28,0.0549,Brittle fracture,Minor,670287.0,17003.0,0.0254,Load test,1,0,0,0,1,0.0254,431.8762,0.02536674588646356,1.0,0.0549
FE-01882,2019,Building,Timber,Coastal Texas,Severe,58,0.0955,Settlement,Major,1186157.0,619556.0,0.5223,Routine inspection,0,0,0,1,3,1.5669,323594.0988,0.5223220872110521,3.0,0.2865
FE-01883,2021,Power Plant,Steel (A514 HY),Industrial Ohio,Moderate,42,0.0472,Corrosion,Moderate,1001617.0,148884.0,0.1486,Public report,1,5,1,0,2,0.2972,22124.1624,0.14864364322889886,0.3333333333333333,0.0944
FE-01884,2022,Bridge,Steel (A36),Desert Southwest,Mild,50,0.0263,Corrosion,Minor,1826783.0,123505.0,0.0676,Public report,1,16,0,0,1,0.0676,8348.937999999998,0.06760792059045875,0.058823529411764705,0.0263
FE-01885,2020,Pipeline,Reinforced Concrete,Rural Mountain,Mild,44,0.0131,Fatigue crack,Major,1715666.0,611687.0,0.3565,Sensor alert,0,0,1,1,3,1.0695,218066.4155,0.3565303503129397,3.0,0.0393
FE-01886,2006,Bridge,Stainless Steel 316L,Urban West,Mild,56,0.0054,Corrosion,Catastrophic,628676.0,727628.0,1.1574,Routine inspection,0,0,1,0,4,4.6296,842156.6472,1.1573974511513085,4.0,0.0216
FE-01887,2015,Pipeline,Steel (A36),Urban Midwest,Moderate,33,0.0309,Overload,Minor,334125.0,23368.0,0.0699,Load test,0,0,1,0,1,0.0699,1633.4232000000002,0.06993789749345306,1.0,0.0309
FE-01888,2016,Pipeline,Steel (A588 Weathering),Rural Mountain,Mild,54,0.0127,Fatigue crack,Major,1616615.0,675683.0,0.418,Routine inspection,0,0,1,0,3,1.254,282435.494,0.417961604958509,3.0,0.038099999999999995
FE-01889,2014,Bridge,Steel (A588 Weathering),Coastal Carolina,Severe,17,0.0544,Brittle fracture,Moderate,721089.0,110920.0,0.1538,Routine inspection,0,0,1,0,2,0.3076,17059.496,0.15382289842169275,2.0,0.1088
FE-01890,2014,Building,Steel (A36),Pacific Northwest,Mild,57,0.0329,Settlement,Major,955476.0,525272.0,0.5497,Sensor alert,0,0,1,1,3,1.6490999999999998,288742.0184,0.5497490256165514,3.0,0.0987
FE-01891,2018,Bridge,Composite Steel-Concrete,Coastal Texas,Severe,46,0.0493,Creep,Moderate,1308591.0,312698.0,0.239,Routine inspection,0,0,1,0,2,0.478,74734.822,0.23895777977993124,2.0,0.0986
FE-01892,2009,Pipeline,Steel (A36),Industrial Ohio,Moderate,79,0.0505,Corrosion,Minor,1296141.0,95835.0,0.0739,Sensor alert,0,0,1,0,1,0.0739,7082.206499999999,0.07393871500091426,1.0,0.0505
FE-01893,2007,Bridge,Reinforced Concrete,Coastal Carolina,Severe,45,0.0973,Creep,Moderate,2525477.0,739776.0,0.2929,Sensor alert,1,5,1,0,2,0.5858,216680.3904,0.29292525728802915,0.3333333333333333,0.1946
FE-01894,2021,Pipeline,Stainless Steel 316L,Rural South,Mild,44,0.0042,Overload,Moderate,206308.0,26527.0,0.1286,Sensor alert,0,0,0,0,2,0.2572,3411.3722,0.1285795994338562,2.0,0.0084
FE-01895,2011,Bridge,Steel (A36),Coastal Texas,Severe,60,0.0662,Overload,Minor,5218946.0,226725.0,0.0434,Public report,0,0,1,0,1,0.0434,9839.865,0.04344267980546264,1.0,0.0662
FE-01896,2010,Bridge,Steel (A588 Weathering),Urban Northeast,Moderate,38,0.0278,Corrosion,Major,2895579.0,2055321.0,0.7098,Public report,0,0,1,1,3,2.1294,1458866.8458,0.709813477718964,3.0,0.0834
FE-01897,2012,Pipeline,Steel (A588 Weathering),Coastal Carolina,Severe,44,0.0382,Erosion,Moderate,3537024.0,510472.0,0.1443,Sensor alert,0,0,1,0,2,0.2886,73661.10960000001,0.1443224586545073,2.0,0.0764
FE-01898,2021,Building,Composite Steel-Concrete,Rural Mountain,Mild,67,0.0234,Erosion,Major,1970145.0,1229007.0,0.6238,Sensor alert,0,0,0,1,3,1.8714,766654.5666,0.623815505965297,3.0,0.0702
FE-01899,2016,Bridge,Timber,Coastal Texas,Severe,26,0.1303,Creep,Moderate,175740.0,49503.0,0.2817,Public report,0,0,1,0,2,0.5634,13944.9951,0.28168316831683166,2.0,0.2606
FE-01900,2014,Bridge,Reinforced Concrete,Coastal Florida,Severe,31,0.1361,Fatigue crack,Moderate,776244.0,155579.0,0.2004,Routine inspection,0,0,1,0,2,0.4008,31178.0316,0.20042538170987473,2.0,0.2722
FE-01901,2007,Bridge,FRP Composite,Rural Mountain,Mild,32,0.0267,Overload,Major,2533810.0,1641030.0,0.6477,Sensor alert,1,11,0,0,3,1.9431000000000003,1062895.131,0.6476531389488557,0.25,0.0801
FE-01902,2016,Bridge,Steel (A36),Pacific Northwest,Mild,29,0.0292,Erosion,Minor,1723939.0,80364.0,0.0466,Routine inspection,1,5,1,0,1,0.0466,3744.9624000000003,0.04661649861160981,0.16666666666666666,0.0292
FE-01903,2010,Pipeline,Reinforced Concrete,Rural South,Mild,51,0.0281,Fatigue crack,Catastrophic,3577341.0,2886008.0,0.8067,Routine inspection,0,0,1,1,4,3.2268,2328142.6536,0.8067466869946142,4.0,0.1124
FE-01904,2009,Bridge,Prestressed Concrete,Industrial Michigan,Moderate,68,0.0325,Overload,Minor,2881637.0,126117.0,0.0438,Routine inspection,0,0,0,0,1,0.0438,5523.9246,0.043765748427022556,1.0,0.0325
FE-01905,2021,Building,Timber,Coastal Texas,Severe,80,0.1008,Buckling,Major,581063.0,419236.0,0.7215,Routine inspection,1,0,1,0,3,2.1645000000000003,302478.77400000003,0.721498357320979,3.0,0.3024
FE-01906,2007,Bridge,Stainless Steel 316L,Urban Midwest,Moderate,59,0.0102,Fatigue crack,Major,1720365.0,1096455.0,0.6373,Sensor alert,0,0,0,1,3,1.9119,698770.7715,0.6373385880321908,3.0,0.030600000000000002
FE-01907,2008,Bridge,Steel (A36),Urban Midwest,Moderate,28,0.0586,Fatigue crack,Moderate,622333.0,124390.0,0.1999,Routine inspection,0,0,0,0,2,0.3998,24865.560999999998,0.19987691477070957,2.0,0.1172
FE-01908,2013,Power Plant,Prestressed Concrete,Pacific Northwest,Mild,65,0.0424,Overload,Catastrophic,1237217.0,1149029.0,0.9287,Emergency,1,4,0,1,4,3.7148,1067103.2323,0.9287206690499726,0.8,0.1696
FE-01909,2023,Building,Reinforced Concrete,Urban Northeast,Moderate,33,0.0583,Brittle fracture,Catastrophic,370173.0,378046.0,1.0213,Routine inspection,0,0,1,0,4,4.0852,386098.37980000005,1.0212684339484512,4.0,0.2332
FE-01910,2012,Bridge,Steel (A36),Urban West,Mild,40,0.0458,Erosion,Minor,1026454.0,54965.0,0.0535,Emergency,0,0,0,0,1,0.0535,2940.6275,0.05354842983708963,1.0,0.0458
FE-01911,2014,Pipeline,Composite Steel-Concrete,Rural Midwest,Mild,56,0.0399,Corrosion,Major,942813.0,602651.0,0.6392,Sensor alert,1,45,0,1,3,1.9176,385214.5192,0.6392052294569549,0.06521739130434782,0.1197
FE-01912,2005,Bridge,Composite Steel-Concrete,Coastal Carolina,Severe,49,0.0957,Creep,Moderate,2698190.0,443528.0,0.1644,Emergency,0,0,1,0,2,0.3288,72916.00319999999,0.16437982499379214,2.0,0.1914
FE-01913,2008,Building,Steel (A36),Urban West,Mild,46,0.0386,Fatigue crack,Moderate,2131734.0,624854.0,0.2931,Routine inspection,0,0,1,0,2,0.5862,183144.7074,0.2931200609456902,2.0,0.0772
FE-01914,2008,Bridge,Reinforced Concrete,Desert Southwest,Mild,28,0.012,Corrosion,Catastrophic,872642.0,686409.0,0.7866,Emergency,0,0,1,1,4,3.1464,539929.3193999999,0.7865871686212673,4.0,0.048
FE-01915,2016,Bridge,Steel (A36),Urban West,Mild,53,0.038,Creep,Moderate,2814218.0,784434.0,0.2787,Routine inspection,1,18,1,0,2,0.5574,218621.7558,0.27873960013048027,0.10526315789473684,0.076
FE-01916,2013,Building,Composite Steel-Concrete,Rural South,Mild,62,0.0346,Fatigue crack,Major,810511.0,212997.0,0.2628,Sensor alert,0,0,0,1,3,0.7884,55975.6116,0.26279347226626165,3.0,0.1038
FE-01917,2023,Bridge,Aluminium Alloy,Coastal California,Moderate,42,0.0894,Buckling,Moderate,425035.0,119837.0,0.2819,Public report,0,0,0,0,2,0.5638,33782.050299999995,0.2819461926664863,2.0,0.1788
FE-01918,2012,Bridge,Reinforced Concrete,Rural Mountain,Mild,36,0.0297,Corrosion,Moderate,5090982.0,1333467.0,0.2619,Emergency,1,0,1,0,2,0.5238,349235.00730000006,0.2619272666845021,2.0,0.0594
FE-01919,2018,Bridge,Prestressed Concrete,Urban Midwest,Moderate,36,0.0498,Buckling,Moderate,2176669.0,567683.0,0.2608,Emergency,1,25,1,0,2,0.5216,148051.72639999999,0.2608035489089062,0.07692307692307693,0.0996
FE-01920,2007,Bridge,Reinforced Concrete,Urban Northeast,Moderate,49,0.0821,Buckling,Moderate,689145.0,159220.0,0.231,Sensor alert,0,0,1,0,2,0.462,36779.82,0.23103991177473537,2.0,0.1642
FE-01921,2020,Bridge,Steel (A36),Pacific Northwest,Mild,53,0.0203,Fatigue crack,Moderate,292639.0,30084.0,0.1028,Routine inspection,0,0,0,0,2,0.2056,3092.6352,0.10280242893120876,2.0,0.0406
FE-01922,2018,Bridge,Steel (A588 Weathering),Urban Northeast,Moderate,34,0.0411,Overload,Minor,1193905.0,83142.0,0.0696,Sensor alert,0,0,1,0,1,0.0696,5786.6831999999995,0.06963870659725857,1.0,0.0411
FE-01923,2019,Bridge,Steel (A588 Weathering),Rural Midwest,Mild,62,0.0125,Fatigue crack,Major,171626.0,57046.0,0.3324,Sensor alert,1,54,1,1,3,0.9971999999999999,18962.090399999997,0.3323855359910503,0.05454545454545454,0.037500000000000006
FE-01924,2009,Pipeline,Steel (A36),Rural South,Mild,46,0.0521,Brittle fracture,Moderate,714224.0,118888.0,0.1665,Routine inspection,0,0,0,0,2,0.333,19794.852000000003,0.1664575819350792,2.0,0.1042
FE-01925,2008,Bridge,Steel (A36),Rural Midwest,Mild,31,0.0187,Fatigue crack,Major,796278.0,488942.0,0.614,Sensor alert,1,12,1,0,3,1.842,300210.388,0.6140342945554191,0.23076923076923078,0.056100000000000004
FE-01926,2010,Bridge,Reinforced Concrete,Coastal Texas,Severe,55,0.0485,Fatigue crack,Moderate,963503.0,127720.0,0.1326,Sensor alert,0,0,1,0,2,0.2652,16935.672,0.1325579681640846,2.0,0.097
FE-01927,2021,Bridge,Reinforced Concrete,Urban West,Mild,22,0.0462,Overload,Catastrophic,6739757.0,3654976.0,0.5423,Public report,0,0,1,0,4,2.1692,1982093.4848,0.5423008574344743,4.0,0.1848
FE-01928,2022,Power Plant,Reinforced Concrete,Rural Midwest,Mild,36,0.0178,Fatigue crack,Minor,1436988.0,105398.0,0.0733,Public report,1,11,1,0,1,0.0733,7725.673400000001,0.07334647192600077,0.08333333333333333,0.0178
FE-01929,2022,Pipeline,Steel (A36),Urban Midwest,Moderate,47,0.0537,Fatigue crack,Major,3226233.0,2153073.0,0.6674,Sensor alert,1,2,1,1,3,2.0022,1436960.9202,0.6673643844074498,1.0,0.1611
FE-01930,2020,Building,Timber,Desert Southwest,Mild,41,0.0203,Fatigue crack,Moderate,2175846.0,586794.0,0.2697,Sensor alert,0,0,1,0,2,0.5394,158258.3418,0.26968544648840037,2.0,0.0406
FE-01931,2006,Building,FRP Composite,Desert Southwest,Mild,35,0.0117,Fatigue crack,Moderate,620459.0,127725.0,0.2059,Emergency,1,33,1,0,2,0.4118,26298.5775,0.20585566491903576,0.058823529411764705,0.0234
FE-01932,2005,Pipeline,Steel (A36),Rural South,Mild,55,0.0486,Fatigue crack,Minor,571331.0,40554.0,0.071,Public report,0,0,1,0,1,0.071,2879.334,0.07098162011163406,1.0,0.0486
FE-01933,2022,Bridge,Steel (A588 Weathering),Pacific Northwest,Mild,24,0.0294,Creep,Moderate,502644.0,55865.0,0.1111,Public report,0,0,1,0,2,0.2222,6206.601500000001,0.11114227962534119,2.0,0.0588
FE-01934,2015,Power Plant,Cast Iron,Pacific Northwest,Mild,54,0.039,Fatigue crack,Minor,8224214.0,251147.0,0.0305,Emergency,0,0,1,0,1,0.0305,7659.9835,0.030537507900451035,1.0,0.039
FE-01935,2005,Bridge,Prestressed Concrete,Coastal Carolina,Severe,36,0.0958,Buckling,Minor,2292492.0,147546.0,0.0644,Public report,0,0,1,0,1,0.0644,9501.9624,0.06436052993859957,1.0,0.0958
FE-01936,2015,Bridge,Prestressed Concrete,Urban Midwest,Moderate,62,0.0483,Fatigue crack,Moderate,3636878.0,899092.0,0.2472,Emergency,0,0,1,0,2,0.4944,222255.5424,0.2472153313913747,2.0,0.0966
FE-01937,2020,Bridge,Reinforced Concrete,Rural Midwest,Mild,21,0.0416,Fatigue crack,Moderate,1522137.0,436464.0,0.2867,Sensor alert,0,0,0,0,2,0.5734,125134.22880000001,0.28674422867324034,2.0,0.0832
FE-01938,2006,Bridge,Steel (A36),Rural Mountain,Mild,36,0.0222,Fatigue crack,Moderate,972481.0,272152.0,0.2799,Public report,0,0,1,0,2,0.5598,76175.34479999999,0.27985328248058317,2.0,0.0444
FE-01939,2018,Bridge,Steel (A36),Urban Midwest,Moderate,69,0.0742,Corrosion,Minor,2875950.0,181083.0,0.063,Public report,1,1,1,0,1,0.063,11408.229,0.06296458561518803,0.5,0.0742
FE-01940,2014,Bridge,Steel (A36),Rural South,Mild,36,0.0549,Corrosion,Major,3136301.0,829174.0,0.2644,Emergency,0,0,1,0,3,0.7932000000000001,219233.6056,0.26437959876937833,3.0,0.16469999999999999
FE-01941,2015,Pipeline,Steel (A588 Weathering),Urban Midwest,Moderate,32,0.0327,Corrosion,Moderate,1449912.0,198290.0,0.1368,Sensor alert,0,0,0,0,2,0.2736,27126.072,0.1367600240566324,2.0,0.0654
FE-01942,2019,Bridge,Steel (A36),Industrial New Jersey,Moderate,49,0.0936,Buckling,Major,633564.0,412095.0,0.6504,Routine inspection,0,0,1,1,3,1.9512,268026.588,0.6504394189063772,3.0,0.2808
FE-01943,2018,Bridge,FRP Composite,Rural South,Mild,74,0.0268,Fatigue crack,Moderate,1237164.0,168763.0,0.1364,Routine inspection,1,16,1,0,2,0.2728,23019.2732,0.13641117911610748,0.11764705882352941,0.0536
FE-01944,2008,Building,Prestressed Concrete,Rural Midwest,Mild,16,0.0234,Corrosion,Minor,1970449.0,79544.0,0.0404,Sensor alert,0,0,1,0,1,0.0404,3213.5776,0.040368464243428784,1.0,0.0234
FE-01945,2007,Pipeline,FRP Composite,Urban West,Mild,40,0.0375,Erosion,Moderate,3580667.0,588419.0,0.1643,Sensor alert,1,5,0,0,2,0.3286,96677.2417,0.16433223195566635,0.3333333333333333,0.075
FE-01946,2017,Bridge,Prestressed Concrete,Pacific Northwest,Mild,15,0.024,Fatigue crack,Moderate,654515.0,138981.0,0.2123,Routine inspection,0,0,0,0,2,0.4246,29505.666299999997,0.21234196313300688,2.0,0.048
FE-01947,2014,Bridge,Prestressed Concrete,Rural Mountain,Mild,45,0.0222,Corrosion,Moderate,8751549.0,1900175.0,0.2171,Sensor alert,0,0,1,0,2,0.4342,412527.9925,0.21712441991697698,2.0,0.0444
FE-01948,2014,Pipeline,Steel (A36),Rural Midwest,Mild,32,0.0319,Erosion,Major,1697852.0,1056194.0,0.6221,Routine inspection,1,9,1,0,3,1.8662999999999998,657058.2874,0.6220766003161642,0.3,0.0957
FE-01949,2006,Bridge,Reinforced Concrete,Desert Southwest,Mild,44,0.0255,Brittle fracture,Moderate,1993102.0,240943.0,0.1209,Routine inspection,0,0,1,0,2,0.2418,29130.0087,0.12088844424419824,2.0,0.051
FE-01950,2021,Building,Steel (A36),Rural South,Mild,34,0.0447,Corrosion,Catastrophic,380943.0,295768.0,0.7764,Sensor alert,0,0,1,0,4,3.1056,229634.2752,0.7764101190991828,4.0,0.1788
FE-01951,2005,Bridge,Steel (A36),Urban Northeast,Moderate,49,0.0435,Erosion,Moderate,1479589.0,298292.0,0.2016,Emergency,0,0,1,0,2,0.4032,60135.6672,0.20160463480061017,2.0,0.087
FE-01952,2019,Building,Reinforced Concrete,Urban Midwest,Moderate,37,0.0677,Fatigue crack,Major,473749.0,146318.0,0.3089,Sensor alert,0,0,0,0,3,0.9267000000000001,45197.6302,0.3088513115594967,3.0,0.2031
FE-01953,2008,Bridge,Stainless Steel 316L,Coastal Carolina,Severe,26,0.0077,Corrosion,Minor,864053.0,30896.0,0.0358,Routine inspection,0,0,1,0,1,0.0358,1106.0768,0.035757065828137855,1.0,0.0077
FE-01954,2020,Bridge,Cast Iron,Coastal California,Moderate,28,0.0774,Overload,Moderate,3656917.0,1059590.0,0.2897,Routine inspection,1,21,1,0,2,0.5794,306963.223,0.2897495349224497,0.09090909090909091,0.1548
FE-01955,2019,Bridge,Timber,Desert Southwest,Mild,39,0.0281,Creep,Catastrophic,987733.0,750227.0,0.7595,Sensor alert,1,19,1,1,4,3.038,569797.4064999999,0.7595443302997875,0.2,0.1124
FE-01956,2008,Bridge,Prestressed Concrete,Coastal California,Moderate,19,0.0787,Brittle fracture,Moderate,676515.0,100635.0,0.1488,Sensor alert,1,1,0,0,2,0.2976,14974.488,0.14875501651848075,1.0,0.1574
FE-01957,2008,Bridge,Timber,Coastal California,Moderate,51,0.0744,Fatigue crack,Moderate,880538.0,263071.0,0.2988,Routine inspection,1,17,1,0,2,0.5976,78605.6148,0.2987616661631866,0.1111111111111111,0.1488
FE-01958,2017,Power Plant,Steel (A36),Rural South,Mild,50,0.0584,Fatigue crack,Catastrophic,302607.0,258616.0,0.8546,Sensor alert,1,7,0,0,4,3.4184,221013.2336,0.8546266279365646,0.5,0.2336
FE-01959,2019,Building,Reinforced Concrete,Coastal California,Moderate,75,0.0895,Fatigue crack,Major,580771.0,398907.0,0.6869,Routine inspection,1,2,1,1,3,2.0606999999999998,274009.2183,0.6868576426853269,1.0,0.26849999999999996
FE-01960,2008,Pipeline,Reinforced Concrete,Coastal California,Moderate,48,0.1004,Fatigue crack,Major,931071.0,382835.0,0.4112,Sensor alert,1,33,1,0,3,1.2336,157421.752,0.41117702087166286,0.08823529411764706,0.3012
FE-01961,2009,Bridge,FRP Composite,Coastal California,Moderate,72,0.0656,Brittle fracture,Major,3351959.0,1219504.0,0.3638,Emergency,0,0,1,0,3,1.0914000000000001,443655.5552,0.3638182925268477,3.0,0.19680000000000003
FE-01962,2015,Bridge,Steel (A588 Weathering),Rural Mountain,Mild,33,0.0091,Brittle fracture,Minor,588616.0,19483.0,0.0331,Routine inspection,0,0,1,0,1,0.0331,644.8873,0.03309967788847058,1.0,0.0091
FE-01963,2022,Bridge,Reinforced Concrete,Desert Southwest,Mild,41,0.0144,Buckling,Moderate,1565475.0,241561.0,0.1543,Public report,0,0,0,0,2,0.3086,37272.8623,0.15430524281767516,2.0,0.0288
FE-01964,2017,Building,Steel (A36),Rural South,Mild,23,0.0465,Brittle fracture,Major,251288.0,84715.0,0.3371,Routine inspection,0,0,0,0,3,1.0113,28557.4265,0.3371231415746076,3.0,0.1395
FE-01965,2021,Bridge,Prestressed Concrete,Urban Northeast,Moderate,48,0.0502,Overload,Minor,707685.0,18005.0,0.0254,Routine inspection,0,0,1,0,1,0.0254,457.327,0.025442110543532785,1.0,0.0502
FE-01966,2014,Pipeline,Steel (A36),Urban Midwest,Moderate,36,0.0534,Overload,Minor,2035054.0,151043.0,0.0742,Sensor alert,0,0,0,0,1,0.0742,11207.3906,0.07422063493155465,1.0,0.0534
FE-01967,2009,Bridge,Steel (A588 Weathering),Pacific Northwest,Mild,40,0.0229,Overload,Moderate,204737.0,40448.0,0.1976,Emergency,0,0,1,0,2,0.3952,7992.5248,0.19756077308937808,2.0,0.0458
FE-01968,2014,Bridge,Reinforced Concrete,Coastal California,Moderate,36,0.0543,Fatigue crack,Moderate,1448990.0,224698.0,0.1551,Sensor alert,0,0,1,0,2,0.3102,34850.659799999994,0.15507215370706492,2.0,0.1086
FE-01969,2012,Bridge,Prestressed Concrete,Rural Midwest,Mild,50,0.0359,Fatigue crack,Major,3284735.0,1854777.0,0.5647,Routine inspection,0,0,0,1,3,1.6941,1047392.5719,0.5646656427383031,3.0,0.1077
FE-01970,2011,Bridge,Prestressed Concrete,Desert Southwest,Mild,69,0.0173,Buckling,Minor,459934.0,19167.0,0.0417,Emergency,1,0,1,0,1,0.0417,799.2639,0.04167337052707562,1.0,0.0173
FE-01971,2009,Bridge,Composite Steel-Concrete,Coastal Florida,Severe,27,0.138,Corrosion,Minor,324789.0,19922.0,0.0613,Routine inspection,1,13,1,0,1,0.0613,1221.2186,0.061338284239921916,0.07142857142857142,0.138
FE-01972,2005,Pipeline,Steel (A36),Urban Midwest,Moderate,31,0.052,Fatigue crack,Minor,797800.0,57663.0,0.0723,Routine inspection,1,18,1,0,1,0.0723,4169.034900000001,0.07227751316119328,0.05263157894736842,0.052
FE-01973,2022,Building,Cast Iron,Coastal Texas,Severe,47,0.0475,Corrosion,Minor,3180687.0,221536.0,0.0697,Sensor alert,0,0,0,0,1,0.0697,15441.0592,0.06965036169858901,1.0,0.0475
FE-01974,2019,Building,Steel (A36),Urban West,Mild,78,0.0505,Fatigue crack,Moderate,21543059.0,3087994.0,0.1433,Emergency,1,0,0,0,2,0.2866,442509.54020000005,0.1433405534469362,2.0,0.101
FE-01975,2007,Building,FRP Composite,Rural Midwest,Mild,62,0.0349,Erosion,Moderate,1053876.0,117545.0,0.1115,Public report,1,0,1,0,2,0.223,13106.2675,0.11153589226816057,2.0,0.0698
FE-01976,2021,Bridge,Steel (A514 HY),Industrial Michigan,Moderate,47,0.0843,Buckling,Minor,1333447.0,44892.0,0.0337,Load test,0,0,1,0,1,0.0337,1512.8604,0.0336661299624207,1.0,0.0843
FE-01977,2005,Bridge,Stainless Steel 316L,Desert Southwest,Mild,55,0.0019,Fatigue crack,Moderate,424031.0,72713.0,0.1715,Routine inspection,0,0,0,0,2,0.343,12470.2795,0.17148038704717344,2.0,0.0038
FE-01978,2016,Power Plant,Prestressed Concrete,Coastal Texas,Severe,38,0.1043,Brittle fracture,Moderate,1397893.0,361520.0,0.2586,Public report,0,0,1,0,2,0.5172,93489.072,0.2586177912043339,2.0,0.2086
FE-01979,2021,Building,Reinforced Concrete,Desert Southwest,Mild,52,0.0244,Corrosion,Moderate,367556.0,49584.0,0.1349,Routine inspection,1,0,1,0,2,0.2698,6688.8816,0.1349018925007346,2.0,0.0488
FE-01980,2021,Power Plant,Prestressed Concrete,Coastal Florida,Severe,53,0.1381,Fatigue crack,Minor,4842721.0,319023.0,0.0659,Routine inspection,0,0,1,0,1,0.0659,21023.6157,0.06587680768724856,1.0,0.1381
FE-01981,2007,Bridge,Prestressed Concrete,Pacific Northwest,Mild,67,0.0312,Fatigue crack,Major,1063869.0,660222.0,0.6206,Routine inspection,0,0,1,1,3,1.8618000000000001,409733.77320000005,0.6205858052072201,3.0,0.09359999999999999
FE-01982,2009,Power Plant,Reinforced Concrete,Urban Midwest,Moderate,55,0.0446,Fatigue crack,Minor,1646719.0,69623.0,0.0423,Emergency,0,0,0,0,1,0.0423,2945.0528999999997,0.04227983037786046,1.0,0.0446
FE-01983,2016,Power Plant,Steel (A36),Industrial Ohio,Moderate,53,0.0468,Erosion,Minor,419870.0,18299.0,0.0436,Emergency,0,0,1,0,1,0.0436,797.8364,0.0435825374520685,1.0,0.0468
FE-01984,2011,Bridge,Steel (A36),Rural Mountain,Mild,34,0.0231,Fatigue crack,Minor,3043343.0,201974.0,0.0664,Emergency,0,0,0,0,1,0.0664,13411.0736,0.06636583520161875,1.0,0.0231
FE-01985,2017,Bridge,Steel (A36),Urban Northeast,Moderate,60,0.074,Buckling,Moderate,736092.0,210420.0,0.2859,Sensor alert,0,0,1,0,2,0.5718,60159.077999999994,0.2858610065046217,2.0,0.148
FE-01986,2008,Bridge,Reinforced Concrete,Urban Northeast,Moderate,49,0.0427,Corrosion,Minor,4999160.0,166345.0,0.0333,Public report,0,0,0,0,1,0.0333,5539.288500000001,0.033274590131142034,1.0,0.0427
FE-01987,2014,Bridge,Steel (A36),Rural Midwest,Mild,42,0.0272,Fatigue crack,Moderate,379695.0,87456.0,0.2303,Routine inspection,1,46,1,0,2,0.4606,20141.1168,0.23033224035080788,0.0425531914893617,0.0544
FE-01988,2023,Bridge,Steel (A588 Weathering),Rural South,Mild,59,0.0118,Corrosion,Minor,2177187.0,80299.0,0.0369,Emergency,0,0,1,0,1,0.0369,2963.0331,0.03688199497792335,1.0,0.0118
FE-01989,2018,Bridge,Steel (A588 Weathering),Pacific Northwest,Mild,57,0.012,Fatigue crack,Moderate,730168.0,203642.0,0.2789,Sensor alert,0,0,0,0,2,0.5578,56795.7538,0.27889745921486564,2.0,0.024
FE-01990,2007,Bridge,Prestressed Concrete,Urban West,Mild,21,0.0386,Corrosion,Moderate,2021530.0,538854.0,0.2666,Routine inspection,0,0,1,0,2,0.5332,143658.4764,0.2665575084218389,2.0,0.0772
FE-01991,2005,Building,Steel (A36),Urban West,Mild,30,0.0262,Overload,Major,4873166.0,2925904.0,0.6004,Sensor alert,0,0,0,0,3,1.8012000000000001,1756712.7616,0.600411313712687,3.0,0.0786
FE-01992,2023,Pipeline,Reinforced Concrete,Urban West,Mild,44,0.0517,Settlement,Minor,459156.0,13988.0,0.0305,Emergency,0,0,1,0,1,0.0305,426.634,0.030464591554939933,1.0,0.0517
FE-01993,2015,Bridge,Reinforced Concrete,Coastal Texas,Severe,27,0.1133,Creep,Moderate,1603385.0,209780.0,0.1308,Routine inspection,0,0,1,0,2,0.2616,27439.224,0.13083570072066283,2.0,0.2266
FE-01994,2017,Pipeline,Reinforced Concrete,Coastal California,Moderate,84,0.0814,Overload,Moderate,239950.0,63256.0,0.2636,Routine inspection,1,9,0,0,2,0.5272,16674.2816,0.2636215878307981,0.2,0.1628
FE-01995,2006,Bridge,Reinforced Concrete,Coastal California,Moderate,51,0.0995,Fatigue crack,Major,624612.0,333697.0,0.5342,Routine inspection,0,0,1,0,3,1.6026,178260.9374,0.5342468604509679,3.0,0.2985
FE-01996,2016,Power Plant,Steel (A588 Weathering),Pacific Northwest,Mild,61,0.0166,Brittle fracture,Catastrophic,3593318.0,4044094.0,1.1254,Emergency,0,0,0,1,4,4.5016,4551223.3876,1.1254484017278739,4.0,0.0664
FE-01997,2006,Bridge,Steel (A36),Pacific Northwest,Mild,48,0.0313,Erosion,Moderate,1349781.0,253873.0,0.1881,Sensor alert,0,0,1,0,2,0.3762,47753.5113,0.18808458557351154,2.0,0.0626
FE-01998,2014,Pipeline,Reinforced Concrete,Coastal Texas,Severe,59,0.0527,Erosion,Minor,1364821.0,98813.0,0.0724,Sensor alert,0,0,1,0,1,0.0724,7154.061200000001,0.07239997039904866,1.0,0.0527
FE-01999,2012,Bridge,Composite Steel-Concrete,Urban Northeast,Moderate,69,0.0844,Brittle fracture,Major,752282.0,433530.0,0.5763,Public report,0,0,0,1,3,1.7289,249843.339,0.5762865521174241,3.0,0.2532
FE-02000,2016,Pipeline,FRP Composite,Rural South,Mild,39,0.0571,Overload,Minor,624233.0,27805.0,0.0445,Load test,0,0,0,0,1,0.0445,1237.3225,0.04454266275573383,1.0,0.0571
